   Compiling phase-engine v0.101.0 (/home/lgray/vibe-coding/dandan-run/wt-dandan/crates/engine)
    Finished `test` profile [unoptimized + debuginfo] target(s) in 2m 03s
────────────
 Nextest run ID 490a691c-9311-4e37-8e47-c799d9393886 with nextest profile: default
    Starting 5512 tests across 1 binary (17649 tests skipped)
        PASS [   0.034s] (   1/5512) phase-engine game::casting::castable_zone_authority_tests::the_hand_alt_cost_disjunct_admits_its_grantee_and_not_a_bystander
        PASS [   0.037s] (   2/5512) phase-engine game::casting::castable_zone_authority_tests::the_graveyard_alt_cost_disjunct_refuses_a_land_and_admits_a_non_land
        PASS [   0.041s] (   3/5512) phase-engine game::casting::candidate_plan_tests::the_lazy_order_enumeration_is_deterministic_and_complete
        PASS [   0.048s] (   4/5512) phase-engine game::casting::castable_zone_authority_tests::a_mayhem_card_is_castable_from_its_owners_graveyard_only_when_discarded_this_turn
        PASS [   0.054s] (   5/5512) phase-engine game::casting::castable_zone_authority_tests::the_commander_disjunct_needs_the_format_the_zone_and_the_commander_flag
        PASS [   0.054s] (   6/5512) phase-engine game::casting::candidate_plan_tests::the_announcement_product_is_bounded_as_it_is_built
        PASS [   0.056s] (   7/5512) phase-engine game::casting::castable_zone_authority_tests::cast_permissions_name_their_grantee_refuses_only_an_absent_grantee
        PASS [   0.064s] (   8/5512) phase-engine game::augment::dandan_read_sweep_tests::candidates_read_the_storage_authority
        PASS [   0.065s] (   9/5512) phase-engine game::casting::candidate_plan_tests::an_over_budget_product_degrades_the_order_axis_before_the_announcement_axis
        PASS [   0.037s] (  10/5512) phase-engine game::casting::castable_zone_authority_tests::the_owner_hand_disjunct_is_scoped_to_the_owner
        PASS [   0.079s] (  11/5512) phase-engine game::casting::castable_zone_authority_tests::a_bare_hidden_zone_card_is_castable_by_nobody
        PASS [   0.042s] (  12/5512) phase-engine game::casting::dandan_read_sweep_tests::non_owner_grants_in_a_per_seat_format_read_the_other_seats_graveyard
        PASS [   0.085s] (  13/5512) phase-engine game::casting::candidate_plan_tests::the_pure_ordering_ceiling_is_unchanged
        PASS [   0.054s] (  14/5512) phase-engine game::casting::castable_zone_authority_tests::the_top_of_library_disjunct_admits_one_card_under_a_live_static
        PASS [   0.092s] (  15/5512) phase-engine game::casting::candidate_plan_tests::an_unaffordable_announcement_product_is_capped_before_it_is_built
        PASS [   0.092s] (  16/5512) phase-engine game::casting::castable_zone_authority_tests::the_admission_gate_refuses_a_land_on_every_route
        PASS [   0.096s] (  17/5512) phase-engine game::casting::castable_zone_authority_tests::potential_alt_cost_authority_matches_graveyard_and_exile_admission
        PASS [   0.100s] (  18/5512) phase-engine game::casting::candidate_plan_tests::an_affordable_cast_enumerates_everything_exhaustively
        PASS [   0.059s] (  19/5512) phase-engine game::casting::dandan_read_sweep_tests::non_owner_grants_list_each_pile_card_once
        PASS [   0.120s] (  20/5512) phase-engine game::casting::candidate_plan_tests::no_input_can_plan_more_candidates_than_the_budget
        PASS [   0.071s] (  21/5512) phase-engine game::casting::dandan_read_sweep_tests::non_owner_graveyard_ids_dedup_the_shared_pile
        PASS [   0.076s] (  22/5512) phase-engine game::casting::sacrifice_cost_context_identity_tests::direct_combat_and_battle_relative_properties_keep_the_opponent_axis
        PASS [   0.057s] (  23/5512) phase-engine game::casting::sacrifice_cost_context_identity_tests::direct_helper_keeps_payer_when_token_source_ceases_to_exist
        PASS [   0.057s] (  24/5512) phase-engine game::casting::starting_life_board_state_tests::starting_life_pre_activation_check_requires_a_bound_player
        PASS [   0.054s] (  25/5512) phase-engine game::casting::tests::a_cast_awaiting_its_graveyard_slot_is_refused_before_announcement
        PASS [   0.080s] (  26/5512) phase-engine game::casting::sacrifice_cost_context_identity_tests::direct_counter_history_and_dynamic_threshold_follow_cost_payer
        PASS [   0.069s] (  27/5512) phase-engine game::casting::sacrifice_cost_context_identity_tests::direct_defending_player_reference_keeps_its_combat_authority
        PASS [   0.094s] (  28/5512) phase-engine game::casting::sacrifice_cost_context_identity_tests::direct_attachment_name_and_library_properties_use_payer_context
        PASS [   0.080s] (  29/5512) phase-engine game::casting::tests::a_free_grant_keeps_the_prototype_election_from_exile
        PASS [   0.078s] (  30/5512) phase-engine game::casting::tests::a_free_grant_still_casts_the_evoker_without_the_evoke_election
        PASS [   0.116s] (  31/5512) phase-engine game::casting::sacrifice_cost_context_identity_tests::direct_helper_preserves_explicit_player_and_ability_references
        PASS [   0.061s] (  32/5512) phase-engine game::casting::tests::a_free_static_ordered_first_does_not_hide_a_normal_cost_static
        PASS [   0.098s] (  33/5512) phase-engine game::casting::tests::a_companion_grant_lends_no_face_down_authority
        PASS [   0.122s] (  34/5512) phase-engine game::casting::sacrifice_cost_context_identity_tests::direct_helper_binds_payer_after_stolen_source_exits
        PASS [   0.061s] (  35/5512) phase-engine game::casting::tests::a_normal_cost_grant_keeps_the_evoke_election_from_exile
        PASS [   0.125s] (  36/5512) phase-engine game::casting::sacrifice_cost_context_identity_tests::direct_mana_leg_and_none_entries_pay_both_selected_costs
        PASS [   0.069s] (  37/5512) phase-engine game::casting::tests::ability_condition_currently_met_gates_on_board_relative_quantity
        PASS [   0.074s] (  38/5512) phase-engine game::casting::tests::a_resolution_offer_lends_no_zone_authority_to_an_evoke_election
        PASS [   0.187s] (  39/5512) phase-engine game::casting::pool_payability_tests::pool_funded_cast_does_not_activate_available_impure_mana_source
        PASS [   0.133s] (  40/5512) phase-engine game::casting::tests::a_normal_cost_cast_grant_lets_disguise_cast_face_down
        PASS [   0.125s] (  41/5512) phase-engine game::casting::tests::accepted_paid_offer_retains_then_fires_delayed_tail_receipt
        PASS [   0.081s] (  42/5512) phase-engine game::casting::tests::activated_discard_cost_prompts_and_resumes_activation
        PASS [   0.089s] (  43/5512) phase-engine game::casting::tests::activated_ability_cost_reduction_applies_to_matching_permanent_type
        PASS [   0.090s] (  44/5512) phase-engine game::casting::tests::activated_ability_cost_reduction_mana_exemption_skips_mana_abilities
        PASS [   0.143s] (  45/5512) phase-engine game::casting::tests::a_normal_cost_play_grant_with_companion_lets_disguise_cast_face_down
        PASS [   0.091s] (  46/5512) phase-engine game::casting::tests::activated_ability_cost_reduction_you_activate_keys_off_activator_not_source_controller
        PASS [   0.048s] (  47/5512) phase-engine game::casting::tests::activation_cost_snapshot_round_trips_every_target_settlement_value
        PASS [   0.090s] (  48/5512) phase-engine game::casting::tests::activated_modal_with_no_legal_target_modes_rejects_activation
        PASS [   0.116s] (  49/5512) phase-engine game::casting::tests::activated_modal_mode_choice_offers_cancel_in_legal_actions
        PASS [   0.119s] (  50/5512) phase-engine game::casting::tests::activated_ability_with_target_defers_cost_until_target_selection
        PASS [   0.039s] (  51/5512) phase-engine game::casting::tests::activation_fold_applies_raises_before_reductions
        PASS [   0.107s] (  52/5512) phase-engine game::casting::tests::activated_modal_x_target_selection_carries_labels_and_pays_mana
        PASS [   0.139s] (  53/5512) phase-engine game::casting::tests::activated_ability_cost_reduction_respects_minimum_mana_floor
        PASS [   0.120s] (  54/5512) phase-engine game::casting::tests::activated_sacrifice_cost_selects_effect_target_before_payment
        PASS [   0.064s] (  55/5512) phase-engine game::casting::tests::activation_fold_default_order_is_the_minimum_over_every_order
        PASS [   0.080s] (  56/5512) phase-engine game::casting::tests::activation_discard_replacement_resumes_and_pays_remaining_composite_cost
        PASS [   0.087s] (  57/5512) phase-engine game::casting::tests::activation_restriction_only_once_each_turn_is_enforced
        PASS [   0.111s] (  58/5512) phase-engine game::casting::tests::activation_cost_visitor_finds_a_non_empty_witness_and_stops_at_its_budget
        PASS [   0.086s] (  59/5512) phase-engine game::casting::tests::activation_restriction_only_once_each_turn_resets_after_source_reenters
        PASS [   0.061s] (  60/5512) phase-engine game::casting::tests::activation_totals_survive_saturated_reduction_amounts
        PASS [   0.067s] (  61/5512) phase-engine game::casting::tests::adventure_cast_choice_from_hand
        PASS [   0.111s] (  62/5512) phase-engine game::casting::tests::activation_pin_uses_activation_context
        PASS [   0.088s] (  63/5512) phase-engine game::casting::tests::activation_restriction_only_once_resets_after_source_reenters
        PASS [   0.083s] (  64/5512) phase-engine game::casting::tests::adventure_cast_choice_when_only_adventure_affordable
        PASS [   0.139s] (  65/5512) phase-engine game::casting::tests::activation_mana_payment_auto_taps_activation_only_source
        PASS [   0.110s] (  66/5512) phase-engine game::casting::tests::activation_totals_route_on_the_computed_effective_floor
        PASS [   0.095s] (  67/5512) phase-engine game::casting::tests::adventure_countered_to_graveyard
        PASS [   0.085s] (  68/5512) phase-engine game::casting::tests::adventure_exile_on_resolve
        PASS [   0.108s] (  69/5512) phase-engine game::casting::tests::adventure_cast_creature_from_exile
        PASS [   0.093s] (  70/5512) phase-engine game::casting::tests::affinity_for_daleks_reduces_dalek_emperor_generic_cost
        PASS [   0.104s] (  71/5512) phase-engine game::casting::tests::affinity_for_creatures_on_commander_in_command_zone_reduces_generic
        PASS [   0.126s] (  72/5512) phase-engine game::casting::tests::agatha_dynamic_power_reduces_controlled_creature_ability_cost
        PASS [   0.075s] (  73/5512) phase-engine game::casting::tests::alt_cost_reduction_509::emerge_affordability_includes_post_reduction_cost_floor
        PASS [   0.129s] (  74/5512) phase-engine game::casting::tests::ai_escape_cast_from_graveyard_pays_mana_and_exiles_five_cards
        PASS [   0.031s] (  75/5512) phase-engine game::casting::tests::alt_cost_reduction_509::emerge_prompts_when_printed_and_emerge_costs_are_both_affordable
        PASS [   0.164s] (  76/5512) phase-engine game::casting::tests::aggregate_tap_cost_does_not_clobber_chosen_x::aggregate_teamwork_payment_preserves_x_of_three
        PASS [   0.175s] (  77/5512) phase-engine game::casting::tests::agatha_reduced_creature_ability_activates_via_production_path
        PASS [   0.516s] (  78/5512) phase-engine game::casting::half_life_activation_verdict_tests::block_reason_requires_a_legal_target_before_reporting_unpayable_half_life
        PASS [   0.060s] (  79/5512) phase-engine game::casting::tests::alt_cost_reduction_509::emerge_only_affordable_after_sacrifice_reduction_casts_and_sacrifices_creature
        PASS [   0.095s] (  80/5512) phase-engine game::casting::tests::alt_cost_reduction_509::emerge_mana_value_reduction_preserves_colored_pips
        PASS [   0.046s] (  81/5512) phase-engine game::casting::tests::alt_cost_reduction_509::evoke_auto_skips_to_alternative_when_only_reduced_evoke_affordable
        PASS [   0.043s] (  82/5512) phase-engine game::casting::tests::alt_cost_reduction_509::evoke_non_mana_cost_suppressed_when_unpayable
        PASS [   0.119s] (  83/5512) phase-engine game::casting::tests::alt_cost_reduction_509::emerge_not_castable_without_sacrificeable_creature
        PASS [   0.048s] (  84/5512) phase-engine game::casting::tests::alt_cost_reduction_509::evoke_non_mana_cost_surfaces_alt_cast_choice_with_typed_exile
        PASS [   0.178s] (  85/5512) phase-engine game::casting::tests::alt_cost_reduction_509::emerge_from_artifact_casts_after_sacrificing_an_artifact
        PASS [   0.069s] (  86/5512) phase-engine game::casting::tests::alt_cost_reduction_509::evoke_offers_choice_when_reduced_printed_cost_affordable
        PASS [   0.082s] (  87/5512) phase-engine game::casting::tests::alt_cost_reduction_509::gate_offers_choice_when_both_affordable
        PASS [   0.055s] (  88/5512) phase-engine game::casting::tests::alt_cost_reduction_509::gate_rejects_when_neither_affordable
        PASS [   0.085s] (  89/5512) phase-engine game::casting::tests::alt_cost_reduction_509::gate_offers_evoke_when_only_evoke_affordable
        PASS [   0.051s] (  90/5512) phase-engine game::casting::tests::alt_cost_reduction_509::warp_auto_skips_to_normal_when_only_printed_affordable
        PASS [   0.125s] (  91/5512) phase-engine game::casting::tests::alt_cost_reduction_509::emerge_reduction_applies_cost_floor_before_payment
        PASS [   0.386s] (  92/5512) phase-engine game::casting::tests::activation_reachable_totals_match_every_permutation
        PASS [   0.061s] (  93/5512) phase-engine game::casting::tests::alt_cost_reduction_509::warp_displayed_alternative_cost_reflects_reduction
        PASS [   0.062s] (  94/5512) phase-engine game::casting::tests::alt_cost_reduction_509::warp_offers_choice_when_reduced_printed_cost_affordable
        PASS [   0.104s] (  95/5512) phase-engine game::casting::tests::alt_cost_reduction_509::gate_offers_non_mana_evoke_when_only_evoke_affordable
        PASS [   0.102s] (  96/5512) phase-engine game::casting::tests::alt_cost_reduction_509::granted_emerge_self_mana_cost_resolves_to_spell_mana_cost_and_is_paid
        PASS [   0.046s] (  97/5512) phase-engine game::casting::tests::an_alternative_grant_lends_no_zone_authority_to_a_bestow_election
        PASS [   0.050s] (  98/5512) phase-engine game::casting::tests::an_alternative_grant_lends_no_zone_authority_to_an_evoke_election
        PASS [   0.059s] (  99/5512) phase-engine game::casting::tests::an_activation_journal_row_round_trips
        PASS [   0.067s] ( 100/5512) phase-engine game::casting::tests::alt_cost_reduction_509::warp_prompt_costs_unchanged_without_modifiers
        PASS [   0.066s] ( 101/5512) phase-engine game::casting::tests::an_additional_rider_static_still_authorizes_disguise
        PASS [   0.035s] ( 102/5512) phase-engine game::casting::tests::an_open_lock_round_trips_its_point
        PASS [   0.074s] ( 103/5512) phase-engine game::casting::tests::an_alternative_rider_static_cannot_authorize_disguise
        PASS [   0.055s] ( 104/5512) phase-engine game::casting::tests::an_elected_object_grant_does_not_inherit_valgavoths_alternative_cost
        PASS [   0.068s] ( 105/5512) phase-engine game::casting::tests::an_elected_object_grant_does_not_inherit_an_overlapping_static_extra_cost
        PASS [   0.364s] ( 106/5512) phase-engine game::casting::tests::aggregate_tap_cost_does_not_clobber_chosen_x::aggregate_teamwork_payment_preserves_x_of_two
        PASS [   0.324s] ( 107/5512) phase-engine game::casting::tests::alt_cost_reduction_509::crabomination_real_oracle_prompt_describes_artifact_sacrifice
        PASS [   0.064s] ( 108/5512) phase-engine game::casting::tests::an_unelected_energy_permission_does_not_zero_an_evoke_election
        PASS [   0.064s] ( 109/5512) phase-engine game::casting::tests::angelic_arbiter_cast_lock_only_after_opponent_attacks
        PASS [   0.095s] ( 110/5512) phase-engine game::casting::tests::an_earlier_alternative_rider_source_never_pays_for_the_face_down_cast
        PASS [   0.357s] ( 111/5512) phase-engine game::casting::tests::alt_cost_reduction_509::crabomination_real_oracle_casts_by_sacrificing_only_an_artifact
        PASS [   0.076s] ( 112/5512) phase-engine game::casting::tests::animate_dead_aura_spell_resolves_and_attaches_to_graveyard_creature
        PASS [   0.060s] ( 113/5512) phase-engine game::casting::tests::animate_dead_enchant_filter_enumerates_graveyard_targets
        PASS [   0.043s] ( 114/5512) phase-engine game::casting::tests::any_player_attacked_you_last_turn_legacy_tag_round_trips
        PASS [   0.045s] ( 115/5512) phase-engine game::casting::tests::ashling_granted_evoke_offered_and_installs_etb_sac
        PASS [   0.074s] ( 116/5512) phase-engine game::casting::tests::announcing_opponent_auto_cast_remains_offered_and_reaches_announcer_choice
        PASS [   0.078s] ( 117/5512) phase-engine game::casting::tests::ashling_granted_evoke_full_cast_resolves_to_sacrifice
        PASS [   0.052s] ( 118/5512) phase-engine game::casting::tests::assist_no_offer_without_generic_component
        PASS [   0.079s] ( 119/5512) phase-engine game::casting::tests::assist_commit_rejects_over_max_generic
        PASS [   0.070s] ( 120/5512) phase-engine game::casting::tests::assist_decline_proceeds_to_normal_payment
        PASS [   0.092s] ( 121/5512) phase-engine game::casting::tests::assist_cancel_after_commit_is_allowed_before_helper_payment_starts
        PASS [   0.057s] ( 122/5512) phase-engine game::casting::tests::assist_no_offer_without_other_players
        PASS [   0.159s] ( 123/5512) phase-engine game::casting::tests::animate_dead_delayed_sacrifice_follows_new_controller
        PASS [   0.090s] ( 124/5512) phase-engine game::casting::tests::assist_contribution_spends_helper_mana
        PASS [   0.164s] ( 125/5512) phase-engine game::casting::tests::animate_dead_delayed_sacrifice_when_aura_leaves
        PASS [   0.043s] ( 126/5512) phase-engine game::casting::tests::assist_offers_player_choice_with_generic_cost
        PASS [   0.055s] ( 127/5512) phase-engine game::casting::tests::assist_offer_excludes_a_phased_out_helper_and_still_offers_the_rest
        PASS [   0.053s] ( 128/5512) phase-engine game::casting::tests::attacked_player_scope_anchors_to_the_declared_attack_target
        PASS [   0.048s] ( 129/5512) phase-engine game::casting::tests::attacked_player_scope_falls_back_to_the_latched_attacker_record
        PASS [   0.170s] ( 130/5512) phase-engine game::casting::tests::animate_dead_keyword_swap_survives_cleanup_step
        PASS [   0.062s] ( 131/5512) phase-engine game::casting::tests::attacked_player_scope_excludes_the_controller
        PASS [   0.055s] ( 132/5512) phase-engine game::casting::tests::attacked_player_scope_is_kind_preserving_on_the_bound_anchor
        PASS [   0.186s] ( 133/5512) phase-engine game::casting::tests::animate_dead_full_pipeline_reanimates_and_reattaches
        PASS [   0.045s] ( 134/5512) phase-engine game::casting::tests::aura_with_enchant_you_control_rejects_opponent_creatures
        PASS [   0.063s] ( 135/5512) phase-engine game::casting::tests::aura_targeting_respects_hexproof
        PASS [   0.082s] ( 136/5512) phase-engine game::casting::tests::assist_only_affordability_remains_offered_through_choose_player_and_payment
        PASS [   0.058s] ( 137/5512) phase-engine game::casting::tests::aura_with_enchant_you_control_accepts_own_creature
        PASS [   0.189s] ( 138/5512) phase-engine game::casting::tests::animate_dead_grant_survives_cleanup_then_ordinary_removal_still_sacrifices
        PASS [   0.067s] ( 139/5512) phase-engine game::casting::tests::attacked_you_last_turn_condition_is_existential_over_players
        PASS [   0.057s] ( 140/5512) phase-engine game::casting::tests::aura_with_multiple_targets_returns_target_selection
        PASS [   0.063s] ( 141/5512) phase-engine game::casting::tests::aura_with_single_target_auto_targets
        PASS [   0.072s] ( 142/5512) phase-engine game::casting::tests::aura_with_no_legal_targets_fails
        PASS [   0.060s] ( 143/5512) phase-engine game::casting::tests::auto_tap_prefers_safe_land_over_controller_harming_source
        PASS [   0.064s] ( 144/5512) phase-engine game::casting::tests::azula_exile_static_grants_any_type_mana_spend
        PASS [   0.081s] ( 145/5512) phase-engine game::casting::tests::auto_tap_prefers_rock_over_creature_dork
        PASS [   0.072s] ( 146/5512) phase-engine game::casting::tests::bare_non_self_discard_activation_does_not_double_prompt
        PASS [   0.078s] ( 147/5512) phase-engine game::casting::tests::auto_tap_uses_colorless_row_for_generic_preserving_dual
        PASS [   0.085s] ( 148/5512) phase-engine game::casting::tests::auto_tap_uses_brushland_and_loses_life_when_it_is_only_colored_source
        PASS [   0.079s] ( 149/5512) phase-engine game::casting::tests::auto_tap_uses_layer_derived_basic_land_type
        PASS [   0.092s] ( 150/5512) phase-engine game::casting::tests::auto_tap_blocks_conditional_land_secondary_color_without_requirement
        PASS [   0.080s] ( 151/5512) phase-engine game::casting::tests::avenge_cost_reduction_gated_on_attacked_you_last_turn
        PASS [   0.053s] ( 152/5512) phase-engine game::casting::tests::bare_subtype_land_cant_tap_excluded_from_legal_mana_actions
        PASS [   0.096s] ( 153/5512) phase-engine game::casting::tests::azula_exile_static_grants_flash_timing
        PASS [   0.110s] ( 154/5512) phase-engine game::casting::tests::auto_tap_respects_conditional_land_secondary_color
        PASS [   0.058s] ( 155/5512) phase-engine game::casting::tests::bare_subtype_land_phased_out_excluded_from_legal_mana_actions
        PASS [   0.061s] ( 156/5512) phase-engine game::casting::tests::bare_subtype_land_detained_excluded_from_legal_mana_actions
        PASS [   0.049s] ( 157/5512) phase-engine game::casting::tests::bare_subtype_land_still_offers_mana_without_a_prohibition
        PASS [   0.048s] ( 158/5512) phase-engine game::casting::tests::bestow_apply_form_is_idempotent
        PASS [   0.067s] ( 159/5512) phase-engine game::casting::tests::battle_screech_flashback_partial_payment::battle_screech_flashback_rejects_duplicate_creature
        PASS [   0.064s] ( 160/5512) phase-engine game::casting::tests::bestow_apply_form_turns_creature_into_aura_with_enchant_creature
        PASS [   0.067s] ( 161/5512) phase-engine game::casting::tests::battlefield_cost_increase_applies_before_reduction_floor
        PASS [   0.671s] ( 162/5512) phase-engine game::casting::tests::alt_cost_reduction_509::adipose_offspring_emerge_creates_sacrificed_toughness_tokens
        PASS [   0.088s] ( 163/5512) phase-engine game::casting::tests::battle_screech_flashback_partial_payment::battle_screech_flashback_accepts_three_of_three
        PASS [   0.081s] ( 164/5512) phase-engine game::casting::tests::battle_screech_flashback_partial_payment::battle_screech_flashback_rejects_two_of_three
        PASS [   0.056s] ( 165/5512) phase-engine game::casting::tests::bestow_cost_choice_is_offered_when_both_costs_affordable_and_target_exists
        PASS [   0.052s] ( 166/5512) phase-engine game::casting::tests::bestow_cost_choice_legal_actions_includes_both_paths
        PASS [   0.090s] ( 167/5512) phase-engine game::casting::tests::battle_screech_flashback_partial_payment::battle_screech_flashback_rejects_empty_selection
        PASS [   0.067s] ( 168/5512) phase-engine game::casting::tests::bestow_aura_leaving_battlefield_via_zone_change_reverts_form
        PASS [   0.067s] ( 169/5512) phase-engine game::casting::tests::bestow_aura_unattach_reverts_in_place_on_battlefield
        PASS [   0.073s] ( 170/5512) phase-engine game::casting::tests::bestow_aura_static_buff_applies_to_enchanted_creature
        PASS [   0.075s] ( 171/5512) phase-engine game::casting::tests::bestow_choice_is_not_offered_when_no_legal_target
        PASS [   0.042s] ( 172/5512) phase-engine game::casting::tests::bestow_illegal_target_at_resolution_reverts_to_creature
        PASS [   0.057s] ( 173/5512) phase-engine game::casting::tests::bestow_form_persists_through_real_cast_to_stack
        PASS [   0.068s] ( 174/5512) phase-engine game::casting::tests::bestow_legal_target_resolves_attached_as_aura
        PASS [   0.081s] ( 175/5512) phase-engine game::casting::tests::bestow_revert_restores_creature_form
        PASS [   0.064s] ( 176/5512) phase-engine game::casting::tests::bounded_object_exile_land_permissions_share_the_exile_play_ledger
        PASS [   0.066s] ( 177/5512) phase-engine game::casting::tests::boom_scholar_reduces_other_permanents_exhaust_ability_cost
        PASS [   0.076s] ( 178/5512) phase-engine game::casting::tests::bomat_courier_activates_empty_handed_casting_path
        PASS [   0.087s] ( 179/5512) phase-engine game::casting::tests::bounded_static_exile_land_play_records_exile_cast_before_delivery_tail_choice
        PASS [   0.098s] ( 180/5512) phase-engine game::casting::tests::bounded_static_exile_land_play_locks_the_linked_spell_permission
        PASS [   0.117s] ( 181/5512) phase-engine game::casting::tests::blitz_creature_offers_blitz_variant
        PASS [   0.111s] ( 182/5512) phase-engine game::casting::tests::blitz_full_cast_installs_riders_on_resolution
        PASS [   0.084s] ( 183/5512) phase-engine game::casting::tests::can_cast_object_now_checks_targets_across_all_non_modal_spell_abilities
        PASS [   0.088s] ( 184/5512) phase-engine game::casting::tests::build_spell_meta_for_foretold_card_is_not_face_down
        PASS [   0.103s] ( 185/5512) phase-engine game::casting::tests::bounded_static_exile_land_play_records_exile_cast_in_post_replacement_drain
        PASS [   0.072s] ( 186/5512) phase-engine game::casting::tests::can_cast_object_now_rejects_target_dependent_flash_with_no_condition_target
        PASS [   0.062s] ( 187/5512) phase-engine game::casting::tests::can_pay_sacrifice_cost_with_eligible
        PASS [   0.066s] ( 188/5512) phase-engine game::casting::tests::can_cast_phyrexian_cost_spell_when_life_covers_phyrexian_shard
        PASS [   0.072s] ( 189/5512) phase-engine game::casting::tests::cancel_cast_after_convoke_removes_payment_marker_and_untaps_creature
        PASS [   0.072s] ( 190/5512) phase-engine game::casting::tests::cancel_cast_during_target_selection_returns_to_priority
        PASS [   0.064s] ( 191/5512) phase-engine game::casting::tests::cancel_triggered_modal_ability_is_rejected
        PASS [   0.071s] ( 192/5512) phase-engine game::casting::tests::cancel_clears_pins
        PASS [   0.071s] ( 193/5512) phase-engine game::casting::tests::cancel_targeted_activated_ability_does_not_untap_source
        PASS [   0.867s] ( 194/5512) phase-engine game::casting::tests::alt_cost_reduction_509::adipose_offspring_hard_cast_creates_single_token
        PASS [   0.078s] ( 195/5512) phase-engine game::casting::tests::cancel_modal_returns_to_priority
        PASS [   0.056s] ( 196/5512) phase-engine game::casting::tests::cant_activate_abilities_bool_and_sources_drivers_agree
        PASS [   0.086s] ( 197/5512) phase-engine game::casting::tests::cancel_cast_uses_stamped_convoked_creatures_when_pending_snapshot_is_empty
        PASS [   0.086s] ( 198/5512) phase-engine game::casting::tests::cancel_cast_from_mana_payment_pops_stack_entry
        PASS [   0.121s] ( 199/5512) phase-engine game::casting::tests::cancel_activated_modal_ability_rolls_back_to_priority
        PASS [   0.053s] ( 200/5512) phase-engine game::casting::tests::cant_activate_during_bool_and_sources_drivers_agree
        PASS [   0.081s] ( 201/5512) phase-engine game::casting::tests::cancelling_an_accepted_paid_offer_withdraws_its_tail_receipt
        PASS [   0.087s] ( 202/5512) phase-engine game::casting::tests::cannot_pay_sacrifice_cost_no_eligible
        PASS [   0.059s] ( 203/5512) phase-engine game::casting::tests::cant_activate_during_city_of_solitude_per_affected_player_matrix
        PASS [   0.051s] ( 204/5512) phase-engine game::casting::tests::cant_activate_during_with_mana_exemption_permits_mana_abilities
        PASS [   0.057s] ( 205/5512) phase-engine game::casting::tests::cant_be_activated_aura_blocks_enchanted_creature_not_others
        PASS [   0.061s] ( 206/5512) phase-engine game::casting::tests::cant_activate_during_display_from_str_roundtrip
        PASS [   0.056s] ( 207/5512) phase-engine game::casting::tests::cant_be_activated_selfref_blocks_only_this_permanent
        PASS [   0.057s] ( 208/5512) phase-engine game::casting::tests::cant_cast_during_not_your_turn_blocks_on_opponent_turn
        PASS [   0.064s] ( 209/5512) phase-engine game::casting::tests::cant_cast_during_dosan_per_affected_player_matrix
        PASS [   0.067s] ( 210/5512) phase-engine game::casting::tests::cant_be_activated_bool_and_sources_drivers_agree
        PASS [   0.053s] ( 211/5512) phase-engine game::casting::tests::cant_cast_during_runtime_no_statics_returns_false
        PASS [   0.066s] ( 212/5512) phase-engine game::casting::tests::cant_cast_during_runtime_controller_can_cast_own_turn
        PASS [   0.073s] ( 213/5512) phase-engine game::casting::tests::cant_cast_during_runtime_all_players_blocked_during_combat
        PASS [   0.059s] ( 214/5512) phase-engine game::casting::tests::cant_cast_during_runtime_opponent_blocked_on_controllers_turn
        PASS [   0.055s] ( 215/5512) phase-engine game::casting::tests::cant_cast_next_turn_arms_on_each_opponents_own_turn
        PASS [   0.286s] ( 216/5512) phase-engine game::casting::tests::bounded_static_exile_land_play_records_exile_cast_before_replacement_choice
        PASS [   0.046s] ( 217/5512) phase-engine game::casting::tests::cast_only_from_zones_allows_hand_casts_for_affected_player
        PASS [   0.089s] ( 218/5512) phase-engine game::casting::tests::cant_cast_during_runtime_not_blocked_during_main_phase
        PASS [   0.070s] ( 219/5512) phase-engine game::casting::tests::cast_from_exile_library_bottom_rider_bottoms_resolved_spell
        PASS [   0.085s] ( 220/5512) phase-engine game::casting::tests::cant_pay_cost_sacrifice_filters_forbidden_permanents_only
        PASS [   0.081s] ( 221/5512) phase-engine game::casting::tests::cast_mode_play_from_exile_does_not_authorize_an_exiled_land
        PASS [   0.061s] ( 222/5512) phase-engine game::casting::tests::cast_spell_rejects_lands
        PASS [   0.072s] ( 223/5512) phase-engine game::casting::tests::cast_only_from_zones_blocks_affected_opponent_from_exile
        PASS [   0.075s] ( 224/5512) phase-engine game::casting::tests::cast_permanent_from_granted_permission_enters_under_caster_control
        PASS [   0.074s] ( 225/5512) phase-engine game::casting::tests::cast_spell_insufficient_mana_fails
        PASS [   0.090s] ( 226/5512) phase-engine game::casting::tests::cast_from_zone_exile_rider_exiles_graveyard_cast_on_resolution
        PASS [   0.069s] ( 227/5512) phase-engine game::casting::tests::cast_with_keyword_convoke_enters_mana_payment_for_matching_spell
        PASS [   0.078s] ( 228/5512) phase-engine game::casting::tests::cast_with_keyword_convoke_honors_from_exile_filter
        PASS [   0.072s] ( 229/5512) phase-engine game::casting::tests::cast_with_keyword_convoke_uses_caster_not_stored_controller
        PASS [   0.077s] ( 230/5512) phase-engine game::casting::tests::cast_with_keyword_flash_allows_creature_spell_outside_normal_timing
        PASS [   0.113s] ( 231/5512) phase-engine game::casting::tests::cast_spell_propagates_player_scope_into_resolved_ability
        PASS [   0.057s] ( 232/5512) phase-engine game::casting::tests::choose_two_modal_chains_modes
        PASS [   0.100s] ( 233/5512) phase-engine game::casting::tests::cast_without_mana_cost_option_checks_commander_control
        PASS [   0.068s] ( 234/5512) phase-engine game::casting::tests::city_of_solitude_blocks_mana_abilities_per_2009_ruling
        PASS [   0.067s] ( 235/5512) phase-engine game::casting::tests::clarion_blocks_activation_of_multi_type_filter_set
        PASS [   0.089s] ( 236/5512) phase-engine game::casting::tests::cemetery_prowler_reduces_by_shared_card_types
        PASS [   0.046s] ( 237/5512) phase-engine game::casting::tests::colored_cost_reduction_can_remove_hybrid_symbol_once
        PASS [   0.056s] ( 238/5512) phase-engine game::casting::tests::colored_cost_reduction_never_touches_mismatched_color_pip
        PASS [   0.049s] ( 239/5512) phase-engine game::casting::tests::colored_cost_reduction_spills_excess_beyond_matching_color_to_generic
        PASS [   0.043s] ( 240/5512) phase-engine game::casting::tests::colored_cost_reduction_spills_to_generic_when_cost_has_no_matching_color
        PASS [   0.116s] ( 241/5512) phase-engine game::casting::tests::choice_additional_cost_filters_unpayable_casts
        PASS [   0.114s] ( 242/5512) phase-engine game::casting::tests::chosen_muldrotha_variant_requests_and_consumes_permanent_type_slot
        PASS [   0.083s] ( 243/5512) phase-engine game::casting::tests::collection_counter_play_permission_is_once_per_turn
        PASS [   0.066s] ( 244/5512) phase-engine game::casting::tests::colored_shard_pin_preserves_grant
        PASS [   0.071s] ( 245/5512) phase-engine game::casting::tests::combined_spell_ability_def_tags_top_level_spell_tails_sequential_sibling
        PASS [   0.063s] ( 246/5512) phase-engine game::casting::tests::composite_activated_pay_life_cost_deducts_life
        PASS [   0.064s] ( 247/5512) phase-engine game::casting::tests::compound_flashback_filtered_when_life_insufficient
        PASS [   0.069s] ( 248/5512) phase-engine game::casting::tests::composite_tap_self_exile_activation_moves_battlefield_source_to_exile
        PASS [   0.065s] ( 249/5512) phase-engine game::casting::tests::compound_flashback_pays_mana_and_life
        PASS [   0.211s] ( 250/5512) phase-engine game::casting::tests::castability_does_not_double_count_mana_used_to_activate_a_filter_land
        PASS [   0.109s] ( 251/5512) phase-engine game::casting::tests::compleated_planeswalker_paying_mana_enters_with_full_loyalty
        PASS [   0.090s] ( 252/5512) phase-engine game::casting::tests::composite_mana_tap_sacrifice_activation_uses_alternate_mana_source
        PASS [   0.114s] ( 253/5512) phase-engine game::casting::tests::compleated_planeswalker_paying_life_enters_with_reduced_loyalty
        PASS [   0.069s] ( 254/5512) phase-engine game::casting::tests::conditional_commander_modal_allows_extra_mode_with_commander
        PASS [   0.061s] ( 255/5512) phase-engine game::casting::tests::conditional_commander_modal_caps_modes_without_commander
        PASS [   0.048s] ( 256/5512) phase-engine game::casting::tests::conditional_static_modal_caps_modes_when_condition_false
        PASS [   0.136s] ( 257/5512) phase-engine game::casting::tests::composite_mana_tap_activation_excludes_source_from_auto_tap
        PASS [   0.054s] ( 258/5512) phase-engine game::casting::tests::consume_filtered_pending_cost_reduction_removes_the_matching_entry
        PASS [   0.094s] ( 259/5512) phase-engine game::casting::tests::conditional_cost_reduction_applies_only_when_condition_met
        PASS [   0.066s] ( 260/5512) phase-engine game::casting::tests::convoke_creature_exposed_in_legal_actions_during_payment
        PASS [   0.092s] ( 261/5512) phase-engine game::casting::tests::conditional_static_modal_allows_extra_mode_when_condition_true
        PASS [   0.099s] ( 262/5512) phase-engine game::casting::tests::conditional_mana_keyword_grant_applies_to_matching_spell
        PASS [   0.064s] ( 263/5512) phase-engine game::casting::tests::convoke_payment_records_creatures_that_convoked_spell
        PASS [   0.061s] ( 264/5512) phase-engine game::casting::tests::convoke_query_before_record_unaffected_by_snapshot
        PASS [   0.055s] ( 265/5512) phase-engine game::casting::tests::cosmic_cube_dynamic_mv_ceiling_enforced_at_finalize
        PASS [   0.053s] ( 266/5512) phase-engine game::casting::tests::cost_floor_after_x_concretized_below_floor
        PASS [   0.095s] ( 267/5512) phase-engine game::casting::tests::convoke_payment_offers_and_accepts_colored_creature_payment
        PASS [   0.051s] ( 268/5512) phase-engine game::casting::tests::cost_floor_after_x_concretized_meets_floor
        PASS [   0.050s] ( 269/5512) phase-engine game::casting::tests::cost_floor_building_block_tops_up_generic_to_floor
        PASS [   0.349s] ( 270/5512) phase-engine game::casting::tests::castability_follows_a_manual_nonland_producer_through_a_filter_land_payment
        PASS [   0.063s] ( 271/5512) phase-engine game::casting::tests::cost_floor_deferred_while_x_symbolic
        PASS [   0.060s] ( 272/5512) phase-engine game::casting::tests::cost_paid_object_resolves_as_put_counter_effect_target
        PASS [   0.049s] ( 273/5512) phase-engine game::casting::tests::cost_reduction_removes_matching_colored_symbols
        PASS [   0.064s] ( 274/5512) phase-engine game::casting::tests::cost_payment_deducts_mana
        PASS [   0.074s] ( 275/5512) phase-engine game::casting::tests::cost_rider_target_classifiers_cover_every_target_reading_shape
        PASS [   0.184s] ( 276/5512) phase-engine game::casting::tests::convoke_from_exile_stacks_with_red_spell_cost_reduction_on_hybrid_cost
        PASS [   0.075s] ( 277/5512) phase-engine game::casting::tests::counterspell_with_starting_town_mana_appears_in_legal_actions
        PASS [   0.370s] ( 278/5512) phase-engine game::casting::tests::collect_evidence_auto_cast_remains_offered_and_reaches_evidence_choice
        PASS [   0.071s] ( 279/5512) phase-engine game::casting::tests::dash_creature_offers_dash_variant
        PASS [   0.123s] ( 280/5512) phase-engine game::casting::tests::cost_type_auto_cast_remains_offered_and_reaches_cost_type_choice
        PASS [   0.114s] ( 281/5512) phase-engine game::casting::tests::creature_castable_via_dynamic_mana_dork
        PASS [   0.100s] ( 282/5512) phase-engine game::casting::tests::creature_in_hand_castable_with_untapped_lands
        PASS [   0.104s] ( 283/5512) phase-engine game::casting::tests::creature_castable_via_mana_dork_when_lands_tapped
        PASS [   0.456s] ( 284/5512) phase-engine game::casting::tests::castability_follows_two_swamps_through_a_filter_land_payment
        PASS [   0.059s] ( 285/5512) phase-engine game::casting::tests::deferred_tap_cost_fails_if_source_left_battlefield_before_target_lock
        PASS [   0.100s] ( 286/5512) phase-engine game::casting::tests::dash_full_cast_installs_riders_on_resolution
        PASS [   0.070s] ( 287/5512) phase-engine game::casting::tests::declining_a_paid_offer_withdraws_only_the_triggers_it_recorded
        PASS [   0.083s] ( 288/5512) phase-engine game::casting::tests::defiler_auto_cast_remains_offered_and_reaches_defiler_payment
        PASS [   0.051s] ( 289/5512) phase-engine game::casting::tests::delve_enters_mana_payment_with_graveyard_cards
        PASS [   0.052s] ( 290/5512) phase-engine game::casting::tests::delve_makes_spell_castable_via_graveyard
        PASS [   0.299s] ( 291/5512) phase-engine game::casting::tests::conduit_decline_casts_nothing_and_installs_no_ban
        PASS [   0.068s] ( 292/5512) phase-engine game::casting::tests::delve_cancel_cast_leaves_selected_cards_in_graveyard
        PASS [   0.074s] ( 293/5512) phase-engine game::casting::tests::delve_cancel_cast_preserves_unrelated_exiled_with_source_cards
        PASS [   0.063s] ( 294/5512) phase-engine game::casting::tests::delve_x_spell_counts_graveyard_cards_for_max_x
        PASS [   0.039s] ( 295/5512) phase-engine game::casting::tests::dosan_does_not_block_ability_activations_per_2004_ruling
        PASS [   0.084s] ( 296/5512) phase-engine game::casting::tests::delve_records_exiled_with_casting_spell
        PASS [   0.060s] ( 297/5512) phase-engine game::casting::tests::disturb_uses_disturb_cost_from_graveyard
        PASS [   0.099s] ( 298/5512) phase-engine game::casting::tests::delve_stale_noncard_graveyard_residents_do_not_make_spell_castable
        PASS [   0.108s] ( 299/5512) phase-engine game::casting::tests::delve_no_mode_without_graveyard_cards
        PASS [   0.072s] ( 300/5512) phase-engine game::casting::tests::doc_aurlock_reduced_plot_activates_via_production_path
        PASS [   0.130s] ( 301/5512) phase-engine game::casting::tests::delve_exiles_graveyard_card_for_generic
        PASS [   0.076s] ( 302/5512) phase-engine game::casting::tests::doc_aurlock_reduces_plot_special_action_cost
        PASS [   0.097s] ( 303/5512) phase-engine game::casting::tests::disturb_cast_uses_back_face_on_stack_and_battlefield
        PASS [   0.398s] ( 304/5512) phase-engine game::casting::tests::conduit_accept_commits_cast_and_installs_self_cast_ban
        PASS [   0.082s] ( 305/5512) phase-engine game::casting::tests::dracogenesis_dragon_commander_in_command_zone_has_no_mana_cost
        PASS [   0.044s] ( 306/5512) phase-engine game::casting::tests::drannith_magistrate_opponent_can_cast_from_hand
        PASS [   0.040s] ( 307/5512) phase-engine game::casting::tests::eidolon_of_obstruction_taxes_opponent_loyalty_ability
        PASS [   0.073s] ( 308/5512) phase-engine game::casting::tests::drannith_magistrate_controller_can_cast_from_graveyard
        PASS [   0.050s] ( 309/5512) phase-engine game::casting::tests::elected_plain_play_from_exile_does_not_inherit_later_cost_raise
        PASS [   0.046s] ( 310/5512) phase-engine game::casting::tests::emit_targeting_events_own_object_no_crime
        PASS [   0.059s] ( 311/5512) phase-engine game::casting::tests::elected_plain_play_from_exile_does_not_consume_later_single_use_group
        PASS [   0.093s] ( 312/5512) phase-engine game::casting::tests::drannith_magistrate_opponent_blocked_from_command_zone
        PASS [   0.045s] ( 313/5512) phase-engine game::casting::tests::evaluate_casting_prohibition_condition_all_arms
        PASS [   0.108s] ( 314/5512) phase-engine game::casting::tests::drannith_magistrate_opponent_blocked_from_graveyard
        PASS [   0.075s] ( 315/5512) phase-engine game::casting::tests::empty_pins_baseline_unchanged
        PASS [   0.062s] ( 316/5512) phase-engine game::casting::tests::escape_grant_from_graveyard_source_does_not_apply_to_itself
        PASS [   0.042s] ( 317/5512) phase-engine game::casting::tests::exact_resolution_offer_does_not_inherit_sibling_cast_transformed
        PASS [   0.076s] ( 318/5512) phase-engine game::casting::tests::exact_resolution_offer_does_not_consume_sibling_once_per_turn_permission
        PASS [   0.082s] ( 319/5512) phase-engine game::casting::tests::exact_permission_does_not_inherit_sibling_etb_counter
        PASS [   0.102s] ( 320/5512) phase-engine game::casting::tests::escape_phyrexian_cost_deducts_life_after_exile
        PASS [   0.082s] ( 321/5512) phase-engine game::casting::tests::exact_permission_does_not_inherit_sibling_permanent_modification
        PASS [   0.045s] ( 322/5512) phase-engine game::casting::tests::exert_cost::exert_rejects_off_battlefield_source
        PASS [   0.121s] ( 323/5512) phase-engine game::casting::tests::enters_with_counter_does_not_leak_from_non_consumed_permission
        PASS [   0.343s] ( 324/5512) phase-engine game::casting::tests::deadly_cover_up_case_b_evidence_exiles_owner_zones_and_draws
        PASS [   0.062s] ( 325/5512) phase-engine game::casting::tests::exert_cost::exert_marker_persists_through_opponent_untap_step
        PASS [   0.073s] ( 326/5512) phase-engine game::casting::tests::exact_resolution_offer_without_concession_does_not_inherit_later_any_color_sibling
        PASS [   0.072s] ( 327/5512) phase-engine game::casting::tests::exert_cost::exert_is_idempotent
        PASS [   0.208s] ( 328/5512) phase-engine game::casting::tests::drag_to_the_underworld_devotion_cost_reduction_applies_from_hand
        PASS [   0.072s] ( 329/5512) phase-engine game::casting::tests::exert_cost::exert_skips_next_untap_then_untaps
        PASS [   0.055s] ( 330/5512) phase-engine game::casting::tests::exile_cast_permission_rejects_card_outside_per_turn_pool
        PASS [   0.047s] ( 331/5512) phase-engine game::casting::tests::exile_grant_cost_provenance_serde_forms
        PASS [   0.056s] ( 332/5512) phase-engine game::casting::tests::exile_cast_permission_surfaces_pool_card
        PASS [   0.223s] ( 333/5512) phase-engine game::casting::tests::echo_of_eons_flashback_castable_with_nonempty_hand
        PASS [   0.086s] ( 334/5512) phase-engine game::casting::tests::exhaust_ability_only_once_is_enforced_and_emits_event
        PASS [   0.097s] ( 335/5512) phase-engine game::casting::tests::exile_cast_permission_once_per_turn_frequency_gates_offer
        PASS [   0.441s] ( 336/5512) phase-engine game::casting::tests::deadly_cover_up_case_a_no_evidence_no_exile_no_draw
        PASS [   0.080s] ( 337/5512) phase-engine game::casting::tests::exile_with_alt_cost_zero_uses_no_cost_path
        PASS [   0.083s] ( 338/5512) phase-engine game::casting::tests::exile_permission_free_cast_binds_to_elected_source_not_first_match
        PASS [   0.091s] ( 339/5512) phase-engine game::casting::tests::exiled_land_entry_rider_uses_the_elected_permission_only
        PASS [   0.093s] ( 340/5512) phase-engine game::casting::tests::exile_static_any_color_is_bound_to_elected_source
        PASS [   0.114s] ( 341/5512) phase-engine game::casting::tests::exile_extra_cost_binds_to_elected_source_not_first_match
        PASS [   0.066s] ( 342/5512) phase-engine game::casting::tests::failing_mana_value_permission_does_not_override_unconstrained_permission
        PASS [   0.067s] ( 343/5512) phase-engine game::casting::tests::filter_scoped_scavenge_grant_resolves_per_object_cost_for_every_match
        PASS [   0.052s] ( 344/5512) phase-engine game::casting::tests::finalize_refuses_a_per_type_graveyard_authority_without_a_slot
        PASS [   0.115s] ( 345/5512) phase-engine game::casting::tests::exile_static_any_color_casts_off_color_for_authorized_controller_only
        PASS [   0.051s] ( 346/5512) phase-engine game::casting::tests::fires_of_invention_does_not_block_ability_activations
        PASS [   0.065s] ( 347/5512) phase-engine game::casting::tests::firion_reduces_self_equip_ability_cost
        PASS [   0.072s] ( 348/5512) phase-engine game::casting::tests::first_qualified_spell_reducer_does_not_make_unrelated_artifact_castable
        PASS [   0.123s] ( 349/5512) phase-engine game::casting::tests::exsanguinate_three_player_controller_gains_sum_across_opponents
        PASS [   0.082s] ( 350/5512) phase-engine game::casting::tests::first_kicked_spell_reducer_recomputes_after_kicker_declared
        PASS [   0.095s] ( 351/5512) phase-engine game::casting::tests::first_qualified_spell_reducer_only_applies_to_first_matching_spell
        PASS [   0.085s] ( 352/5512) phase-engine game::casting::tests::fixed_alternative_chosen_color_auto_tap_replays_selected_fixed_color
        PASS [   0.071s] ( 353/5512) phase-engine game::casting::tests::flash_permission_option_allows_sorcery_outside_normal_window
        PASS [   0.081s] ( 354/5512) phase-engine game::casting::tests::flash_permission_cost_is_not_added_in_normal_timing_window
        PASS [   0.174s] ( 355/5512) phase-engine game::casting::tests::exsanguinate_oracle_text_drains_each_opponent_and_gains_controller
        PASS [   0.103s] ( 356/5512) phase-engine game::casting::tests::first_qualifying_spell_enqueues_cascade_second_does_not
        PASS [   0.113s] ( 357/5512) phase-engine game::casting::tests::first_x_spell_reducer_uses_x_filter_dynamic_counter_count_and_first_gate
        PASS [   0.106s] ( 358/5512) phase-engine game::casting::tests::fixed_mana_ability_tap_cost_rejects_partial_payment::empty_selection_is_rejected_for_a_fixed_count_one_cost
        PASS [   0.053s] ( 359/5512) phase-engine game::casting::tests::flash_timing_grant_seam::specific_player_cast_with_keyword_tce_scopes_to_player_and_filter
        PASS [   0.049s] ( 360/5512) phase-engine game::casting::tests::flashback_card_appears_castable_from_graveyard
        PASS [   0.062s] ( 361/5512) phase-engine game::casting::tests::flash_timing_grant_seam::vivien_creature_flash_static_scopes_to_creature_spells
        PASS [   0.051s] ( 362/5512) phase-engine game::casting::tests::flashback_uses_flashback_cost_not_mana_cost
        PASS [   0.055s] ( 363/5512) phase-engine game::casting::tests::flashback_card_in_hand_uses_normal_variant
        PASS [   0.140s] ( 364/5512) phase-engine game::casting::tests::fixed_mana_ability_tap_cost_rejects_partial_payment::single_creature_selection_is_accepted
        PASS [   0.040s] ( 365/5512) phase-engine game::casting::tests::foretell_cast_uses_foretell_cost_only_after_current_turn
        PASS [   0.066s] ( 366/5512) phase-engine game::casting::tests::foretell_cast_tags_stack_spell_for_resolution_conditions
        PASS [   0.057s] ( 367/5512) phase-engine game::casting::tests::foretell_completion_without_exile_clears_paid_continuation_without_stamp
        PASS [   0.033s] ( 368/5512) phase-engine game::casting::tests::freerunning_ledger_resets_at_turn_cleanup
        PASS [   0.082s] ( 369/5512) phase-engine game::casting::tests::foretell_cast_does_not_inherit_sibling_alt_cost_or_spend_rider
        PASS [   0.058s] ( 370/5512) phase-engine game::casting::tests::free_during_resolution_cast_auto_resolves_with_empty_pool
        PASS [   0.073s] ( 371/5512) phase-engine game::casting::tests::foretell_special_action_exiles_and_grants_later_turn_permission
        PASS [   0.052s] ( 372/5512) phase-engine game::casting::tests::freerunning_unavailable_without_assassin_combat_damage
        PASS [   0.055s] ( 373/5512) phase-engine game::casting::tests::freerunning_available_after_assassin_combat_damage_to_player
        PASS [   0.057s] ( 374/5512) phase-engine game::casting::tests::free_static_exile_permission_lends_no_face_down_authority
        PASS [   0.053s] ( 375/5512) phase-engine game::casting::tests::generic_convoke_payment_cannot_pay_colorless_mana_symbol
        PASS [   0.049s] ( 376/5512) phase-engine game::casting::tests::gobakhan_play_from_exile_cost_raise_adds_two_generic
        PASS [   0.084s] ( 377/5512) phase-engine game::casting::tests::generic_cost_pin_honored
        PASS [   0.225s] ( 378/5512) phase-engine game::casting::tests::flash_timing_grant_seam::grant_survives_teferi_leaving_battlefield
        PASS [   0.087s] ( 379/5512) phase-engine game::casting::tests::gift_recipient_auto_cast_remains_offered_and_reaches_gift_recipient_choice
        PASS [   0.051s] ( 380/5512) phase-engine game::casting::tests::grafdiggers_cage_blocks_all_players_from_graveyard_not_command
        PASS [   0.101s] ( 381/5512) phase-engine game::casting::tests::generous_ent_forestcycling_legal_when_creature_cast_is_unaffordable
        PASS [   0.070s] ( 382/5512) phase-engine game::casting::tests::gran_gran_reduces_noncreature_spell_with_three_lessons_in_graveyard
        PASS [   0.045s] ( 383/5512) phase-engine game::casting::tests::grant_next_spell_controller_scope_keys_controller
        PASS [   0.053s] ( 384/5512) phase-engine game::casting::tests::grant_next_spell_target_scope_keys_targeted_player
        PASS [   0.046s] ( 385/5512) phase-engine game::casting::tests::granted_blitz_offers_blitz_variant
        PASS [   0.058s] ( 386/5512) phase-engine game::casting::tests::grant_next_spell_without_paying_casts_for_free
        PASS [   0.053s] ( 387/5512) phase-engine game::casting::tests::granted_blitz_self_mana_cost_resolves_to_spell_mana_cost
        PASS [   0.347s] ( 388/5512) phase-engine game::casting::tests::flash_timing_grant_seam::grant_expires_at_grantee_next_untap
        PASS [   0.057s] ( 389/5512) phase-engine game::casting::tests::granted_encore_surfaces_graveyard_activated_ability
        PASS [   0.042s] ( 390/5512) phase-engine game::casting::tests::granted_freerunning_static_surfaces_freerunning_variant
        PASS [   0.056s] ( 391/5512) phase-engine game::casting::tests::granted_escape_requires_exile_cost_payment
        PASS [   0.050s] ( 392/5512) phase-engine game::casting::tests::granted_non_mana_flashback_pays_additional_cost
        PASS [   0.050s] ( 393/5512) phase-engine game::casting::tests::granted_self_cost_embalm_surfaces_graveyard_ability_at_card_mana_cost
        PASS [   0.043s] ( 394/5512) phase-engine game::casting::tests::granted_self_cost_encore_surfaces_graveyard_ability_at_card_mana_cost
        PASS [   0.033s] ( 395/5512) phase-engine game::casting::tests::granted_self_mana_value_encore_surfaces_graveyard_ability_at_mana_value
        PASS [   0.056s] ( 396/5512) phase-engine game::casting::tests::granted_spectacle_self_mana_cost_resolves_to_spell_mana_cost
        PASS [   0.327s] ( 397/5512) phase-engine game::casting::tests::granted_self_cost_harmonize_is_castable_at_card_mana_cost
        PASS [   0.312s] ( 398/5512) phase-engine game::casting::tests::graveyard_cast_this_way_enters_with_type_grant_rider
        PASS [   0.663s] ( 399/5512) phase-engine game::casting::tests::flash_timing_grant_seam::grant_survives_opponent_gaining_control_of_teferi
        PASS [   0.338s] ( 400/5512) phase-engine game::casting::tests::graveyard_cast_without_rider_has_no_finality_counter
        PASS [   0.334s] ( 401/5512) phase-engine game::casting::tests::graveyard_cast_without_type_rider_is_not_a_vampire
        PASS [   0.315s] ( 402/5512) phase-engine game::casting::tests::graveyard_in_place_alt_cost_grant_is_consumed_after_one_cast
        PASS [   0.690s] ( 403/5512) phase-engine game::casting::tests::flash_timing_grant_seam::plus_one_lets_sorcery_be_cast_outside_sorcery_window
        PASS [   0.038s] ( 404/5512) phase-engine game::casting::tests::graveyard_paid_cast_router_opens_offer_not_lingering_permission
        PASS [   0.405s] ( 405/5512) phase-engine game::casting::tests::granted_suspend_upkeep_trigger_ticks_counter_in_exile
        PASS [   0.100s] ( 406/5512) phase-engine game::casting::tests::graveyard_paid_cast_accept_off_color_pays_via_any_type_concession
        PASS [   0.058s] ( 407/5512) phase-engine game::casting::tests::graveyard_paid_cast_decline_leaves_card_in_graveyard
        PASS [   0.414s] ( 408/5512) phase-engine game::casting::tests::graveyard_cast_this_way_enters_with_finality_counter
        PASS [   0.067s] ( 409/5512) phase-engine game::casting::tests::graveyard_paid_final_rejection_withdraws_delayed_tail_receipt
        PASS [   0.115s] ( 410/5512) phase-engine game::casting::tests::graveyard_paid_cast_accept_on_color_opens_manual_payment_then_stack
        PASS [   0.119s] ( 411/5512) phase-engine game::casting::tests::graveyard_paid_cast_any_color_survives_offer_and_pays_off_color
        PASS [   0.051s] ( 412/5512) phase-engine game::casting::tests::graveyard_paid_offer_uses_exact_appended_permission_over_conflicting_sibling
        PASS [   0.070s] ( 413/5512) phase-engine game::casting::tests::graveyard_paid_manual_cast_remains_offered_and_reaches_mana_payment
        PASS [   0.065s] ( 414/5512) phase-engine game::casting::tests::graveyard_sorcery_without_keywords_not_castable
        PASS [   0.055s] ( 415/5512) phase-engine game::casting::tests::graveyard_timed_alt_cost_grant_is_castable_in_place
        PASS [   0.116s] ( 416/5512) phase-engine game::casting::tests::graveyard_paid_cast_with_exile_rider_installs_single_redirect_and_exiles_once
        PASS [   0.054s] ( 417/5512) phase-engine game::casting::tests::graveyard_timed_alt_cost_grant_omits_an_artifact_land_but_keeps_its_land_play_route
        PASS [   0.057s] ( 418/5512) phase-engine game::casting::tests::hand_alt_cost_permission_overrides_printed_mana_cost
        PASS [   0.098s] ( 419/5512) phase-engine game::casting::tests::graveyard_spell_with_flashback_and_retrace_prompts_for_cast_variant
        PASS [   0.050s] ( 420/5512) phase-engine game::casting::tests::harmonize_card_castable_when_creature_tap_covers_generic
        PASS [   0.068s] ( 421/5512) phase-engine game::casting::tests::handle_activate_rejects_tapped_one_of_tap_branches
        PASS [   0.095s] ( 422/5512) phase-engine game::casting::tests::hand_spell_alternative_pay_life_cost_replaces_mana_cost
        PASS [   0.085s] ( 423/5512) phase-engine game::casting::tests::harmonize_card_not_castable_when_only_reduction_creature_cant_tap
        PASS [   0.095s] ( 424/5512) phase-engine game::casting::tests::handle_cast_spell_rejects_battlefield_zone
        PASS [   0.136s] ( 425/5512) phase-engine game::casting::tests::grim_lavamancer_targets_before_graveyard_exile_cost
        PASS [   0.072s] ( 426/5512) phase-engine game::casting::tests::harmonize_tap_choice_excludes_cant_tap_creature
        PASS [   0.103s] ( 427/5512) phase-engine game::casting::tests::harmonize_castability_does_not_reuse_tapped_reduction_creature_for_mana
        PASS [   0.108s] ( 428/5512) phase-engine game::casting::tests::harmonize_only_affordability_remains_offered_and_reaches_harmonize_tap_choice
        PASS [   0.045s] ( 429/5512) phase-engine game::casting::tests::heliod_warped_eclipse_reduces_by_sum_of_opponents_draws
        PASS [   0.039s] ( 430/5512) phase-engine game::casting::tests::hyldas_crown_cost_reduction_applies_only_during_your_turn
        PASS [   0.123s] ( 431/5512) phase-engine game::casting::tests::hazel_x_sentinel_mana_ability::hazel_rejects_a_selection_above_the_eligible_ceiling
        PASS [   0.169s] ( 432/5512) phase-engine game::casting::tests::hazel_x_sentinel_mana_ability::hazel_is_activatable_with_zero_eligible_tokens
        PASS [   0.065s] ( 433/5512) phase-engine game::casting::tests::improvise_castability_preview_counts_untapped_artifacts_for_generic_cost
        PASS [   0.055s] ( 434/5512) phase-engine game::casting::tests::impulse_play_from_exile_land_uses_play_path_not_cast_path
        PASS [   0.175s] ( 435/5512) phase-engine game::casting::tests::hazel_x_sentinel_mana_ability::hazel_mana_ability_taps_two_tokens_and_pays_two_life
        PASS [   0.145s] ( 436/5512) phase-engine game::casting::tests::hazel_x_sentinel_mana_ability::x_sentinel_cursor_advance_preserves_fixed_mode
        PASS [   0.057s] ( 437/5512) phase-engine game::casting::tests::independent_impulse_grant_keeps_face_down_authority_beside_a_free_grant
        PASS [   0.164s] ( 438/5512) phase-engine game::casting::tests::hazel_x_sentinel_mana_ability::hazel_x_zero_mana_activation_terminates
        PASS [   0.064s] ( 439/5512) phase-engine game::casting::tests::is_mana_ability_classifier_authoritative
        PASS [   0.070s] ( 440/5512) phase-engine game::casting::tests::instant_can_be_cast_at_any_priority
        PASS [   0.074s] ( 441/5512) phase-engine game::casting::tests::ineligible_pin_rejected
        PASS [   0.047s] ( 442/5512) phase-engine game::casting::tests::issue_2870_enchantment_adventure_offers_cast_choice
        PASS [   0.073s] ( 443/5512) phase-engine game::casting::tests::issue_4001_adventure_instant_castable_outside_main_phase
        PASS [   0.098s] ( 444/5512) phase-engine game::casting::tests::issue_2011_kozilek_command_castable_with_only_eldrazi_temple
        PASS [   0.237s] ( 445/5512) phase-engine game::casting::tests::hearth_elemental_self_cost_reduction_counts_adventures
        PASS [   0.064s] ( 446/5512) phase-engine game::casting::tests::jhoira_granted_suspend_last_counter_cast_tags_suspend_variant
        PASS [   0.311s] ( 447/5512) phase-engine game::casting::tests::heal_draws_on_the_next_turns_upkeep
        PASS [   0.180s] ( 448/5512) phase-engine game::casting::tests::issue_1579_cycling_fires_when_you_cycle_trigger
        PASS [   0.133s] ( 449/5512) phase-engine game::casting::tests::jennifer_walters_modal_resolution_choice_elects_only_the_selected_spell_face
        PASS [   0.140s] ( 450/5512) phase-engine game::casting::tests::jhoira_exile_cost_activation_suspends_the_exiled_card
        PASS [   0.117s] ( 451/5512) phase-engine game::casting::tests::jhoira_granted_suspend_creature_cast_gains_haste
        PASS [   0.109s] ( 452/5512) phase-engine game::casting::tests::jhoira_granted_suspend_installs_upkeep_and_cast_triggers
        PASS [   0.164s] ( 453/5512) phase-engine game::casting::tests::jhoira_does_not_regrant_suspend_to_a_natively_suspended_card
        PASS [   0.038s] ( 454/5512) phase-engine game::casting::tests::jumpstart_graveyard_spell_surfaces_when_any_card_discard_and_mana_are_payable
        PASS [   0.033s] ( 455/5512) phase-engine game::casting::tests::jumpstart_on_non_instant_sorcery_does_not_enable_normal_graveyard_cast
        PASS [   0.052s] ( 456/5512) phase-engine game::casting::tests::jumpstart_spell_resolves_to_exile_not_graveyard
        PASS [   0.058s] ( 457/5512) phase-engine game::casting::tests::jumpstart_without_any_discardable_card_is_not_a_legal_cast_action
        PASS [   0.088s] ( 458/5512) phase-engine game::casting::tests::jumpstart_cast_discards_any_card_then_pushes_spell_with_jumpstart_variant
        PASS [   0.111s] ( 459/5512) phase-engine game::casting::tests::jhoira_reads_a_suspend_granted_in_exile_after_the_cost_was_paid
        PASS [   0.061s] ( 460/5512) phase-engine game::casting::tests::karn_blocks_bare_subtype_artifact_land_from_legal_mana_actions
        PASS [   0.065s] ( 461/5512) phase-engine game::casting::tests::karn_blocks_liquimetal_coated_forest_from_legal_mana_actions
        PASS [   0.061s] ( 462/5512) phase-engine game::casting::tests::karn_blocks_liquimetal_coated_opponent_land
        PASS [   0.051s] ( 463/5512) phase-engine game::casting::tests::karn_blocks_opponent_artifact_activation
        PASS [   0.056s] ( 464/5512) phase-engine game::casting::tests::karn_permits_own_artifact_activation
        PASS [   0.270s] ( 465/5512) phase-engine game::casting::tests::jabari_influence_casts_scopes_defender_target_and_lands_chained_counter
        PASS [   0.065s] ( 466/5512) phase-engine game::casting::tests::kicked_bloodchiefs_thirst_like_spell_targets_three_mv_creature
        PASS [   0.068s] ( 467/5512) phase-engine game::casting::tests::kicked_spell_reducer_makes_kicker_offerable
        PASS [   0.076s] ( 468/5512) phase-engine game::casting::tests::kicker_instead_target_declines_before_base_target_selection
        PASS [   0.075s] ( 469/5512) phase-engine game::casting::tests::kicker_instead_target_paid_selects_replacement_target_only
        PASS [   0.034s] ( 470/5512) phase-engine game::casting::tests::krrik_life_for_color::krrik_life_payment_permission_affects_only_controller
        PASS [   0.066s] ( 471/5512) phase-engine game::casting::tests::krrik_life_for_color::krrik_does_not_substitute_for_generic_mana
        PASS [   0.077s] ( 472/5512) phase-engine game::casting::tests::krrik_life_for_color::krrik_offers_life_payment_for_black_activation_cost
        PASS [   0.068s] ( 473/5512) phase-engine game::casting::tests::krrik_life_for_color::krrik_offers_life_payment_for_targeted_black_activation_cost
        PASS [   0.062s] ( 474/5512) phase-engine game::casting::tests::krrik_life_for_color::krrik_pauses_activation_when_mana_and_life_both_viable
        PASS [   0.105s] ( 475/5512) phase-engine game::casting::tests::krrik_life_for_color::krrik_offers_life_payment_for_black_shard
        PASS [   0.043s] ( 476/5512) phase-engine game::casting::tests::krrik_life_for_color::krrik_pauses_when_mana_and_life_both_viable
        PASS [   0.044s] ( 477/5512) phase-engine game::casting::tests::krrik_life_for_color::krrik_promotes_hybrid_black_shard
        PASS [   0.256s] ( 478/5512) phase-engine game::casting::tests::kessig_wolf_run_x_pump_grants_dynamic_power_and_trample
        PASS [   0.044s] ( 479/5512) phase-engine game::casting::tests::krrik_life_for_color::krrik_respects_cant_lose_life_gate
        PASS [   0.107s] ( 480/5512) phase-engine game::casting::tests::krrik_life_for_color::krrik_promotes_two_generic_hybrid_black_shard
        PASS [   0.065s] ( 481/5512) phase-engine game::casting::tests::legacy_play_from_exile_form_round_trips_without_the_companion_marker
        PASS [   0.109s] ( 482/5512) phase-engine game::casting::tests::legacy_equip_effect_cost_one_of_is_legal_without_mana_when_discard_available
        PASS [   0.050s] ( 483/5512) phase-engine game::casting::tests::legal_target_slots_for_castable_spell_empty_before_casualty_choice
        PASS [   0.178s] ( 484/5512) phase-engine game::casting::tests::land_grant_alt_cost_not_offered_with_land_in_hand
        PASS [   0.050s] ( 485/5512) phase-engine game::casting::tests::legal_target_slots_for_castable_spell_returns_cast_time_slot_shape
        PASS [   0.053s] ( 486/5512) phase-engine game::casting::tests::legal_target_slots_for_castable_spell_is_read_only_and_empty_when_uncastable
        PASS [   0.101s] ( 487/5512) phase-engine game::casting::tests::legal_target_slots_for_castable_spell_empty_before_splice_choice
        PASS [   0.051s] ( 488/5512) phase-engine game::casting::tests::legal_target_slots_for_castable_spells_batches_previews
        PASS [   0.056s] ( 489/5512) phase-engine game::casting::tests::loyalty_gate::activate_as_instant_hostile_statics_do_not_allow_loyalty_timing
        PASS [   0.054s] ( 490/5512) phase-engine game::casting::tests::loyalty_gate::activate_as_instant_matching_static_allows_loyalty_timing
        PASS [   0.058s] ( 491/5512) phase-engine game::casting::tests::loreseekers_stone_raise_cost_scales_with_hand_size
        PASS [   0.040s] ( 492/5512) phase-engine game::casting::tests::loyalty_gate::activate_as_instant_no_static_denies_and_avoids_exact_scan
        PASS [   0.057s] ( 493/5512) phase-engine game::casting::tests::loyalty_gate::eidolon_forces_mana_payment_for_real_loyalty_activation
        PASS [   0.632s] ( 494/5512) phase-engine game::casting::tests::jhoira_granted_suspend_persists_and_ticks_across_upkeep
        PASS [   0.073s] ( 495/5512) phase-engine game::casting::tests::loyalty_gate::different_planeswalkers_independent
        PASS [   0.054s] ( 496/5512) phase-engine game::casting::tests::loyalty_gate::eidolon_taxed_targeted_loyalty_selects_targets_before_paying
        PASS [   0.317s] ( 497/5512) phase-engine game::casting::tests::land_grant_alt_cost_offered_with_no_lands_in_hand
        PASS [   0.078s] ( 498/5512) phase-engine game::casting::tests::loyalty_gate::direct_activation_of_taxed_loyalty_ability_second_time_denied
        PASS [   0.062s] ( 499/5512) phase-engine game::casting::tests::loyalty_gate::second_loyalty_ability_same_pw_same_turn_denied
        PASS [   0.078s] ( 500/5512) phase-engine game::casting::tests::loyalty_gate::loyalty_ability_re_allowed_after_turn_reset
        PASS [   0.083s] ( 501/5512) phase-engine game::casting::tests::loyalty_gate::same_turn_static_allows_loyalty_at_instant_timing
        PASS [   0.105s] ( 502/5512) phase-engine game::casting::tests::loyalty_gate::priority_loyalty_candidates_share_activation_restriction_static_gate
        PASS [   0.090s] ( 503/5512) phase-engine game::casting::tests::loyalty_gate::shikari_static_allows_mana_cost_equip_ability_at_instant_timing
        PASS [   0.089s] ( 504/5512) phase-engine game::casting::tests::loyalty_gate::shikari_static_allows_non_mana_cost_equip_ability_at_instant_timing
        PASS [   0.052s] ( 505/5512) phase-engine game::casting::tests::loyalty_gate::shikari_static_does_not_leak_to_untagged_mana_ability
        PASS [   0.062s] ( 506/5512) phase-engine game::casting::tests::mana_keyword_grants_apply_both_temporary_and_permanent_durations
        PASS [   0.065s] ( 507/5512) phase-engine game::casting::tests::mana_leg_detour_skips_self_ref_sacrifice_cost
        PASS [   0.101s] ( 508/5512) phase-engine game::casting::tests::loyalty_gate::shikari_static_allows_runtime_granted_equip_ability_at_instant_timing
        PASS [   0.077s] ( 509/5512) phase-engine game::casting::tests::mana_leg_detour_skips_vanilla_mana_tap_cost
        PASS [   0.056s] ( 510/5512) phase-engine game::casting::tests::mana_spend_trigger_fires_only_on_matching_spell
        PASS [   0.130s] ( 511/5512) phase-engine game::casting::tests::mana_leg_battlefield_exile_pays_mana_before_exile_prompt
        PASS [   0.070s] ( 512/5512) phase-engine game::casting::tests::mana_spend_trigger_cast_pipeline_places_trigger_after_spell_is_cast
        PASS [   0.087s] ( 513/5512) phase-engine game::casting::tests::mana_leg_tap_return_pays_mana_then_taps_source_on_return
        PASS [   0.077s] ( 514/5512) phase-engine game::casting::tests::mana_spend_trigger_shares_creature_type_with_commander
        PASS [   0.049s] ( 515/5512) phase-engine game::casting::tests::mana_value_constrained_exile_permission_rejects_cross_owner_cast
        PASS [   0.156s] ( 516/5512) phase-engine game::casting::tests::mana_leg_sacrifice_pays_mana_before_sacrifice_prompt
        PASS [   0.046s] ( 517/5512) phase-engine game::casting::tests::mayhem_unavailable_after_turn_advances
        PASS [   0.053s] ( 518/5512) phase-engine game::casting::tests::mayhem_available_when_discarded_this_turn
        PASS [   0.071s] ( 519/5512) phase-engine game::casting::tests::mayhem_unavailable_when_not_discarded_this_turn
        PASS [   0.054s] ( 520/5512) phase-engine game::casting::tests::mayhem_variant_resolves_without_exile
        PASS [   0.037s] ( 521/5512) phase-engine game::casting::tests::mixed_reach_reductions_do_not_let_collection_order_decide_the_cost
        PASS [   0.058s] ( 522/5512) phase-engine game::casting::tests::modal_kicker_declined_caps_modes_before_mode_choice
        PASS [   0.839s] ( 523/5512) phase-engine game::casting::tests::kozileks_command_rejects_wrong_mode_cardinality
        PASS [   0.084s] ( 524/5512) phase-engine game::casting::tests::modal_escalate_pays_tap_creature_cost_for_extra_mode
        PASS [   0.057s] ( 525/5512) phase-engine game::casting::tests::modal_kicker_skips_only_the_unpayable_and_or_kicker
        PASS [   0.100s] ( 526/5512) phase-engine game::casting::tests::modal_damage_mode_to_target_player_resolves_damage
        PASS [   0.046s] ( 527/5512) phase-engine game::casting::tests::modal_spell_enters_mode_choice
        PASS [   0.076s] ( 528/5512) phase-engine game::casting::tests::modal_kicker_skips_unpayable_kicker_before_mode_choice
        PASS [   0.084s] ( 529/5512) phase-engine game::casting::tests::modal_kicker_paid_allows_extra_modes_and_reaches_stack_context
        PASS [   0.040s] ( 530/5512) phase-engine game::casting::tests::modal_spell_mode_choice_has_correct_metadata
        PASS [   0.912s] ( 531/5512) phase-engine game::casting::tests::kozileks_command_modes_scry_draw_and_exile_graveyard_end_to_end
        PASS [   0.064s] ( 532/5512) phase-engine game::casting::tests::modal_spell_target_selection_carries_per_mode_labels
        PASS [   0.038s] ( 533/5512) phase-engine game::casting::tests::modify_activation_limit_matching_static_raises_only_once_limit
        PASS [   0.051s] ( 534/5512) phase-engine game::casting::tests::modify_activation_limit_hostile_statics_do_not_raise_limit
        PASS [   0.067s] ( 535/5512) phase-engine game::casting::tests::modal_x_target_selection_carries_per_mode_labels
        PASS [   0.057s] ( 536/5512) phase-engine game::casting::tests::modify_activation_limit_matching_static_raises_each_turn_limit
        PASS [   0.072s] ( 537/5512) phase-engine game::casting::tests::mode_choice_auto_cast_remains_offered_and_reaches_mode_choice
        PASS [   0.071s] ( 538/5512) phase-engine game::casting::tests::morophon_reduces_colored_mana_for_chosen_creature_type
        PASS [   0.973s] ( 539/5512) phase-engine game::casting::tests::kozileks_command_modes_tokens_and_exile_creature_end_to_end
        PASS [   0.063s] ( 540/5512) phase-engine game::casting::tests::mtmte_cast_flow::offer_mtmte_when_both_costs_affordable
        PASS [   0.070s] ( 541/5512) phase-engine game::casting::tests::mtmte_cast_flow::opting_into_mtmte_resolves_to_transformed_back_face
        PASS [   0.082s] ( 542/5512) phase-engine game::casting::tests::mtmte_cast_flow::normal_choice_resolves_to_untransformed_front_face
        PASS [   0.039s] ( 543/5512) phase-engine game::casting::tests::needs_defending_player_anchor_inspects_the_scope_field
        PASS [   0.087s] ( 544/5512) phase-engine game::casting::tests::necromancy_delayed_sacrifice_when_leaves
        PASS [   0.088s] ( 545/5512) phase-engine game::casting::tests::necromancy_etb_trigger_fizzles_when_target_creature_leaves_graveyard
        PASS [   0.127s] ( 546/5512) phase-engine game::casting::tests::necromancy_cross_controller_target_reanimates_under_caster_control
        PASS [   0.054s] ( 547/5512) phase-engine game::casting::tests::nested_stack_target_self_cost_reduction_matches_stack_entry_targets
        PASS [   0.037s] ( 548/5512) phase-engine game::casting::tests::non_aura_enchantment_does_not_trigger_aura_targeting
        PASS [   0.129s] ( 549/5512) phase-engine game::casting::tests::necromancy_grant_shape_survives_cleanup_step
        PASS [   0.045s] ( 550/5512) phase-engine game::casting::tests::normal_cost_static_exile_permission_keeps_face_down_authority
        PASS [   0.054s] ( 551/5512) phase-engine game::casting::tests::non_mana_flashback_filtered_under_cant_lose_life
        PASS [   0.037s] ( 552/5512) phase-engine game::casting::tests::object_exile_land_authorization_precedes_static_fallback
        PASS [   0.024s] ( 553/5512) phase-engine game::casting::tests::omen_cast_choice_when_only_omen_face_affordable
        PASS [   0.193s] ( 554/5512) phase-engine game::casting::tests::necromancy_full_pipeline_reanimates_and_becomes_aura
        PASS [   0.044s] ( 555/5512) phase-engine game::casting::tests::omen_face_cast_uses_omen_variant_and_resolves_to_owner_library
        PASS [   0.039s] ( 556/5512) phase-engine game::casting::tests::omniscience_alt_cost_2432::free_option_latches_unlimited_source_over_earlier_once_per_turn
        PASS [   0.038s] ( 557/5512) phase-engine game::casting::tests::omniscience_alt_cost_2432::menu_offers_warp_keyword_option_under_omniscience
        PASS [   0.068s] ( 558/5512) phase-engine game::casting::tests::omniscience_alt_cost_2432::menu_offers_free_and_printed_when_affordable
        PASS [   0.076s] ( 559/5512) phase-engine game::casting::tests::omniscience_alt_cost_2432::menu_offers_three_distinct_costs_for_mulldrifter_when_all_affordable
        PASS [   0.053s] ( 560/5512) phase-engine game::casting::tests::omniscience_alt_cost_2432::omniscience_free_election_proceeds_without_mana_payment
        PASS [   0.043s] ( 561/5512) phase-engine game::casting::tests::omniscience_alt_cost_2432::omniscience_menu_offers_free_and_warp_when_printed_unaffordable
        PASS [   0.065s] ( 562/5512) phase-engine game::casting::tests::omniscience_alt_cost_2432::omniscience_menu_offers_free_and_evoke_when_printed_unaffordable
        PASS [   0.114s] ( 563/5512) phase-engine game::casting::tests::only_once_without_modify_limit_static_avoids_exact_scan
        PASS [   0.129s] ( 564/5512) phase-engine game::casting::tests::only_once_each_turn_without_modify_limit_static_avoids_exact_scan
        PASS [   0.155s] ( 565/5512) phase-engine game::casting::tests::once_per_turn_collection_counter_play_permission_requires_live_source_static
        PASS [   0.163s] ( 566/5512) phase-engine game::casting::tests::omniscience_does_not_free_cast_commander_from_command_zone
        PASS [   0.077s] ( 567/5512) phase-engine game::casting::tests::opponent_first_noncreature_tax_uses_caster_history
        PASS [   0.124s] ( 568/5512) phase-engine game::casting::tests::opponent_chooser_modal_spell_routes_mode_choice_to_opponent
        PASS [   0.051s] ( 569/5512) phase-engine game::casting::tests::ordinary_modal_face_choice_neither_issues_nor_accepts_cancel
        PASS [   0.043s] ( 570/5512) phase-engine game::casting::tests::overload_cast_flow::next_spell_without_paying_does_not_replace_overload_cost
        PASS [   0.054s] ( 571/5512) phase-engine game::casting::tests::overload_cast_flow::offer_overload_when_both_costs_affordable
        PASS [   0.062s] ( 572/5512) phase-engine game::casting::tests::overload_cast_flow::opting_into_overload_transforms_destroy_to_destroy_all
        PASS [   0.882s] ( 573/5512) phase-engine game::casting::tests::modal_x_target_legality_chooses_x_before_targets
        PASS [   0.257s] ( 574/5512) phase-engine game::casting::tests::overload_castable_with_no_legal_printed_target
        PASS [   0.083s] ( 575/5512) phase-engine game::casting::tests::paid_cast_with_explicit_duration_remains_a_lingering_permission
        PASS [   1.019s] ( 576/5512) phase-engine game::casting::tests::namor_colored_pip_cast_trigger::casting_non_blue_spell_creates_no_tokens
        PASS [   0.091s] ( 577/5512) phase-engine game::casting::tests::paid_during_resolution_cast_router_is_independent_of_chosen_card_zone
        PASS [   0.071s] ( 578/5512) phase-engine game::casting::tests::parsed_static_graveyard_escape_grant_makes_spell_castable
        PASS [   0.048s] ( 579/5512) phase-engine game::casting::tests::path_of_ancestry_fires_for_a_deck_pool_registered_commander
        PASS [   0.076s] ( 580/5512) phase-engine game::casting::tests::path_of_ancestry_fires_for_a_commander_an_opponent_controls
        PASS [   0.054s] ( 581/5512) phase-engine game::casting::tests::pay_and_push_emits_targeting_events_for_chained_spell_targets
        PASS [   0.040s] ( 582/5512) phase-engine game::casting::tests::pay_life_activated_ability_filtered_under_cant_lose_life
        PASS [   1.248s] ( 583/5512) phase-engine game::casting::tests::namor_colored_pip_cast_trigger::casting_two_blue_pip_spell_creates_two_merfolk_tokens
        PASS [   0.035s] ( 584/5512) phase-engine game::casting::tests::pay_life_activated_ability_filtered_when_insufficient_life
        PASS [   0.112s] ( 585/5512) phase-engine game::casting::tests::pay_cost_spell_resume_auto_cast_remains_offered
        PASS [   0.028s] ( 586/5512) phase-engine game::casting::tests::pending_cast_missing_casting_permission_index_defaults_to_none
        PASS [   0.047s] ( 587/5512) phase-engine game::casting::tests::pay_life_activated_ability_legal_without_lock
        PASS [   0.035s] ( 588/5512) phase-engine game::casting::tests::pending_next_spell_cant_be_countered_stamped_on_stack
        PASS [   0.036s] ( 589/5512) phase-engine game::casting::tests::pending_next_spell_chosen_creature_type_flash_uses_grant_source
        PASS [   0.035s] ( 590/5512) phase-engine game::casting::tests::pending_next_spell_convoke_grant_applies_to_next_cast
        PASS [   0.039s] ( 591/5512) phase-engine game::casting::tests::pending_next_spell_without_paying_respects_type_filter
        PASS [   0.031s] ( 592/5512) phase-engine game::casting::tests::per_permanent_type_slot::pick_per_permanent_type_slot_independent_per_type
        PASS [   0.043s] ( 593/5512) phase-engine game::casting::tests::pending_next_spell_without_paying_zeros_mana_cost
        PASS [   0.034s] ( 594/5512) phase-engine game::casting::tests::per_turn_limit_all_players_blocks_after_one_cast
        PASS [   0.042s] ( 595/5512) phase-engine game::casting::tests::per_turn_limit_controller_scope_blocks_only_controller
        PASS [   0.042s] ( 596/5512) phase-engine game::casting::tests::per_turn_limit_max_two_allows_second_cast
        PASS [   0.035s] ( 597/5512) phase-engine game::casting::tests::per_turn_limit_multiple_sources_strictest_wins
        PASS [   0.042s] ( 598/5512) phase-engine game::casting::tests::per_turn_limit_noncreature_filter_allows_creature_spells
        PASS [   0.036s] ( 599/5512) phase-engine game::casting::tests::per_turn_limit_opponents_scope_blocks_only_opponents
        PASS [   1.020s] ( 600/5512) phase-engine game::casting::tests::optional_instead_damage_spells_require_a_legal_target_to_be_castable
        PASS [   0.088s] ( 601/5512) phase-engine game::casting::tests::perpetual_cost_multiple_grants_stack_and_floor
        PASS [   0.060s] ( 602/5512) phase-engine game::casting::tests::perpetual_cost_raise_increases_self_cast_cost
        PASS [   0.107s] ( 603/5512) phase-engine game::casting::tests::perpetual_cost_reduce_floors_at_zero
        PASS [   0.064s] ( 604/5512) phase-engine game::casting::tests::perpetual_cost_reduce_persists_across_zone_change
        PASS [   0.794s] ( 605/5512) phase-engine game::casting::tests::ovika_noncreature_spell_token_trigger::token_count_tracks_spell_mana_value
        PASS [   0.105s] ( 606/5512) phase-engine game::casting::tests::perpetual_cost_reduce_lowers_self_cast_cost
        PASS [   0.054s] ( 607/5512) phase-engine game::casting::tests::perpetual_mass_hand_cost_reduces_only_matching_cards
        PASS [   0.918s] ( 608/5512) phase-engine game::casting::tests::ovika_noncreature_spell_token_trigger::casting_mana_value_three_spell_creates_three_goblins
        PASS [   0.048s] ( 609/5512) phase-engine game::casting::tests::perpetual_mass_hand_each_dragon_reduces_only_dragons
        PASS [   0.039s] ( 610/5512) phase-engine game::casting::tests::persistent_exile_play_permission_surfaces_linked_card
        PASS [   0.048s] ( 611/5512) phase-engine game::casting::tests::persistent_exile_play_permission_surfaces_linked_land
        PASS [   0.076s] ( 612/5512) phase-engine game::casting::tests::persistent_exile_play_permission_casts_linked_card_through_action
        PASS [   0.073s] ( 613/5512) phase-engine game::casting::tests::persistent_exile_play_permission_plays_linked_land_through_action
        PASS [   0.062s] ( 614/5512) phase-engine game::casting::tests::persistent_exile_play_permission_rejects_unlinked_card
        PASS [   0.192s] ( 615/5512) phase-engine game::casting::tests::perpetual_cost_reduce_payable_through_cast_pipeline
        PASS [   0.070s] ( 616/5512) phase-engine game::casting::tests::persistent_exile_play_permission_your_turn_only_timing
        PASS [   0.063s] ( 617/5512) phase-engine game::casting::tests::phyrexian_cast_denied_when_life_insufficient
        PASS [   0.062s] ( 618/5512) phase-engine game::casting::tests::phyrexian_cast_no_pause_when_all_shards_trivial
        PASS [   0.072s] ( 619/5512) phase-engine game::casting::tests::phyrexian_cast_denied_under_cant_lose_life
        PASS [   0.070s] ( 620/5512) phase-engine game::casting::tests::phyrexian_cast_with_life_deducts_life
        PASS [   0.067s] ( 621/5512) phase-engine game::casting::tests::phyrexian_cast_with_mana_leaves_life_unchanged
        PASS [   0.052s] ( 622/5512) phase-engine game::casting::tests::phyrexian_mixed_one_mana_one_life
        PASS [   0.053s] ( 623/5512) phase-engine game::casting::tests::phyrexian_multi_shard_all_life_deducts_per_shard
        PASS [   0.077s] ( 624/5512) phase-engine game::casting::tests::phyrexian_engine_rejects_mismatched_choice_count
        PASS [   0.042s] ( 625/5512) phase-engine game::casting::tests::phyrexian_shards_uncorrupted_by_pin
        PASS [   0.071s] ( 626/5512) phase-engine game::casting::tests::phyrexian_engine_round_trip_pay_life
        PASS [   0.075s] ( 627/5512) phase-engine game::casting::tests::phyrexian_engine_round_trip_dispatcher
        PASS [   0.046s] ( 628/5512) phase-engine game::casting::tests::phyrexian_submit_rejects_stale_paylife_under_insufficient_life
        PASS [   0.066s] ( 629/5512) phase-engine game::casting::tests::phyrexian_spell_prepass_honors_spell_mana_restrictions
        PASS [   0.060s] ( 630/5512) phase-engine game::casting::tests::pin_preserves_z_eligible_unit
        PASS [   0.068s] ( 631/5512) phase-engine game::casting::tests::phyrexian_tap_activation_rejects_unavailable_mana_route_without_mutation
        PASS [   0.034s] ( 632/5512) phase-engine game::casting::tests::pithing_needle_blocks_named_non_mana_ability_but_not_mana_ability
        PASS [   0.072s] ( 633/5512) phase-engine game::casting::tests::pip_id_counter_survives_save_load
        PASS [   0.096s] ( 634/5512) phase-engine game::casting::tests::phyrexian_tap_activation_preserves_life_and_mana_routes_without_eager_tap
        PASS [   0.043s] ( 635/5512) phase-engine game::casting::tests::play_from_exile_card_filter_gates_by_type
        PASS [   0.074s] ( 636/5512) phase-engine game::casting::tests::play_from_exile_any_color_is_bound_to_elected_object_permission
        PASS [   0.063s] ( 637/5512) phase-engine game::casting::tests::play_from_exile_any_color_preserves_snow_source_requirement
        PASS [   0.035s] ( 638/5512) phase-engine game::casting::tests::play_from_exile_cast_cost_modifier_increases_generic
        PASS [   0.065s] ( 639/5512) phase-engine game::casting::tests::play_from_exile_any_color_preserves_strict_colorless_requirement
        PASS [   0.045s] ( 640/5512) phase-engine game::casting::tests::play_from_exile_cast_cost_modifier_only_applies_to_grantee
        PASS [   0.105s] ( 641/5512) phase-engine game::casting::tests::play_from_exile_any_color_pays_colored_cost_and_respects_grantee
        PASS [   0.041s] ( 642/5512) phase-engine game::casting::tests::play_from_exile_single_use_consumes_with_rider_fields
        PASS [   0.051s] ( 643/5512) phase-engine game::casting::tests::play_from_exile_grant_binds_to_grantee_and_carries_any_mana_permission
        PASS [   0.041s] ( 644/5512) phase-engine game::casting::tests::play_from_exile_single_use_tracks_overlapping_sets_from_same_source
        PASS [   0.058s] ( 645/5512) phase-engine game::casting::tests::play_from_exile_single_use_blocks_second_cast
        PASS [   0.038s] ( 646/5512) phase-engine game::casting::tests::play_land_rejects_an_occupied_stack
        PASS [   0.073s] ( 647/5512) phase-engine game::casting::tests::play_land_from_granted_permission_enters_under_player_control
        PASS [   0.065s] ( 648/5512) phase-engine game::casting::tests::plot_from_library::execute_plot_exiles_face_up_and_grants_plotted
        PASS [   0.077s] ( 649/5512) phase-engine game::casting::tests::plot_from_library::plot_offered_for_nonland_top_only_on_own_empty_main
        PASS [   0.110s] ( 650/5512) phase-engine game::casting::tests::plot_from_library::cast_permission_source_is_not_a_plot_authorizer
        PASS [   0.109s] ( 651/5512) phase-engine game::casting::tests::plot_from_library::plot_offer_vanishes_when_authorizer_leaves
        PASS [   0.060s] ( 652/5512) phase-engine game::casting::tests::plot_from_library::plot_union_within_role_no_cross_source_veto
        PASS [   0.053s] ( 653/5512) phase-engine game::casting::tests::plot_special_action_bypasses_activated_ability_prohibitions
        PASS [   0.126s] ( 654/5512) phase-engine game::casting::tests::plot_from_library::plot_offered_only_for_the_top_card_not_second_from_top
        PASS [   0.125s] ( 655/5512) phase-engine game::casting::tests::plot_from_library::plot_requires_both_grant_and_permission_roles
        PASS [   0.045s] ( 656/5512) phase-engine game::casting::tests::plot_special_action_ignores_generic_activated_ability_cost_modifiers
        PASS [   0.108s] ( 657/5512) phase-engine game::casting::tests::plot_from_library::plot_requires_nonland_top
        PASS [   0.062s] ( 658/5512) phase-engine game::casting::tests::plot_special_action_still_enforces_sorcery_speed_timing
        PASS [   0.237s] ( 659/5512) phase-engine game::casting::tests::plot_from_library::maylook_exposes_own_library_top_to_viewer_only
        PASS [   0.056s] ( 660/5512) phase-engine game::casting::tests::prepare_spell_cast_chains_all_non_modal_spell_abilities_in_order
        PASS [   0.049s] ( 661/5512) phase-engine game::casting::tests::primal_prayers_flash_rider_does_not_authorize_normal_cost_cast
        PASS [   0.053s] ( 662/5512) phase-engine game::casting::tests::primal_prayers_outside_timing_requires_energy_alternative_cost
        PASS [   0.042s] ( 663/5512) phase-engine game::casting::tests::priority_offers_an_opponents_ability_when_its_activator_filter_allows_it
        PASS [   0.053s] ( 664/5512) phase-engine game::casting::tests::priority_activation_candidates_share_activation_restriction_static_gate
        PASS [   0.110s] ( 665/5512) phase-engine game::casting::tests::powerstones_do_not_make_go_for_the_throat_castable
        PASS [   0.068s] ( 666/5512) phase-engine game::casting::tests::priority_land_play_omits_an_exile_land_blocked_by_a_play_restriction
        PASS [   0.049s] ( 667/5512) phase-engine game::casting::tests::priority_spell_candidates_without_keyword_grants_skip_static_scans
        PASS [   0.085s] ( 668/5512) phase-engine game::casting::tests::priority_spell_candidates_scan_and_merge_present_keyword_grants
        PASS [   0.058s] ( 669/5512) phase-engine game::casting::tests::prohibit_activity_activate_abilities_blocks_non_mana_but_exempts_mana
        PASS [   0.045s] ( 670/5512) phase-engine game::casting::tests::prototype_cast_flow::next_spell_without_paying_zeroes_a_prototyped_cast
        PASS [   0.058s] ( 671/5512) phase-engine game::casting::tests::prototype_cast_flow::choosing_prototype_sets_stack_characteristics
        PASS [   0.064s] ( 672/5512) phase-engine game::casting::tests::prohibit_activity_cast_spells_filter_blocks_only_matching_spell_types
        PASS [   0.048s] ( 673/5512) phase-engine game::casting::tests::prototype_cast_flow::offer_prototype_when_both_costs_affordable
        PASS [   0.044s] ( 674/5512) phase-engine game::casting::tests::prowl_available_after_matching_creature_type_combat_damage
        PASS [   0.052s] ( 675/5512) phase-engine game::casting::tests::prototype_from_exile_uses_play_permission_any_color_not_alt_cost_sibling
        PASS [   0.049s] ( 676/5512) phase-engine game::casting::tests::prowl_unavailable_without_matching_combat_damage
        PASS [   0.051s] ( 677/5512) phase-engine game::casting::tests::prowl_requires_creature_type_overlap
        PASS [   0.080s] ( 678/5512) phase-engine game::casting::tests::prowl_ledger_resets_at_turn_cleanup
        PASS [   0.068s] ( 679/5512) phase-engine game::casting::tests::quistis_class_grant_forwards_any_type_mana_and_pays_off_color_full_cost
        PASS [   0.072s] ( 680/5512) phase-engine game::casting::tests::quantity_vs_each_opponent_skips_a_player_who_left_the_game
        PASS [   0.074s] ( 681/5512) phase-engine game::casting::tests::raise_cost_static_allows_affordable_noncreature_cast
        PASS [   0.101s] ( 682/5512) phase-engine game::casting::tests::raise_cost_static_prevents_unaffordable_noncreature_cast
        PASS [   0.229s] ( 683/5512) phase-engine game::casting::tests::pure_chosen_color_without_choice_does_not_auto_pay_from_preview_colors
        PASS [   0.038s] ( 684/5512) phase-engine game::casting::tests::reduce_generic_floors_at_zero
        PASS [   0.137s] ( 685/5512) phase-engine game::casting::tests::ravenous_trap_alt_cost_offered_at_threshold
        PASS [   0.194s] ( 686/5512) phase-engine game::casting::tests::ravenous_trap_alt_cost_not_offered_below_threshold
        PASS [   0.069s] ( 687/5512) phase-engine game::casting::tests::reduce_generic_in_composite
        PASS [   0.067s] ( 688/5512) phase-engine game::casting::tests::reduce_generic_in_mana_cost
        PASS [   0.144s] ( 689/5512) phase-engine game::casting::tests::ravenous_trap_alt_cost_owner_not_controller_discriminator
        PASS [   0.032s] ( 690/5512) phase-engine game::casting::tests::reduce_generic_with_minimum_mana_keeps_one_generic_when_no_colored_symbols
        PASS [   0.072s] ( 691/5512) phase-engine game::casting::tests::reduce_generic_no_op_on_colored_only
        PASS [   0.060s] ( 692/5512) phase-engine game::casting::tests::reduce_generic_with_minimum_mana_counts_colored_symbols
        PASS [   0.043s] ( 693/5512) phase-engine game::casting::tests::remove_counter_cost::emits_counter_removed_through_replacement_pipeline
        PASS [   0.044s] ( 694/5512) phase-engine game::casting::tests::remove_counter_cost::cancel_after_targeted_x_counter_choice_does_not_pay_automatic_costs
        PASS [   0.076s] ( 695/5512) phase-engine game::casting::tests::remove_counter_cost::any_number_counter_activation_cost_prompts_and_pays_chosen_count
        PASS [   0.044s] ( 696/5512) phase-engine game::casting::tests::remove_counter_cost::from_among_any_counter_cost_can_distribute_across_counter_types
        PASS [   0.035s] ( 697/5512) phase-engine game::casting::tests::remove_counter_cost::modal_x_counter_activation_cost_prompts_after_mode_choice
        PASS [   0.038s] ( 698/5512) phase-engine game::casting::tests::remove_counter_cost::modal_x_counter_activation_cost_prompts_for_non_x_selected_mode
        PASS [   0.056s] ( 699/5512) phase-engine game::casting::tests::remove_counter_cost::from_among_x_counter_activation_cost_caps_and_pays_exact_distribution
        PASS [   0.027s] ( 700/5512) phase-engine game::casting::tests::remove_counter_cost::not_payable_with_insufficient_counters
        PASS [   0.071s] ( 701/5512) phase-engine game::casting::tests::remove_counter_cost::modal_targeted_x_counter_activation_cost_preserves_deferred_mode_targeting
        PASS [   0.035s] ( 702/5512) phase-engine game::casting::tests::remove_counter_cost::not_payable_without_counters
        PASS [   0.039s] ( 703/5512) phase-engine game::casting::tests::remove_counter_cost::targeted_x_any_counter_cost_caps_by_largest_concrete_counter_stack
        PASS [   0.059s] ( 704/5512) phase-engine game::casting::tests::remove_counter_cost::pays_when_counters_present
        PASS [   0.045s] ( 705/5512) phase-engine game::casting::tests::remove_counter_cost::targeted_counter_cost_prompts_and_removes_from_chosen_permanent
        PASS [   0.064s] ( 706/5512) phase-engine game::casting::tests::remove_counter_cost::targeted_x_counter_activation_cost_allows_zero_without_cost_target
        PASS [   0.065s] ( 707/5512) phase-engine game::casting::tests::remove_counter_cost::targeted_x_counter_activation_cost_pays_residual_costs_once
        PASS [   0.078s] ( 708/5512) phase-engine game::casting::tests::remove_counter_cost::targeted_x_counter_activation_cost_prompts_x_before_targeted_cost_payment
        PASS [   0.042s] ( 709/5512) phase-engine game::casting::tests::remove_counter_cost::x_counter_activation_cost_caps_and_pays_chosen_counter_count
        PASS [   0.093s] ( 710/5512) phase-engine game::casting::tests::remove_counter_cost::targeted_x_counter_activation_cost_pays_tap_component
        PASS [   0.044s] ( 711/5512) phase-engine game::casting::tests::remove_counter_cost::x_counter_activation_cost_target_legality_defers_until_x_choice
        PASS [   0.033s] ( 712/5512) phase-engine game::casting::tests::remove_counter_cost::x_counter_activation_cost_without_x_mana_prompts_and_pays_chosen_count
        PASS [   0.072s] ( 713/5512) phase-engine game::casting::tests::remove_counter_cost::x_counter_activation_cost_with_negative_x_pump_prompts_and_pays_chosen_count
        PASS [   0.059s] ( 714/5512) phase-engine game::casting::tests::required_sacrifice_land_additional_cost_prompts_before_stack
        PASS [   0.071s] ( 715/5512) phase-engine game::casting::tests::required_pay_x_life_additional_cost_sets_chosen_x_for_resolution
        PASS [   0.061s] ( 716/5512) phase-engine game::casting::tests::required_x_sacrifice_spell_selects_targets_before_sacrificing
        PASS [   0.056s] ( 717/5512) phase-engine game::casting::tests::resolution_cast_auto_selects_its_only_legal_spell_face
        PASS [   0.048s] ( 718/5512) phase-engine game::casting::tests::resolution_cast_cancel_after_paid_face_preparation_routes_through_cleanup
        PASS [   0.045s] ( 719/5512) phase-engine game::casting::tests::resolution_cast_routes_zero_legal_spell_faces_through_abort_cleanup
        PASS [   0.061s] ( 720/5512) phase-engine game::casting::tests::resolution_cast_cancel_from_collect_evidence_routes_through_cleanup
        PASS [   0.775s] ( 721/5512) phase-engine game::casting::tests::pure_reflection_mana_value_token_pt::reflection_token_pt_binds_spell_mana_value
        PASS [   0.069s] ( 722/5512) phase-engine game::casting::tests::resolution_cast_two_legal_faces_issues_and_completes_exact_face_choice
        PASS [   0.080s] ( 723/5512) phase-engine game::casting::tests::resolution_cast_transformed_keeps_front_on_stack_and_enters_back
        PASS [   0.046s] ( 724/5512) phase-engine game::casting::tests::resolution_full_cost_auto_selects_only_legal_back_face
        PASS [   0.101s] ( 725/5512) phase-engine game::casting::tests::resolution_face_projection_limits_aftermath_half_to_graveyard
        PASS [   0.099s] ( 726/5512) phase-engine game::casting::tests::resolution_face_projection_rejects_a_zone_prohibited_cast_before_announcement
        PASS [   0.056s] ( 727/5512) phase-engine game::casting::tests::resolution_full_cost_graveyard_cast_uses_printed_cost_not_flashback
        PASS [   0.069s] ( 728/5512) phase-engine game::casting::tests::resolution_full_cost_face_choice_preserves_elected_face_and_additional_cost
        PASS [   0.064s] ( 729/5512) phase-engine game::casting::tests::resolution_modal_forged_late_rejection_preserves_delayed_tail_receipt_and_state
        PASS [   0.048s] ( 730/5512) phase-engine game::casting::tests::resolve_discard_requirement_fixed_one_empty_hand_is_unpayable_err
        PASS [   0.086s] ( 731/5512) phase-engine game::casting::tests::resolution_modal_face_choice_issues_cancel_and_removes_its_exact_permission
        PASS [   0.079s] ( 732/5512) phase-engine game::casting::tests::resolution_spell_face_admission_applies_frozen_constraint_per_private_library_face
        PASS [   0.061s] ( 733/5512) phase-engine game::casting::tests::resolve_discard_requirement_fixed_two_with_three_eligible_offers_all
        PASS [   0.047s] ( 734/5512) phase-engine game::casting::tests::resolve_discard_requirement_source_card_scope_is_not_auto_paid
        PASS [   0.051s] ( 735/5512) phase-engine game::casting::tests::retrace_graveyard_spell_surfaces_when_land_discard_and_mana_are_payable
        PASS [   0.048s] ( 736/5512) phase-engine game::casting::tests::retrace_without_discardable_land_is_not_a_legal_cast_action
        PASS [   0.067s] ( 737/5512) phase-engine game::casting::tests::retrace_spell_resolves_to_graveyard_not_exile
        PASS [   0.081s] ( 738/5512) phase-engine game::casting::tests::retrace_cast_discards_only_land_then_pushes_spell_with_retrace_variant
        PASS [   0.061s] ( 739/5512) phase-engine game::casting::tests::return_to_hand_cost_moves_selected_permanent_before_activation
        PASS [   0.040s] ( 740/5512) phase-engine game::casting::tests::second_kicked_spell_not_reduced_after_first_kicked_this_turn
        PASS [   0.045s] ( 741/5512) phase-engine game::casting::tests::select_mode_duplicate_rejected
        PASS [   0.089s] ( 742/5512) phase-engine game::casting::tests::same_object_id_recast_receives_a_distinct_cast_occurrence
        PASS [   0.123s] ( 743/5512) phase-engine game::casting::tests::rowan_scion_of_war_zero_life_lost_at_resolution_snapshots_zero
        PASS [   0.089s] ( 744/5512) phase-engine game::casting::tests::select_mode_invalid_count_rejected
        PASS [   0.162s] ( 745/5512) phase-engine game::casting::tests::rowan_scion_of_war_reduces_black_red_spells_by_life_lost
        PASS [   0.059s] ( 746/5512) phase-engine game::casting::tests::select_mode_with_no_target_goes_to_priority
        PASS [   0.059s] ( 747/5512) phase-engine game::casting::tests::select_mode_with_target_enters_targeting
        PASS [   0.054s] ( 748/5512) phase-engine game::casting::tests::self_cost_reduction_applies_after_battlefield_increase_floor
        PASS [   0.119s] ( 749/5512) phase-engine game::casting::tests::select_mode_out_of_range_rejected
        PASS [   0.050s] ( 750/5512) phase-engine game::casting::tests::self_cost_reduction_applies_from_command_zone
        PASS [   0.055s] ( 751/5512) phase-engine game::casting::tests::self_cost_reduction_applies_from_graveyard
        PASS [   0.052s] ( 752/5512) phase-engine game::casting::tests::self_graveyard_static_flashback_grant_is_castable
        PASS [   0.044s] ( 753/5512) phase-engine game::casting::tests::self_return_to_hand_cost_only_offers_source
        PASS [   0.087s] ( 754/5512) phase-engine game::casting::tests::self_graveyard_cast_permission_only_allows_source_card_when_condition_met
        PASS [   1.252s] ( 755/5512) phase-engine game::casting::tests::pure_reflection_mana_value_token_pt::reflection_token_pt_sums_generic_and_colored_pips
        PASS [   0.092s] ( 756/5512) phase-engine game::casting::tests::self_ref_exile_cost_exiles_card_from_hand
        PASS [   0.040s] ( 757/5512) phase-engine game::casting::tests::skyseer_increases_chosen_name_activated_ability_cost
        PASS [   0.114s] ( 758/5512) phase-engine game::casting::tests::self_graveyard_cast_permission_respects_condition
        PASS [   0.095s] ( 759/5512) phase-engine game::casting::tests::single_candidate_exile_permission_elects_permission_and_zeros_mana
        PASS [   0.067s] ( 760/5512) phase-engine game::casting::tests::snapshot_first_qualifying_spell_captures_grant_second_does_not
        PASS [   0.310s] ( 761/5512) phase-engine game::casting::tests::sneak_cast_hand_sorcery_resolves_without_alongside_attacker
        PASS [   0.349s] ( 762/5512) phase-engine game::casting::tests::single_candidate_normal_hand_cast_unchanged_by_exile_election
        PASS [   0.316s] ( 763/5512) phase-engine game::casting::tests::sneak_cast_not_legal_action_outside_declare_blockers
        PASS [   0.281s] ( 764/5512) phase-engine game::casting::tests::sneak_cast_rejected_outside_declare_blockers
        PASS [   0.278s] ( 765/5512) phase-engine game::casting::tests::sneak_cast_rejected_when_creature_not_an_attacker
        PASS [   0.044s] ( 766/5512) phase-engine game::casting::tests::sneak_cast_requires_source_in_hand
        PASS [   0.343s] ( 767/5512) phase-engine game::casting::tests::sneak_cast_legal_action_in_declare_blockers
        PASS [   0.061s] ( 768/5512) phase-engine game::casting::tests::sneak_cast_resolves_tapped_and_attacking
        PASS [   0.062s] ( 769/5512) phase-engine game::casting::tests::sneak_cast_succeeds_and_pays_sneak_cost
        PASS [   0.095s] ( 770/5512) phase-engine game::casting::tests::sneak_cast_rejected_when_no_sneak_on_card
        PASS [   0.071s] ( 771/5512) phase-engine game::casting::tests::snuff_out_alt_cost_paid_resolves_destroy_on_chosen_target
        PASS [   0.069s] ( 772/5512) phase-engine game::casting::tests::sorcery_speed_rejects_during_opponent_turn
        PASS [   0.050s] ( 773/5512) phase-engine game::casting::tests::source_controller_scope_is_locked_to_activator_not_source
        PASS [   0.059s] ( 774/5512) phase-engine game::casting::tests::sorcery_speed_rejects_when_stack_not_empty
        PASS [   0.064s] ( 775/5512) phase-engine game::casting::tests::spectacle_offered_only_when_opponent_lost_life
        PASS [   0.070s] ( 776/5512) phase-engine game::casting::tests::spell_auto_tap_honors_exile_any_color_permission
        PASS [   0.058s] ( 777/5512) phase-engine game::casting::tests::spell_cast_writer_error_mappings_are_explicit_and_non_panicking
        PASS [   0.068s] ( 778/5512) phase-engine game::casting::tests::spell_cast_from_hand_moves_to_stack
        PASS [   0.113s] ( 779/5512) phase-engine game::casting::tests::spectacle_full_cast_pays_spectacle_cost
        PASS [   0.051s] ( 780/5512) phase-engine game::casting::tests::spell_is_on_stack_during_target_selection
        PASS [   0.032s] ( 781/5512) phase-engine game::casting::tests::spell_matches_cost_filter_fail_closed_for_unrecognized_variants
        PASS [   0.049s] ( 782/5512) phase-engine game::casting::tests::spell_meta_includes_supertypes_for_restricted_mana
        PASS [   0.048s] ( 783/5512) phase-engine game::casting::tests::spend_pool_mana_is_mana_ability
        PASS [   0.069s] ( 784/5512) phase-engine game::casting::tests::split_second_blocks_spells_but_permits_mana_abilities
        PASS [   0.103s] ( 785/5512) phase-engine game::casting::tests::spell_one_of_cost_auto_cast_remains_offered_and_reaches_one_of_choice
        PASS [   0.090s] ( 786/5512) phase-engine game::casting::tests::stale_pin_pruned_on_untap
        PASS [   0.057s] ( 787/5512) phase-engine game::casting::tests::static_graveyard_flashback_grant_makes_spell_castable
        PASS [   0.075s] ( 788/5512) phase-engine game::casting::tests::successful_cast_after_extra_convoke_tap_removes_unused_marker_and_untaps_creature
        PASS [   0.040s] ( 789/5512) phase-engine game::casting::tests::summoning_sickness_gate::animated_land_this_turn_cannot_tap
        PASS [   0.180s] ( 790/5512) phase-engine game::casting::tests::standard_cast_stamps_one_occurrence_on_record_object_and_resolved_chain
        PASS [   0.032s] ( 791/5512) phase-engine game::casting::tests::summoning_sickness_gate::creature_cast_previous_turn_can_tap
        PASS [   0.040s] ( 792/5512) phase-engine game::casting::tests::summoning_sickness_gate::creature_cast_this_turn_cannot_tap
        PASS [   0.042s] ( 793/5512) phase-engine game::casting::tests::summoning_sickness_gate::haste_creature_can_tap_same_turn
        PASS [   0.041s] ( 794/5512) phase-engine game::casting::tests::summoning_sickness_gate::non_creature_artifact_can_tap_same_turn
        PASS [   0.043s] ( 795/5512) phase-engine game::casting::tests::summoning_sickness_gate::untap_cost_also_gated
        PASS [   0.042s] ( 796/5512) phase-engine game::casting::tests::surge_available_after_casting_another_spell
        PASS [   0.273s] ( 797/5512) phase-engine game::casting::tests::stolen_uniform_binds_gaincontrol_and_attach_to_precise_slots
        PASS [   0.041s] ( 798/5512) phase-engine game::casting::tests::surge_available_when_teammate_cast_a_spell
        PASS [   0.036s] ( 799/5512) phase-engine game::casting::tests::surge_unavailable_when_only_opponent_cast_a_spell
        PASS [   0.038s] ( 800/5512) phase-engine game::casting::tests::surge_variant_is_alt_cost_without_exile
        PASS [   0.046s] ( 801/5512) phase-engine game::casting::tests::tamiyo_emblem_does_not_free_cast_commander_from_command_zone
        PASS [   0.089s] ( 802/5512) phase-engine game::casting::tests::surge_unavailable_without_another_spell_this_turn
        PASS [   0.053s] ( 803/5512) phase-engine game::casting::tests::tamiyo_emblem_free_casts_spells_from_hand
        PASS [   0.082s] ( 804/5512) phase-engine game::casting::tests::tapped_relic_can_use_a_new_legend_to_pay_a_second_creature_spell
        PASS [   0.044s] ( 805/5512) phase-engine game::casting::tests::target_declaration_classifies_opponent_player_as_a_provisional_crime
        PASS [   0.047s] ( 806/5512) phase-engine game::casting::tests::target_dependent_battlefield_tax_applies_after_targeting_matching_commander
        PASS [   0.049s] ( 807/5512) phase-engine game::casting::tests::target_dependent_battlefield_tax_does_not_block_modal_cast_before_targets
        PASS [   0.057s] ( 808/5512) phase-engine game::casting::tests::target_dependent_battlefield_tax_ignores_nonmatching_targets
        PASS [   0.180s] ( 809/5512) phase-engine game::casting::tests::target_declaration_classifies_opponent_object_as_a_provisional_crime
        PASS [   0.068s] ( 810/5512) phase-engine game::casting::tests::target_dependent_battlefield_tax_is_paid_after_matching_target_selection
        PASS [   0.043s] ( 811/5512) phase-engine game::casting::tests::target_gated_self_cost_reduction_applies_after_target_selection
        PASS [   0.597s] ( 812/5512) phase-engine game::casting::tests::stolen_uniform_lose_control_fold_leaves_opponent_hosted_equipment
        PASS [   0.089s] ( 813/5512) phase-engine game::casting::tests::targeted_composite_mana_tap_activation_excludes_source_after_target_selection
        PASS [   0.106s] ( 814/5512) phase-engine game::casting::tests::targeted_activation_replacement_pause_preserves_selected_targets
        PASS [   0.038s] ( 815/5512) phase-engine game::casting::tests::terminal_cancel_with_fresh_pending_cast_drops_delve_markers
        PASS [   0.034s] ( 816/5512) phase-engine game::casting::tests::thaumaton_torpedo_cost_reduction_requires_spacecraft_attacker
        PASS [   0.124s] ( 817/5512) phase-engine game::casting::tests::targeted_exile_cost_activation_with_no_legal_target_does_not_prompt_or_pay_cost
        PASS [   0.033s] ( 818/5512) phase-engine game::casting::tests::the_x_lock_passes_through_a_carrier_deferred_to_another_point
        PASS [   0.049s] ( 819/5512) phase-engine game::casting::tests::tolarian_terror_self_cost_reduction_applies_from_hand
        PASS [   0.775s] ( 820/5512) phase-engine game::casting::tests::stolen_uniform_lose_control_unattaches_only_that_equipment
        PASS [   0.170s] ( 821/5512) phase-engine game::casting::tests::the_end_searches_target_controller_zones_and_draws_for_them
        PASS [   0.062s] ( 822/5512) phase-engine game::casting::tests::top_of_library_cast_permission_runtime::mixed_disjunctive_play_permission_surfaces_land_creature_and_enchantment
        PASS [   0.049s] ( 823/5512) phase-engine game::casting::tests::top_of_library_cast_permission_runtime::no_static_means_no_top_of_library_cast
        PASS [   0.053s] ( 824/5512) phase-engine game::casting::tests::top_of_library_cast_permission_runtime::realmwalker_filter_reevaluates_per_priority_window
        PASS [   0.036s] ( 825/5512) phase-engine game::casting::tests::top_of_library_cast_permission_runtime::realmwalker_grants_cast_permission_when_top_matches_filter
        PASS [   0.059s] ( 826/5512) phase-engine game::casting::tests::top_of_library_cast_permission_runtime::once_per_turn_top_of_library_frequency_gates_offer
        PASS [   0.262s] ( 827/5512) phase-engine game::casting::tests::test_of_talents_counters_spell_and_draws_for_its_controller
        PASS [   0.020s] ( 828/5512) phase-engine game::casting::tests::top_of_library_cast_permission_runtime::unlimited_top_of_library_ignores_used_set
        PASS [   0.057s] ( 829/5512) phase-engine game::casting::tests::top_of_library_cast_permission_runtime::realmwalker_rejects_top_when_filter_misses
        PASS [   0.058s] ( 830/5512) phase-engine game::casting::tests::top_of_library_cast_permission_runtime::selection_prefers_unlimited_over_once_per_turn
        PASS [   0.067s] ( 831/5512) phase-engine game::casting::tests::top_of_library_cast_permission_runtime::selected_permission_helper_reports_source_and_frequency
        PASS [   0.273s] ( 832/5512) phase-engine game::casting::tests::tinybones_3player_cast_restricted_to_damaged_player_graveyard
        PASS [   0.041s] ( 833/5512) phase-engine game::casting::tests::transient_activation_cost_reduction_hits_only_controlled_artifact_tokens
        PASS [   0.081s] ( 834/5512) phase-engine game::casting::tests::toxic_deluge_style_x_life_additional_cost_still_pays_mana_cost
        PASS [   0.101s] ( 835/5512) phase-engine game::casting::tests::transfigure_searches_battlefield_source_mana_value_for_creature
        PASS [   0.043s] ( 836/5512) phase-engine game::casting::tests::transient_flashback_grant_in_graveyard_is_castable_until_cleanup
        PASS [   0.051s] ( 837/5512) phase-engine game::casting::tests::transient_grant_display_name_keeps_the_source_snapshot
        PASS [   0.047s] ( 838/5512) phase-engine game::casting::tests::transient_player_wide_grant_stops_when_its_duration_lapses
        PASS [   0.078s] ( 839/5512) phase-engine game::casting::tests::transient_object_bound_grant_is_ignored_after_its_recipient_leaves
        PASS [   0.077s] ( 840/5512) phase-engine game::casting::tests::transmute_search_uses_discarded_cards_mana_value
        PASS [   0.051s] ( 841/5512) phase-engine game::casting::tests::trinisphere_disabled_when_tapped
        PASS [   0.042s] ( 842/5512) phase-engine game::casting::tests::trinisphere_does_not_affect_three_mana_spell
        PASS [   0.057s] ( 843/5512) phase-engine game::casting::tests::trinisphere_floors_no_cost_spell_to_three
        PASS [   0.056s] ( 844/5512) phase-engine game::casting::tests::trinisphere_floors_one_mana_spell_to_three
        PASS [   0.052s] ( 845/5512) phase-engine game::casting::tests::trinisphere_floors_opponent_spell
        PASS [   0.043s] ( 846/5512) phase-engine game::casting::tests::trinisphere_in_graveyard_does_nothing
        PASS [   0.042s] ( 847/5512) phase-engine game::casting::tests::unattach_cost::not_payable_for_attached_non_equipment
        PASS [   0.046s] ( 848/5512) phase-engine game::casting::tests::unattach_cost::not_payable_when_source_is_unattached
        PASS [   0.105s] ( 849/5512) phase-engine game::casting::tests::trinisphere_floors_two_mana_spell_to_three
        PASS [   0.057s] ( 850/5512) phase-engine game::casting::tests::unattach_cost::pays_by_detaching_source_equipment
        PASS [   0.065s] ( 851/5512) phase-engine game::casting::tests::undaunted_does_not_count_eliminated_opponents
        PASS [   0.104s] ( 852/5512) phase-engine game::casting::tests::undaunted_no_op_without_keyword
        PASS [   0.059s] ( 853/5512) phase-engine game::casting::tests::undaunted_reduces_generic_by_living_opponent_count
        PASS [   0.123s] ( 854/5512) phase-engine game::casting::tests::undaunted_multiple_instances_scale_by_living_opponents
        PASS [   0.059s] ( 855/5512) phase-engine game::casting::tests::unless_mana_payment_rejects_activation_only_source
        PASS [   0.631s] ( 856/5512) phase-engine game::casting::tests::torch_the_tower_deals_three_and_scries_when_bargained
        PASS [   0.148s] ( 857/5512) phase-engine game::casting::tests::unlimited_object_exile_land_permissions_do_not_consume_a_ledger_slot
        PASS [   0.214s] ( 858/5512) phase-engine game::casting::tests::unreadable_additional_cost_is_refused_not_free::an_unpayable_optional_cost_is_never_offered_to_the_player
        PASS [   0.293s] ( 859/5512) phase-engine game::casting::tests::unreadable_additional_cost_is_refused_not_free::main_event_horizon_carries_a_required_unreadable_cost
        PASS [   1.213s] ( 860/5512) phase-engine game::casting::tests::torch_the_tower_deals_two_without_bargaining
        PASS [   0.313s] ( 861/5512) phase-engine game::casting::tests::unreadable_additional_cost_is_refused_not_free::main_event_horizon_is_not_offered_and_is_refused
        PASS [   0.713s] ( 862/5512) phase-engine game::casting::tests::unreadable_additional_cost_is_refused_not_free::full_cast_is_refused_not_silently_free
        PASS [   0.180s] ( 863/5512) phase-engine game::casting::tests::unreadable_additional_cost_is_refused_not_free::optional_unreadable_cost_leaves_the_spell_castable
        PASS [   0.064s] ( 864/5512) phase-engine game::casting::tests::unsupported_leading_if_predicate_still_drops_option
        PASS [  11.185s] ( 865/5512) phase-engine game::casting::dandan_read_sweep_tests::graveyard_permission_slot_demand_counts_the_shared_pile
        PASS [   0.051s] ( 866/5512) phase-engine game::casting::tests::untapped_land_can_activate_composite_mana_tap_counter_ability_with_pooled_mana
        PASS [   0.051s] ( 867/5512) phase-engine game::casting::tests::valgavoth_alternative_cost_zeroes_mana_but_additional_keeps_it
        PASS [   0.045s] ( 868/5512) phase-engine game::casting::tests::valgavoth_exile_static_alternative_cost_gated_on_life
        PASS [   0.043s] ( 869/5512) phase-engine game::casting::tests::valgavoth_exile_static_alternative_cost_zeroes_mana_cost
        PASS [   0.952s] ( 870/5512) phase-engine game::casting::tests::unreadable_additional_cost_is_refused_not_free::cast_is_not_offered
        PASS [   0.046s] ( 871/5512) phase-engine game::casting::tests::visions_of_ruin_flashback_commander_mv_reduces_flashback_cost
        PASS [   0.912s] ( 872/5512) phase-engine game::casting::tests::unreadable_additional_cost_is_refused_not_free::fixture_really_carries_required_unimplemented
        PASS [   0.049s] ( 873/5512) phase-engine game::casting::tests::vizier_filtered_static_grants_any_type_mana_for_creature_spells
        PASS [   0.101s] ( 874/5512) phase-engine game::casting::tests::vicious_rivalry_additional_life_x_drives_destroyall_mv_filter
        PASS [   0.048s] ( 875/5512) phase-engine game::casting::tests::web_slinging_granted_to_legendary_colored_spell_in_hand
        PASS [   0.045s] ( 876/5512) phase-engine game::casting::tests::web_slinging_not_granted_to_colorless_legendary_spell
        PASS [   0.038s] ( 877/5512) phase-engine game::casting::tests::web_slinging_not_granted_to_nonlegendary_colored_spell
        PASS [   0.168s] ( 878/5512) phase-engine game::casting::tests::voltage_surge_deals_four_when_its_artifact_cost_is_paid
        PASS [   0.071s] ( 879/5512) phase-engine game::casting::tests::witherbloom_affinity_counts_buyback_during_full_cast_pipeline
        PASS [   0.103s] ( 880/5512) phase-engine game::casting::tests::will_scion_of_peace_reduces_white_blue_spells_by_life_gained
        PASS [   9.101s] ( 881/5512) phase-engine game::casting::tests::fuse_split_under_omniscience_keeps_normal_fuse_and_free_half_rows
        PASS [   0.042s] ( 882/5512) phase-engine game::casting::tests::witherbloom_recomputes_affinity_after_declared_additional_mana
        PASS [   0.055s] ( 883/5512) phase-engine game::casting::tests::witherbloom_grants_affinity_to_instant_and_sorcery_spells
        PASS [   0.212s] ( 884/5512) phase-engine game::casting::tests::voltage_surge_deals_two_without_a_sacrificeable_artifact
        PASS [   0.054s] ( 885/5512) phase-engine game::casting::tests::without_paying_graveyard_free_cast_bypasses_paid_offer
        PASS [   0.220s] ( 886/5512) phase-engine game::casting::tests::wedding_of_river_song_exiles_card_and_draws_two
        PASS [   0.071s] ( 887/5512) phase-engine game::casting::tests::x_composite_mana_tap_activation_excludes_source_during_pending_payment
        PASS [   0.205s] ( 888/5512) phase-engine game::casting::tests::worldsouls_rage_object_target_and_x_one_allow_a_land_subset
        PASS [   0.036s] ( 889/5512) phase-engine game::casting::tests::x_cost_accounts_for_pending_cost_reduction_in_max
        PASS [   0.121s] ( 890/5512) phase-engine game::casting::tests::x_composite_mana_tap_activation_rejects_source_only_pending_payment_without_tapping
        PASS [   0.289s] ( 891/5512) phase-engine game::casting::tests::worldsouls_rage_offered_x_is_payable_with_an_unchosen_citadel_copy
        PASS [   0.064s] ( 892/5512) phase-engine game::casting::tests::x_cost_activated_composite_tap_no_double_payment_on_interactive_targets
        PASS [   0.066s] ( 893/5512) phase-engine game::casting::tests::x_cost_activated_composite_tap_prompts_for_x_and_taps_on_resolution
        PASS [   0.122s] ( 894/5512) phase-engine game::casting::tests::x_cost_activated_composite_sacrifice_bounds_x_by_fixed_portion
        PASS [   0.046s] ( 895/5512) phase-engine game::casting::tests::x_cost_activated_minimum_above_payable_max_rejects_before_choose_x
        PASS [   0.051s] ( 896/5512) phase-engine game::casting::tests::x_cost_activation_defers_exact_target_count_until_x_is_announced
        PASS [   0.054s] ( 897/5512) phase-engine game::casting::tests::x_cost_activation_defers_x_dependent_target_filter_until_x_is_announced
        PASS [   0.068s] ( 898/5512) phase-engine game::casting::tests::x_cost_activated_minimum_rejects_zero_and_accepts_one
        PASS [   0.861s] ( 899/5512) phase-engine game::casting::tests::unreadable_additional_cost_is_refused_not_free::refused_cast_is_recoverable_via_cancel
        PASS [   0.067s] ( 900/5512) phase-engine game::casting::tests::x_cost_cancellation_returns_to_priority
        PASS [   0.071s] ( 901/5512) phase-engine game::casting::tests::x_cost_alt_cost_max_and_charge_derive_from_alt_base
        PASS [   0.093s] ( 902/5512) phase-engine game::casting::tests::x_cost_ai_enumerates_full_range
        PASS [   0.080s] ( 903/5512) phase-engine game::casting::tests::x_cost_deal_x_damage_lands_for_chosen_x
        PASS [   0.065s] ( 904/5512) phase-engine game::casting::tests::x_cost_exact_multi_target_spell_chooses_x_before_targets
        PASS [   0.586s] ( 905/5512) phase-engine game::casting::tests::worldgorger_dragon_animate_dead_self_loop_single_cycle
        PASS [   0.547s] ( 906/5512) phase-engine game::casting::tests::worldsouls_rage_resolves_hand_graveyard_both_and_neither_land_matrix
        PASS [   0.050s] ( 907/5512) phase-engine game::casting::tests::x_cost_preserves_convoke_mode_through_choice
        PASS [   0.149s] ( 908/5512) phase-engine game::casting::tests::x_cost_double_x_max_divides_by_count
        PASS [   0.116s] ( 909/5512) phase-engine game::casting::tests::x_cost_pass_priority_rejected_during_choose_x
        PASS [   0.140s] ( 910/5512) phase-engine game::casting::tests::x_cost_max_accounts_for_granted_affinity_exceeding_fixed_generic
        PASS [   0.077s] ( 911/5512) phase-engine game::casting::tests::x_cost_rejects_value_above_max
        PASS [   0.068s] ( 912/5512) phase-engine game::casting::tests::x_cost_spell_minimum_above_payable_max_rejects_before_choose_x
        PASS [   0.071s] ( 913/5512) phase-engine game::casting::tests::x_cost_spell_prompts_for_x_then_pays_concretized_cost
        PASS [   0.046s] ( 914/5512) phase-engine game::casting::tests::x_cost_strive_reduction_then_floor_ordering
        PASS [   0.056s] ( 915/5512) phase-engine game::casting::tests::x_cost_strive_surcharge_and_reduction_both_applied_in_concrete_cost
        PASS [   0.049s] ( 916/5512) phase-engine game::casting::tests::x_phyrexian_composite_mana_tap_activation_keeps_source_untapped_until_choice_resume
        PASS [   0.062s] ( 917/5512) phase-engine game::casting::tests::x_phyrexian_composite_mana_tap_activation_excludes_source_during_phyrexian_prepass
        PASS [   0.086s] ( 918/5512) phase-engine game::casting::tests::x_sentinel_tap_creatures_activation_cost::fixed_count_tap_creatures_cost_still_requires_exact_count
        PASS [   0.100s] ( 919/5512) phase-engine game::casting::tests::x_sentinel_tap_creatures_activation_cost::merchant_dockhand_shaped_self_matching_source_not_overcounted
        PASS [   0.139s] ( 920/5512) phase-engine game::casting::tests::x_sentinel_tap_creatures_activation_cost::glacian_shaped_ability_surfaces_range_not_exact_match
        PASS [   0.159s] ( 921/5512) phase-engine game::casting::tests::x_sentinel_tap_creatures_activation_cost::glacian_shaped_ability_is_activatable_with_zero_eligible_artifacts
        PASS [   0.143s] ( 922/5512) phase-engine game::casting::tests::x_sentinel_tap_creatures_activation_cost::glacian_shaped_ability_threads_chosen_x_into_dig_count
        PASS [   0.032s] ( 923/5512) phase-engine game::casting::tests::x_target_count_does_not_mask_missing_fixed_target
        PASS [   0.047s] ( 924/5512) phase-engine game::casting::tests::x_spell_under_trinisphere_does_not_offer_unpayable_x
        PASS [   0.095s] ( 925/5512) phase-engine game::casting::tests::x_spell_cap_excludes_mana_restricted_to_activated_abilities
        PASS [   0.180s] ( 926/5512) phase-engine game::casting::tests::x_sentinel_tap_creatures_activation_cost::x_equals_zero_is_a_legal_glacian_activation
        PASS [   0.092s] ( 927/5512) phase-engine game::casting::tests::x_spell_doubled_lose_life_drains_opponents_and_gains_controller
        PASS [   0.045s] ( 928/5512) phase-engine game::casting_costs::tests::a_pending_recast_outranks_a_stale_cast_from_zone_stamp
        PASS [   0.044s] ( 929/5512) phase-engine game::casting_costs::tests::accepting_artifact_offering_prompts_artifact_sacrifice
        PASS [   0.287s] ( 930/5512) phase-engine game::casting::tests::x_sentinel_tap_creatures_activation_cost::glacian_shaped_ability_accepts_x_below_eligible_maximum
        PASS [   0.086s] ( 931/5512) phase-engine game::casting_costs::tests::a_mixed_or_grant_stays_hand_only_for_the_unscoped_branch
        PASS [   0.043s] ( 932/5512) phase-engine game::casting_costs::tests::accepting_spirit_offering_prompts_sacrifice_selection
        PASS [   0.045s] ( 933/5512) phase-engine game::casting_costs::tests::additional_cost_waterbend_offerability_counts_waterbend_taps
        PASS [   0.056s] ( 934/5512) phase-engine game::casting_costs::tests::activation_one_of_choice_replaces_nested_first_branch
        PASS [   0.076s] ( 935/5512) phase-engine game::casting_costs::tests::accepting_spirit_offering_sacrifices_permanent_and_reduces_cost
        PASS [   0.044s] ( 936/5512) phase-engine game::casting_costs::tests::announcing_opponent_preflight_ignores_scoped_player_chooser
        PASS [   0.038s] ( 937/5512) phase-engine game::casting_costs::tests::auto_tap_does_not_use_combo_for_pure_generic
        PASS [   0.039s] ( 938/5512) phase-engine game::casting_costs::tests::auto_tap_filter_land_covers_colored_plus_generic
        PASS [   0.035s] ( 939/5512) phase-engine game::casting_costs::tests::auto_tap_filter_land_covers_mixed_shards
        PASS [   0.075s] ( 940/5512) phase-engine game::casting_costs::tests::auto_payment_falls_back_to_mana_payment_when_manual_mana_source_is_needed
        PASS [   0.078s] ( 941/5512) phase-engine game::casting_costs::tests::auto_tap_assigns_flexible_sources_optimally
        PASS [   0.045s] ( 942/5512) phase-engine game::casting_costs::tests::auto_tap_filter_land_does_not_prompt_user
        PASS [   0.049s] ( 943/5512) phase-engine game::casting_costs::tests::auto_tap_filter_land_picks_double_color_combination
        PASS [   0.048s] ( 944/5512) phase-engine game::casting_costs::tests::auto_tap_pays_mana_source_sub_cost_from_other_source
        PASS [   0.045s] ( 945/5512) phase-engine game::casting_costs::tests::auto_tap_prefers_free_land_over_city_of_brass_self_damage_trigger
        PASS [   0.046s] ( 946/5512) phase-engine game::casting_costs::tests::auto_tap_prefers_non_life_mana_sources_when_equivalent
        PASS [   0.058s] ( 947/5512) phase-engine game::casting_costs::tests::auto_tap_prefers_colorless_rock_over_colored_lands_for_generic
        PASS [   0.053s] ( 948/5512) phase-engine game::casting_costs::tests::auto_tap_skips_sources_when_pool_already_covers_cost
        PASS [   0.049s] ( 949/5512) phase-engine game::casting_costs::tests::auto_tap_uses_colorless_combo_for_pure_generic
        PASS [   0.058s] ( 950/5512) phase-engine game::casting_costs::tests::auto_tap_taps_only_the_shortfall_when_pool_partially_covers
        PASS [   0.071s] ( 951/5512) phase-engine game::casting_costs::tests::bargain_additional_cost_instance_has_a_dedicated_origin
        PASS [   0.065s] ( 952/5512) phase-engine game::casting_costs::tests::behold_choices_include_controlled_permanents_and_hand_cards
        PASS [   0.085s] ( 953/5512) phase-engine game::casting_costs::tests::blight_cost_is_replacement_aware
        PASS [   0.105s] ( 954/5512) phase-engine game::casting_costs::tests::blight_auto_cast_remains_offered_and_reaches_blight_choice
        PASS [   0.076s] ( 955/5512) phase-engine game::casting_costs::tests::blight_cost_places_n_counters_on_one_creature
        PASS [   0.074s] ( 956/5512) phase-engine game::casting_costs::tests::blight_cost_rejected_with_no_creatures
        PASS [   0.042s] ( 957/5512) phase-engine game::casting_costs::tests::blight_payable_with_n_greater_than_creature_count
        PASS [   0.049s] ( 958/5512) phase-engine game::casting_costs::tests::cascade_constraint::accepted_cascade_is_not_vetoed_by_stale_mana_value_permission
        PASS [   0.100s] ( 959/5512) phase-engine game::casting_costs::tests::blight_cost_rejects_multiple_creatures
        PASS [   0.028s] ( 960/5512) phase-engine game::casting_costs::tests::cascade_constraint::accepts_when_resulting_mv_below_source
        PASS [   0.103s] ( 961/5512) phase-engine game::casting_costs::tests::blight_cost_snapshots_cost_paid_object
        PASS [   0.044s] ( 962/5512) phase-engine game::casting_costs::tests::cascade_constraint::final_validation_rejects_permission_with_different_selected_cost
        PASS [   0.101s] ( 963/5512) phase-engine game::casting_costs::tests::blight_zero_places_no_counter_but_still_snapshots
        PASS [   0.052s] ( 964/5512) phase-engine game::casting_costs::tests::cascade_constraint::final_validation_accepts_free_alt_cost_after_cost_increase
        PASS [   0.051s] ( 965/5512) phase-engine game::casting_costs::tests::cascade_constraint::later_cascade_permission_cannot_authorize_selected_failing_permission
        PASS [   0.056s] ( 966/5512) phase-engine game::casting_costs::tests::cascade_constraint::rejection_handler_pops_stack_and_bottom_shuffles_all
        PASS [   0.037s] ( 967/5512) phase-engine game::casting_costs::tests::cascade_constraint::rejects_when_resulting_mv_above_source
        PASS [   0.035s] ( 968/5512) phase-engine game::casting_costs::tests::cascade_constraint::ripple_success_bottoms_misses_after_last_hit
        PASS [   0.043s] ( 969/5512) phase-engine game::casting_costs::tests::cascade_constraint::rejects_when_resulting_mv_equals_source
        PASS [   0.034s] ( 970/5512) phase-engine game::casting_costs::tests::cascade_constraint::wrong_player_cascade_permission_does_not_reject_selected_permission
        PASS [   0.047s] ( 971/5512) phase-engine game::casting_costs::tests::cascade_constraint::ripple_success_offers_remaining_hit_before_bottoming_misses
        PASS [   0.054s] ( 972/5512) phase-engine game::casting_costs::tests::composite_additional_cost_preserves_waterbend_mode_after_residual
        PASS [   0.073s] ( 973/5512) phase-engine game::casting_costs::tests::cost_paid_multi_sacrifice_blood_artist_co_departed
        PASS [   0.083s] ( 974/5512) phase-engine game::casting_costs::tests::convoke_x_spell_offers_payable_x_with_mana_dork_overlap
        PASS [   0.118s] ( 975/5512) phase-engine game::casting_costs::tests::cost_paid_multi_sacrifice_kicker_paused_under_observes
        PASS [   0.104s] ( 976/5512) phase-engine game::casting_costs::tests::declining_spirit_offering_preserves_full_cost
        PASS [   0.053s] ( 977/5512) phase-engine game::casting_costs::tests::defensive_target_root_preserves_non_x_residual_controls
        PASS [   0.133s] ( 978/5512) phase-engine game::casting_costs::tests::declined_kicker_completes_cast_with_zero_counters
        PASS [   0.119s] ( 979/5512) phase-engine game::casting_costs::tests::defensive_x_target_root_refuses_mixed_suffix_before_bulk_or_slot_payment
        PASS [   0.097s] ( 980/5512) phase-engine game::casting_costs::tests::deferred_spell_sacrifice_repin_does_not_bless_a_later_move
        PASS [   0.495s] ( 981/5512) phase-engine game::casting_costs::tests::cancel_cast_at_first_kicker_prompt_aborts_the_cast
        PASS [   0.115s] ( 982/5512) phase-engine game::casting_costs::tests::deferred_spell_sacrifice_repin_restores_the_cost_referent
        PASS [   0.112s] ( 983/5512) phase-engine game::casting_costs::tests::delve_max_x_counts_only_eligible_graveyard_cards_and_respects_exclusions
        PASS [   0.074s] ( 984/5512) phase-engine game::casting_costs::tests::direct_push_target_bearing_activation_selects_targets_before_paying_cost
        PASS [  12.186s] ( 985/5512) phase-engine game::casting::tests::build_spell_meta_fused_split_spell_uses_combined_mana_value_and_colors
        PASS [   0.465s] ( 986/5512) phase-engine game::casting_costs::tests::consult_the_star_charts_kicked_draws_two_cards_via_full_cast_pipeline
        PASS [   0.272s] ( 987/5512) phase-engine game::casting_costs::tests::defensive_x_target_routes_refuse_mixed_suffix_and_pay_count_only
        PASS [   0.070s] ( 988/5512) phase-engine game::casting_costs::tests::discard_for_cost_parks_triggers_when_later_discard_pauses_on_replacement
        PASS [   0.041s] ( 989/5512) phase-engine game::casting_costs::tests::exile_for_cost_graveyard_applies_filter
        PASS [   0.103s] ( 990/5512) phase-engine game::casting_costs::tests::discard_for_cost_resume_can_pause_on_each_remaining_discard
        PASS [   0.042s] ( 991/5512) phase-engine game::casting_costs::tests::exile_from_hand_for_cost_filters_eligible_hand_cards
        PASS [   0.110s] ( 992/5512) phase-engine game::casting_costs::tests::discard_for_cost_parks_graveyard_triggers_when_mana_payment_remains
        PASS [   0.089s] ( 993/5512) phase-engine game::casting_costs::tests::discard_for_cost_resume_parks_triggers_when_next_discard_pauses_on_replacement
        PASS [   0.045s] ( 994/5512) phase-engine game::casting_costs::tests::exile_from_hand_for_cost_rejects_when_insufficient_eligible_cards
        PASS [   0.042s] ( 995/5512) phase-engine game::casting_costs::tests::find_defiler_reduction_ignores_non_permanent
        PASS [   0.046s] ( 996/5512) phase-engine game::casting_costs::tests::find_defiler_reduction_ignores_wrong_color
        PASS [   0.034s] ( 997/5512) phase-engine game::casting_costs::tests::granted_alternative_energy_cost_matches_creature_mv_filter
        PASS [   0.063s] ( 998/5512) phase-engine game::casting_costs::tests::find_defiler_reduction_matches_color
        PASS [   0.058s] ( 999/5512) phase-engine game::casting_costs::tests::granted_alternative_cost_reaches_an_exile_scoped_cast
        PASS [   0.048s] (1000/5512) phase-engine game::casting_costs::tests::granted_alternative_mana_cost_matches_controller_filter
        PASS [   0.045s] (1001/5512) phase-engine game::casting_costs::tests::granted_casualty_additional_cost_prompts_for_matching_spell
        PASS [   0.054s] (1002/5512) phase-engine game::casting_costs::tests::granted_conspire_additional_cost_prompts_for_matching_spell
        PASS [   0.058s] (1003/5512) phase-engine game::casting_costs::tests::granted_offspring_paid_creates_copy_token_on_etb
        PASS [   0.124s] (1004/5512) phase-engine game::casting_costs::tests::glamdring_foe_hammer_cost_reduction_reaches_cost_resolver
        PASS [   0.045s] (1005/5512) phase-engine game::casting_costs::tests::granted_replicate_targeted_spell_prompts_before_target_selection
        PASS [   0.039s] (1006/5512) phase-engine game::casting_costs::tests::graveyard_exile_additional_cost_x_max_is_eligible_graveyard_size
        PASS [   0.028s] (1007/5512) phase-engine game::casting_costs::tests::handle_behold_for_cost_reveals_hand_card_without_moving_it
        PASS [   0.042s] (1008/5512) phase-engine game::casting_costs::tests::handle_behold_for_cost_exiles_selected_permanent_when_required
        PASS [   0.060s] (1009/5512) phase-engine game::casting_costs::tests::graveyard_exile_additional_cost_concretizes_after_x_is_chosen
        PASS [   0.030s] (1010/5512) phase-engine game::casting_costs::tests::handle_defiler_payment_does_not_spill_excess_beyond_matching_color_to_generic
        PASS [   0.036s] (1011/5512) phase-engine game::casting_costs::tests::handle_defiler_payment_accepted_reduces_cost
        PASS [   0.033s] (1012/5512) phase-engine game::casting_costs::tests::handle_defiler_payment_does_not_spill_unmatched_colored_shard_to_generic
        PASS [   0.037s] (1013/5512) phase-engine game::casting_costs::tests::handle_exile_for_cost_rejects_illegal_selection
        PASS [   0.025s] (1014/5512) phase-engine game::casting_costs::tests::invoke_calamity_rider_exiles_free_cast_spell_on_resolution
        PASS [   0.034s] (1015/5512) phase-engine game::casting_costs::tests::handle_exile_for_cost_rejects_wrong_count
        PASS [  11.200s] (1016/5512) phase-engine game::casting::tests::fused_split_spell_blocked_by_combined_mana_value_per_turn_limit_enumeration
        PASS [   0.052s] (1017/5512) phase-engine game::casting_costs::tests::invoke_calamity_rider_fizzle_under_rip_parks_choice_with_clean_epilogue
        PASS [   0.046s] (1018/5512) phase-engine game::casting_costs::tests::keyword_cost_of_cast_spell_aborts_when_keyword_cost_unavailable
        PASS [   0.175s] (1019/5512) phase-engine game::casting_costs::tests::granted_replicate_paid_twice_creates_two_copies
        PASS [   0.056s] (1020/5512) phase-engine game::casting_costs::tests::largest_x_satisfying_matches_linear_reference
        PASS [   0.292s] (1021/5512) phase-engine game::casting_costs::tests::glamdring_foe_hammer_cost_reduction_is_live_not_snapshotted
        PASS [   0.039s] (1022/5512) phase-engine game::casting_costs::tests::mana_value_gated_cost_reduction_reaches_cost_resolver
        PASS [   0.067s] (1023/5512) phase-engine game::casting_costs::tests::library_bottom_rider_bottoms_resolved_spell_on_resolution
        PASS [   0.021s] (1024/5512) phase-engine game::casting_costs::tests::manual_payment_mode_pauses_unambiguous_spell_cost
        PASS [   0.839s] (1025/5512) phase-engine game::casting_costs::tests::consult_the_star_charts_unkicked_draws_one_card_via_full_cast_pipeline
        PASS [   0.090s] (1026/5512) phase-engine game::casting_costs::tests::mana_ability_sacrifice_cost_fires_dies_zone_trigger_end_to_end
        PASS [   0.078s] (1027/5512) phase-engine game::casting_costs::tests::mana_ability_sacrifice_cost_fires_observer_trigger_end_to_end
        PASS [   0.038s] (1028/5512) phase-engine game::casting_costs::tests::max_pay_life_x_team_bounded_in_2hg
        PASS [   0.057s] (1029/5512) phase-engine game::casting_costs::tests::max_x_value_convoke_does_not_double_count_mana_dorks
        PASS [   0.064s] (1030/5512) phase-engine game::casting_costs::tests::max_x_value_counts_convoke_creatures
        PASS [   0.061s] (1031/5512) phase-engine game::casting_costs::tests::max_x_value_counts_kci_non_tap_sacrifice_mana_ability
        PASS [   0.048s] (1032/5512) phase-engine game::casting_costs::tests::max_x_value_improvise_does_not_double_count_mana_rocks
        PASS [   0.049s] (1033/5512) phase-engine game::casting_costs::tests::max_x_value_waterbend_does_not_double_count
        PASS [   0.066s] (1034/5512) phase-engine game::casting_costs::tests::max_x_value_counts_treasure_tokens
        PASS [   0.074s] (1035/5512) phase-engine game::casting_costs::tests::next_kicker_option_repeats_multikicker_first_variant
        PASS [   0.064s] (1036/5512) phase-engine game::casting_costs::tests::next_kicker_option_walks_independent_kicker_costs_by_position
        PASS [   0.068s] (1037/5512) phase-engine game::casting_costs::tests::non_offering_sacrifice_on_offering_spell_does_not_reduce_cost
        PASS [   0.185s] (1038/5512) phase-engine game::casting_costs::tests::march_exiles_matching_hand_cards_and_reduces_the_chosen_x_cost
        PASS [   0.095s] (1039/5512) phase-engine game::casting_costs::tests::non_x_residual_sacrifice_bounds_and_derived_x_remain_unchanged
        PASS [   0.222s] (1040/5512) phase-engine game::casting_costs::tests::mana_value_gated_cost_reduction_through_cast_pipeline
        PASS [   0.039s] (1041/5512) phase-engine game::casting_costs::tests::remove_counter_additional_cost_x_max_counts_counters_not_targets
        PASS [   0.085s] (1042/5512) phase-engine game::casting_costs::tests::offering_cost_reduction_applies_per_cr_702_48c
        PASS [   0.087s] (1043/5512) phase-engine game::casting_costs::tests::optional_cost_auto_cast_remains_offered_and_reaches_optional_cost_choice
        PASS [   0.048s] (1044/5512) phase-engine game::casting_costs::tests::random_discard_sibling_of_unresolved_discard_one_of_fails_before_mutation
        PASS [   0.175s] (1045/5512) phase-engine game::casting_costs::tests::multikicker_paid_twice_enters_with_two_charge_counters
        PASS [   0.076s] (1046/5512) phase-engine game::casting_costs::tests::pay_cost_spell_cost_resume_auto_cast_remains_offered
        PASS [   0.105s] (1047/5512) phase-engine game::casting_costs::tests::ordinary_selected_sacrifice_error_contract
        PASS [   0.302s] (1048/5512) phase-engine game::casting_costs::tests::memory_deluge_dig_count_equals_mana_spent_via_full_cast_pipeline
        PASS [   0.220s] (1049/5512) phase-engine game::casting_costs::tests::sacrifice_as_cost_emits_event_for_observer_trigger
        PASS [   0.155s] (1050/5512) phase-engine game::casting_costs::tests::sacrifice_for_cost_illegal_permanent
        PASS [   0.278s] (1051/5512) phase-engine game::casting_costs::tests::replacement_resumed_discard_for_cost_parks_triggers_when_mana_payment_remains
        PASS [   0.052s] (1052/5512) phase-engine game::casting_costs::tests::sacrifice_for_cost_valid_selection
        PASS [   0.284s] (1053/5512) phase-engine game::casting_costs::tests::required_cost_before_targets_records_the_graveyard_rider_authority
        PASS [   0.033s] (1054/5512) phase-engine game::casting_costs::tests::sacrificed_this_way_reduction_filters_selected_objects
        PASS [   0.320s] (1055/5512) phase-engine game::casting_costs::tests::replicate_paid_zero_times_creates_no_copies
        PASS [   0.055s] (1056/5512) phase-engine game::casting_costs::tests::sacrifice_for_cost_wrong_count
        PASS [   0.047s] (1057/5512) phase-engine game::casting_costs::tests::selected_sacrifice_current_leaf
        PASS [   0.046s] (1058/5512) phase-engine game::casting_costs::tests::selected_sacrifice_missing_metadata_and_old_check_order
        PASS [   0.386s] (1059/5512) phase-engine game::casting_costs::tests::replacement_paused_auto_payment_remains_deferred_to_serialized_resume
        PASS [   0.045s] (1060/5512) phase-engine game::casting_costs::tests::settlement_skips_records_another_cost_component_already_settled
        PASS [   0.418s] (1061/5512) phase-engine game::casting_costs::tests::replicate_paid_twice_creates_two_copies
        PASS [   0.144s] (1062/5512) phase-engine game::casting_costs::tests::sacrifice_token_as_cost_fires_dies_zone_trigger
        PASS [   0.063s] (1063/5512) phase-engine game::casting_costs::tests::stale_resolution_sacrifice_resume_terminalizes_receipt_as_removed
        PASS [   0.164s] (1064/5512) phase-engine game::casting_costs::tests::selected_sacrifice_spell_authority
        PASS [   0.089s] (1065/5512) phase-engine game::casting_costs::tests::stamp_controller_controlled_as_cast_uses_quantity_resolver_snapshot
        PASS [   0.097s] (1066/5512) phase-engine game::casting_costs::tests::stale_resolution_sacrifice_selection_terminalizes_receipt_as_removed
        PASS [   0.145s] (1067/5512) phase-engine game::casting_costs::tests::spirit_offering_presents_optional_sacrifice_for_spirit
        PASS [   0.048s] (1068/5512) phase-engine game::casting_costs::tests::strive_surcharge_with_three_targets
        PASS [   0.257s] (1069/5512) phase-engine game::casting_costs::tests::selected_sacrifice_revalidates_live_filter_and_prohibition
        PASS [   0.088s] (1070/5512) phase-engine game::casting_costs::tests::strive_surcharge_with_two_targets
        PASS [   0.062s] (1071/5512) phase-engine game::casting_costs::tests::the_stamped_cast_from_zone_survives_finalize_for_the_grant
        PASS [   0.164s] (1072/5512) phase-engine game::casting_costs::tests::strive_no_surcharge_with_one_target
        PASS [   0.110s] (1073/5512) phase-engine game::casting_costs::tests::the_pending_cast_origin_drives_the_exile_scoped_grant
        PASS [   0.702s] (1074/5512) phase-engine game::casting_costs::tests::remove_counter_cost_count_feeds_that_many_token_count
        PASS [   0.185s] (1075/5512) phase-engine game::casting_costs::tests::target_dependent_payment_prompt_is_deferred_but_fixed_target_payment_is_checked
        PASS [   0.354s] (1076/5512) phase-engine game::casting_costs::tests::squad_paid_twice_creates_two_copy_tokens
        PASS [   0.341s] (1077/5512) phase-engine game::casting_costs::tests::until_event_expiry::until_event_ends_a_pump_at_its_own_filter
        PASS [   0.349s] (1078/5512) phase-engine game::casting_costs::tests::until_event_expiry::until_event_ends_after_its_spell_copy_source_ceased_to_exist
        PASS [   0.258s] (1079/5512) phase-engine game::casting_costs::tests::until_event_expiry::until_event_ends_when_its_source_ceased_before_the_effect_began
        PASS [   0.409s] (1080/5512) phase-engine game::casting_costs::tests::until_event_expiry::until_event_ends_when_a_copy_of_a_creature_card_is_cast
        PASS [  12.550s] (1081/5512) phase-engine game::casting::tests::fuse_variant_selection_requires_the_fresh_full_tuple_and_exact_right_index
        PASS [   0.078s] (1082/5512) phase-engine game::casting_costs::tests::variable_sacrifice_for_cost_sets_chosen_x_from_selection_size
        PASS [   0.539s] (1083/5512) phase-engine game::casting_costs::tests::until_event_expiry::until_event_ends_when_creature_spell_becomes_cast
        PASS [   0.076s] (1084/5512) phase-engine game::casting_costs::tests::x_residual_count_two_rejects_zero_or_one_eligible_permanent
        PASS [  10.389s] (1085/5512) phase-engine game::casting::tests::non_fuse_alt_cost_candidate_enumeration_uses_front_half
        PASS [   0.038s] (1086/5512) phase-engine game::casting_costs::tests::x_residual_exile_forms_keep_the_original_guard
        PASS [  12.735s] (1087/5512) phase-engine game::casting::tests::fused_split_spell_granted_flash_timing_uses_combined_projection
        PASS [   0.519s] (1088/5512) phase-engine game::casting_costs::tests::until_event_expiry::until_event_ignores_a_creature_spell_cast_before_it_began
        PASS [   0.064s] (1089/5512) phase-engine game::cost_payability::dandan_read_sweep_tests::exile_cost_enumerators_read_the_shared_pile
        PASS [   0.089s] (1090/5512) phase-engine game::casting_costs::tests::x_residual_non_self_sacrifice_pays_selected_cost
        PASS [   0.087s] (1091/5512) phase-engine game::casting_costs::tests::x_residual_rejects_every_unsupported_cost_node_before_selection
        PASS [   0.045s] (1092/5512) phase-engine game::cost_payability::tests::blight_requires_creatures
        PASS [   0.046s] (1093/5512) phase-engine game::cost_payability::tests::exile_cost_zone_default_treats_only_an_unambiguous_permanent_description_as_battlefield
        PASS [   0.079s] (1094/5512) phase-engine game::cost_payability::tests::composite_all_must_be_payable
        PASS [   0.061s] (1095/5512) phase-engine game::cost_payability::tests::escape_exile_five_other_graveyard_cards_with_typed_filter
        PASS [   0.375s] (1096/5512) phase-engine game::casting_costs::tests::until_event_expiry::until_event_survives_a_noncreature_cast
        PASS [   0.099s] (1097/5512) phase-engine game::cost_payability::tests::discard_requires_cards_in_hand
        PASS [   0.107s] (1098/5512) phase-engine game::cost_payability::tests::exert_always_payable
        PASS [   0.049s] (1099/5512) phase-engine game::cost_payability::tests::loyalty_negative_requires_counters
        PASS [   0.066s] (1100/5512) phase-engine game::cost_payability::tests::joint_discard_helper_ignores_unmodeled_legs
        PASS [   0.062s] (1101/5512) phase-engine game::cost_payability::tests::joint_discard_legs_need_distinct_cards
        PASS [   0.493s] (1102/5512) phase-engine game::casting_costs::tests::until_event_expiry::until_event_matches_its_own_spell_filter
        PASS [   0.745s] (1103/5512) phase-engine game::casting_costs::tests::until_event_expiry::until_event_from_a_dies_trigger_ends_at_a_creature_cast
        PASS [   0.114s] (1104/5512) phase-engine game::cost_payability::tests::joint_discard_legs_fail_closed_for_unsafe_order
        PASS [   0.049s] (1105/5512) phase-engine game::cost_payability::tests::pay_energy_requires_sufficient_energy
        PASS [   0.059s] (1106/5512) phase-engine game::cost_payability::tests::mana_ability_composite_with_two_discard_legs_is_not_offered
        PASS [   0.063s] (1107/5512) phase-engine game::cost_payability::tests::mill_payable_iff_library_holds_count
        PASS [   0.092s] (1108/5512) phase-engine game::cost_payability::tests::loyalty_positive_is_always_payable
        PASS [   0.078s] (1109/5512) phase-engine game::cost_payability::tests::mana_cost_always_payable_at_this_layer
        PASS [   0.056s] (1110/5512) phase-engine game::cost_payability::tests::pay_life_requires_sufficient_life
        PASS [   0.043s] (1111/5512) phase-engine game::cost_payability::tests::player_matching_x_mana_value_reaches_every_nested_population
        PASS [   0.048s] (1112/5512) phase-engine game::cost_payability::tests::remove_counter_any_number_always_payable
        PASS [   0.066s] (1113/5512) phase-engine game::cost_payability::tests::sacrifice_self_ref_requires_battlefield
        PASS [   0.082s] (1114/5512) phase-engine game::cost_payability::tests::remove_counter_untyped_any_sums_all_kinds
        PASS [   0.083s] (1115/5512) phase-engine game::cost_payability::tests::remove_counter_single_object_any_uses_one_concrete_stack_for_counts_above_one
        PASS [   0.079s] (1116/5512) phase-engine game::cost_payability::tests::self_exile_cost_without_zone_payable_from_battlefield
        PASS [   0.945s] (1117/5512) phase-engine game::casting_costs::tests::until_event_expiry::until_event_ends_after_its_token_source_ceased_to_exist
        PASS [   0.037s] (1118/5512) phase-engine game::cost_payability::tests::tap_untap_always_payable
        PASS [   0.078s] (1119/5512) phase-engine game::cost_payability::tests::tap_creatures_composite_with_tap_excludes_source
        PASS [   0.078s] (1120/5512) phase-engine game::cost_payability::tests::tap_creatures_standalone_includes_source
        PASS [   0.117s] (1121/5512) phase-engine game::cost_payability::tests::sacrifice_non_self_requires_eligible_permanent
        PASS [   0.060s] (1122/5512) phase-engine game::cost_payability::tests::variable_exile_cost_is_payable_at_x_zero
        PASS [   0.118s] (1123/5512) phase-engine game::cost_payability::tests::shoal_pitch_exile_cost_payable_with_any_green_hand_card
        PASS [   0.065s] (1124/5512) phase-engine game::cost_payability::tests::variable_sacrifice_cost_is_payable_with_zero_or_more_matches
        PASS [   0.073s] (1125/5512) phase-engine game::costs::tests::activation_self_counter_cost_under_solemnity_is_refused
        PASS [   0.038s] (1126/5512) phase-engine game::costs::tests::claws_every_sacrifice_breaks_producer_is_payable_mana_first
        PASS [   0.064s] (1127/5512) phase-engine game::costs::tests::can_pay_rejects_non_self_sacrifice_without_eligible_permanent
        PASS [   0.059s] (1128/5512) phase-engine game::costs::tests::can_pay_rejects_unaffordable_pay_life
        PASS [   0.098s] (1129/5512) phase-engine game::costs::tests::can_pay_rejects_tap_creatures_without_enough_untapped
        PASS [   0.103s] (1130/5512) phase-engine game::costs::tests::can_pay_implies_pay_cost_not_failed_for_payable_deterministic_costs
        PASS [   0.632s] (1131/5512) phase-engine game::casting_costs::tests::whir_of_invention_improvise_allows_full_x
        PASS [   0.050s] (1132/5512) phase-engine game::costs::tests::claws_redundant_artifact_count_keeps_metalcraft_payable
        PASS [   0.095s] (1133/5512) phase-engine game::costs::tests::claws_disjoint_fodder_preserves_producer
        PASS [   0.063s] (1134/5512) phase-engine game::costs::tests::claws_metalcraft_only_board_is_payable_mana_first
        PASS [   0.070s] (1135/5512) phase-engine game::costs::tests::claws_with_unconditional_land_is_payable
        PASS [   0.166s] (1136/5512) phase-engine game::cost_payability::tests::waterbend_payability_sees_tag_scoped_activation_mana
        PASS [   0.120s] (1137/5512) phase-engine game::costs::tests::claws_layer_granted_mana_requires_layer_reflush
        PASS [   0.788s] (1138/5512) phase-engine game::casting_costs::tests::until_event_expiry::until_event_survives_a_copy_of_a_creature_spell
        PASS [   0.068s] (1139/5512) phase-engine game::costs::tests::composite_waterbend_tap_respects_tapped_source
        PASS [   0.056s] (1140/5512) phase-engine game::costs::tests::discard_leg_is_not_battlefield_removal
        PASS [   0.073s] (1141/5512) phase-engine game::costs::tests::direct_resolution_executor_does_not_support_non_self_sacrifice
        PASS [   0.059s] (1142/5512) phase-engine game::costs::tests::every_ability_cost_variant_has_resolution_support_answer
        PASS [   0.079s] (1143/5512) phase-engine game::costs::tests::direct_resolution_optional_payment_branch_allowlist_is_exact
        PASS [   0.121s] (1144/5512) phase-engine game::costs::tests::claws_sacrifice_two_count_gt_one_not_rejected
        PASS [   0.090s] (1145/5512) phase-engine game::costs::tests::exile_two_count_gt_one_not_rejected
        PASS [   0.042s] (1146/5512) phase-engine game::costs::tests::resolution_aggregate_tap_cost_keeps_zero_floor
        PASS [   0.046s] (1147/5512) phase-engine game::costs::tests::resolution_aggregate_tap_cost_rejects_duplicate_creature
        PASS [   0.069s] (1148/5512) phase-engine game::costs::tests::resolution_cost_prohibition_covers_composite_and_disjunctive_shapes
        PASS [   0.075s] (1149/5512) phase-engine game::costs::tests::resolution_composite_discard_legs_need_distinct_cards
        PASS [   0.096s] (1150/5512) phase-engine game::costs::tests::one_of_tap_branches_respects_tapped_source
        PASS [   0.101s] (1151/5512) phase-engine game::costs::tests::hand_exile_composite_not_routed_to_battlefield_removal
        PASS [   0.056s] (1152/5512) phase-engine game::costs::tests::resolution_single_tap_cost_rejects_empty_selection
        PASS [   0.084s] (1153/5512) phase-engine game::costs::tests::resolution_fixed_tap_cost_rejects_partial_payment
        PASS [   0.062s] (1154/5512) phase-engine game::costs::tests::resolution_x_sentinel_tap_cost_is_payable_with_zero_eligible
        PASS [   0.090s] (1155/5512) phase-engine game::costs::tests::resolution_fixed_tap_cost_fails_without_enough_eligible
        PASS [   0.098s] (1156/5512) phase-engine game::costs::tests::resolution_fixed_tap_cost_accepts_full_payment
        PASS [   0.072s] (1157/5512) phase-engine game::costs::tests::self_ref_removal_legs_are_out_of_scope
        PASS [   0.056s] (1158/5512) phase-engine game::costs::tests::self_return_to_hand_cost_honors_explicit_from_zone
        PASS [   0.182s] (1159/5512) phase-engine game::costs::tests::half_life_activation_lock_fixes_only_explicit_typed_leaf
        PASS [   0.083s] (1160/5512) phase-engine game::costs::tests::untap_cost_untaps_tapped_source_and_rejects_when_already_untapped
        PASS [   0.085s] (1161/5512) phase-engine game::derived::tests::commander_damage_received_collects_partners_under_same_controller
        PASS [   0.070s] (1162/5512) phase-engine game::derived::tests::commander_damage_received_groups_by_controller
        PASS [   0.065s] (1163/5512) phase-engine game::derived::tests::derive_does_not_set_commander_tax_for_non_commander
        PASS [   0.092s] (1164/5512) phase-engine game::costs::tests::unsupported_shapes_fail_at_resolution_without_mutation
        PASS [   0.065s] (1165/5512) phase-engine game::derived::tests::derive_reveals_all_hands_for_static_reveal_hand
        PASS [   0.083s] (1166/5512) phase-engine game::derived::tests::derive_clears_summoning_sickness_for_old_creature
        PASS [   0.069s] (1167/5512) phase-engine game::derived::tests::derive_sets_can_look_at_top_default_false
        PASS [   0.083s] (1168/5512) phase-engine game::derived::tests::derive_reveals_opponents_hands_for_static_reveal_hand
        PASS [   0.065s] (1169/5512) phase-engine game::derived::tests::derive_sets_commander_tax_for_commander
        PASS [   0.071s] (1170/5512) phase-engine game::derived::tests::derive_sets_summoning_sickness_for_new_creature
        PASS [  13.476s] (1171/5512) phase-engine game::casting::tests::fused_split_spell_assist_offer_uses_combined_projection
        PASS [   0.074s] (1172/5512) phase-engine game::derived::tests::derive_sets_unimplemented_flag
        PASS [   0.073s] (1173/5512) phase-engine game::derived_views::tests::a_land_and_creature_offer_widens_to_permanent
        PASS [   0.059s] (1174/5512) phase-engine game::derived_views::tests::a_land_planeswalker_beside_a_creature_widens_to_permanent
        PASS [   0.087s] (1175/5512) phase-engine game::derived_views::tests::a_creature_offer_is_narrowed_past_nonland_permanent
        PASS [   0.084s] (1176/5512) phase-engine game::derived_views::tests::a_face_down_profile_ward_is_badged_like_any_public_keyword
        PASS [   0.090s] (1177/5512) phase-engine game::derived_views::tests::a_land_planeswalker_alone_is_named_a_planeswalker
        PASS [   0.075s] (1178/5512) phase-engine game::derived_views::tests::a_mixed_offer_names_both_objects_and_players
        PASS [   0.096s] (1179/5512) phase-engine game::derived_views::tests::a_graveyard_card_offer_is_not_called_a_permanent
        PASS [   0.079s] (1180/5512) phase-engine game::derived_views::tests::a_nonland_noncreature_permanent_offer_stays_nonland_permanent
        PASS [   0.077s] (1181/5512) phase-engine game::derived_views::tests::a_pending_cast_target_selection_is_classified_too
        PASS [   0.075s] (1182/5512) phase-engine game::derived_views::tests::a_zero_count_entry_is_not_a_pill_but_a_zero_count_unbounded_pair_is
        PASS [   0.082s] (1183/5512) phase-engine game::derived_views::tests::a_spell_offer_names_a_spell
        PASS [   0.070s] (1184/5512) phase-engine game::derived_views::tests::an_accepted_token_collapse_keeps_its_row_when_its_pile_dies
        PASS [   0.058s] (1185/5512) phase-engine game::derived_views::tests::an_unresolvable_offered_object_degrades_to_object
        PASS [   0.102s] (1186/5512) phase-engine game::derived_views::tests::a_planeswalker_offer_is_narrowed_past_nonland_permanent
        PASS [   0.065s] (1187/5512) phase-engine game::derived_views::tests::an_empty_offer_on_a_live_prompt_emits_no_kind
        PASS [   0.094s] (1188/5512) phase-engine game::derived_views::tests::an_ability_on_the_stack_is_not_called_a_spell
        PASS [   0.090s] (1189/5512) phase-engine game::derived_views::tests::an_all_player_offer_names_players
        PASS [   0.069s] (1190/5512) phase-engine game::derived_views::tests::attribution_player_routes_payload_axes_both_directions
        PASS [   0.104s] (1191/5512) phase-engine game::derived_views::tests::an_accepted_counter_collapse_keeps_its_row_when_its_targets_die
        PASS [   0.083s] (1192/5512) phase-engine game::derived_views::tests::attribution_hostile_victim_controls_permanent
        PASS [   0.092s] (1193/5512) phase-engine game::derived_views::tests::an_animated_planeswalker_is_named_a_creature_not_a_planeswalker
        PASS [   0.071s] (1194/5512) phase-engine game::derived_views::tests::back_face_spell_costs_publish_the_other_face_viewer_scoped
        PASS [   0.076s] (1195/5512) phase-engine game::derived_views::tests::back_face_spell_costs_are_live_and_priority_bound
        PASS [   0.072s] (1196/5512) phase-engine game::derived_views::tests::bridge_drift_on_cease_to_exist_fails_open
        PASS [   0.061s] (1197/5512) phase-engine game::derived_views::tests::counter_row_revocation_is_axis_scoped
        PASS [   0.093s] (1198/5512) phase-engine game::derived_views::tests::blocker_assignment_pairs_are_sorted_and_exclude_stale_objects
        PASS [   0.066s] (1199/5512) phase-engine game::derived_views::tests::counter_rows_survive_a_bearer_that_keeps_its_counters_off_the_battlefield
        PASS [   0.071s] (1200/5512) phase-engine game::derived_views::tests::counter_display_publishes_nothing_a_viewer_cannot_already_read
        PASS [   0.103s] (1201/5512) phase-engine game::derived_views::tests::blocker_assignment_pairs_survive_filtered_client_wire_serialization
        PASS [   0.138s] (1202/5512) phase-engine game::derived_views::tests::client_game_state_roundtrips_through_json
        PASS [   0.125s] (1203/5512) phase-engine game::derived_views::tests::client_wire_omits_the_original_cube_booster_pool
        PASS [   0.068s] (1204/5512) phase-engine game::derived_views::tests::derive_views_flags_a_permanent_under_a_live_copy_effect
        PASS [   0.063s] (1205/5512) phase-engine game::derived_views::tests::derive_views_groups_by_attacker_in_four_player_pod
        PASS [   0.144s] (1206/5512) phase-engine game::derived_views::tests::client_wire_round_trip_projects_display_visibility_per_object
        PASS [   0.064s] (1207/5512) phase-engine game::derived_views::tests::derive_views_omits_copy_flag_when_no_copy_effect_is_live
        PASS [   0.107s] (1208/5512) phase-engine game::derived_views::tests::derive_views_does_not_flag_a_merged_permanent_as_a_copy
        PASS [   0.103s] (1209/5512) phase-engine game::derived_views::tests::derive_views_drops_the_copy_flag_once_a_temporary_copy_effect_lapses
        PASS [   0.169s] (1210/5512) phase-engine game::derived_views::tests::client_wire_omits_private_delayed_trigger_authority
        PASS [   0.096s] (1211/5512) phase-engine game::derived_views::tests::derive_views_empty_for_non_commander_format
        PASS [   0.089s] (1212/5512) phase-engine game::derived_views::tests::derive_views_omits_copy_flag_for_a_face_down_permanent
        PASS [   0.066s] (1213/5512) phase-engine game::derived_views::tests::derive_views_projects_only_battlefield_relevant_keyword_badges
        PASS [   0.079s] (1214/5512) phase-engine game::derived_views::tests::derive_views_projects_stored_player_conditions
        PASS [   0.169s] (1215/5512) phase-engine game::derived_views::tests::debug_library_projection_is_separate_from_filtered_library_visibility
        PASS [   0.067s] (1216/5512) phase-engine game::derived_views::tests::derive_views_surfaces_auras_attached_to_player
        PASS [   0.080s] (1217/5512) phase-engine game::derived_views::tests::derive_views_projects_unbounded_pile
        PASS [   0.088s] (1218/5512) phase-engine game::derived_views::tests::derive_views_resolves_opponents_of_source_controller
        PASS [   0.083s] (1219/5512) phase-engine game::derived_views::tests::derive_views_respects_partner_commanders
        PASS [   0.076s] (1220/5512) phase-engine game::derived_views::tests::derive_views_wires_stack_entry_details
        PASS [   0.086s] (1221/5512) phase-engine game::derived_views::tests::dungeon_rooms_names_the_room_the_marker_is_on
        PASS [   0.095s] (1222/5512) phase-engine game::derived_views::tests::derive_views_wires_stack_display_groups
        PASS [   0.088s] (1223/5512) phase-engine game::derived_views::tests::dungeon_rooms_projects_baldurs_gate_wilderness_with_all_19_rooms
        PASS [   0.083s] (1224/5512) phase-engine game::derived_views::tests::dungeon_rooms_projects_the_double_faced_undercity_card_identity
        PASS [   0.058s] (1225/5512) phase-engine game::derived_views::tests::family_collapse_state_merge_is_a_join
        PASS [   0.068s] (1226/5512) phase-engine game::derived_views::tests::empty_blocker_assignment_pairs_omit_the_wire_key
        PASS [   0.129s] (1227/5512) phase-engine game::derived_views::tests::derive_views_uses_filtered_names_for_trigger_context
        PASS [   0.061s] (1228/5512) phase-engine game::derived_views::tests::finite_magnitude_is_omitted_on_the_wire_and_unbounded_is_not
        PASS [   0.052s] (1229/5512) phase-engine game::derived_views::tests::loyalty_routes_to_the_total_only_when_the_object_has_one
        PASS [   0.102s] (1230/5512) phase-engine game::derived_views::tests::dungeon_rooms_skips_players_with_no_active_dungeon
        PASS [   0.110s] (1231/5512) phase-engine game::derived_views::tests::face_down_keyword_badges_carry_only_granted_keywords
        PASS [   0.096s] (1232/5512) phase-engine game::derived_views::tests::filtered_search_views_preserve_latched_submitter_for_every_audience_role
        PASS [   0.109s] (1233/5512) phase-engine game::derived_views::tests::family_tag_table_matches_the_client_golden
        PASS [   0.065s] (1234/5512) phase-engine game::derived_views::tests::non_mana_axis_projects_to_controller_hud
        PASS [   0.096s] (1235/5512) phase-engine game::derived_views::tests::mixed_family_is_not_scheduled
        PASS [   0.098s] (1236/5512) phase-engine game::derived_views::tests::no_targeting_prompt_emits_no_kind
        PASS [   0.055s] (1237/5512) phase-engine game::derived_views::tests::pending_payment_remaining_reflects_pinned_selection
        PASS [   0.076s] (1238/5512) phase-engine game::derived_views::tests::pending_modal_spell_details_survive_filtering_and_client_wire_round_trip
        PASS [   0.091s] (1239/5512) phase-engine game::derived_views::tests::paid_cast_cleanup_authority_never_reaches_direct_or_viewer_wires
        PASS [   0.073s] (1240/5512) phase-engine game::derived_views::tests::prospective_storm_counts_are_viewer_scoped
        PASS [   0.074s] (1241/5512) phase-engine game::derived_views::tests::prospective_storm_counts_include_next_spell_granted_storm
        PASS [   0.137s] (1242/5512) phase-engine game::derived_views::tests::paid_cast_cleanup_authority_never_reaches_continuation_wires
        PASS [   0.104s] (1243/5512) phase-engine game::derived_views::tests::prospective_storm_counts_include_effectively_granted_storm
        PASS [   0.128s] (1244/5512) phase-engine game::derived_views::tests::planechase_can_roll_view_uses_controlled_priority_seat
        PASS [   0.084s] (1245/5512) phase-engine game::derived_views::tests::stack_entry_details_projects_storm_provenance_to_the_client_wire
        PASS [   0.094s] (1246/5512) phase-engine game::derived_views::tests::room_half_identities_report_the_copied_halves_and_skip_face_down
        PASS [   0.091s] (1247/5512) phase-engine game::derived_views::tests::stack_entry_display_selected_modes_are_wire_compatible_and_cloneable
        PASS [   0.081s] (1248/5512) phase-engine game::derived_views::tests::the_filtered_projection_agrees_on_a_public_offer
        PASS [   0.054s] (1249/5512) phase-engine game::derived_views::tests::the_kind_reads_the_narrowed_offer_not_the_slots_declared_set
        PASS [   0.045s] (1250/5512) phase-engine game::derived_views::tests::trigger_event_display_labels_a_milled_event
        PASS [   0.107s] (1251/5512) phase-engine game::derived_views::tests::stack_resolution_session_never_reaches_any_client_envelope
        PASS [   0.083s] (1252/5512) phase-engine game::derived_views::tests::the_kind_binds_to_the_live_slot_not_the_first_slot
        PASS [   0.133s] (1253/5512) phase-engine game::derived_views::tests::real_certificate_axes_project_to_victim_hud
        PASS [   0.061s] (1254/5512) phase-engine game::derived_views::tests::turn_order_hidden_for_two_or_fewer_live_representatives
        PASS [   0.062s] (1255/5512) phase-engine game::derived_views::tests::two_mana_axes_fold_to_one_family_row
        PASS [   0.080s] (1256/5512) phase-engine game::derived_views::tests::two_controllers_draining_one_victim_do_not_cross_schedule
        PASS [   0.099s] (1257/5512) phase-engine game::derived_views::tests::turn_order_duplicates_survive_wire_round_trip
        PASS [   0.076s] (1258/5512) phase-engine game::derived_views::tests::unbounded_row_leads_and_shadows_the_same_pair
        PASS [   0.066s] (1259/5512) phase-engine game::effects::adapt::tests::adapt_does_nothing_if_has_plus1_counters
        PASS [   0.073s] (1260/5512) phase-engine game::derived_views::tests::web_slinging_costs_are_viewer_scoped_and_leak_proof
        PASS [   0.096s] (1261/5512) phase-engine game::derived_views::tests::unique_submitter_projection_uses_search_latch_and_omits_no_actor
        PASS [   0.113s] (1262/5512) phase-engine game::derived_views::tests::unbounded_resources_round_trip_through_wire
        PASS [   0.062s] (1263/5512) phase-engine game::effects::adapt::tests::adapt_places_counters_when_none_present
        PASS [   0.078s] (1264/5512) phase-engine game::effects::adapt::tests::adapt_emits_effect_resolved_event
        PASS [   0.058s] (1265/5512) phase-engine game::effects::add_restriction::tests::attack_restriction_snapshots_original_controller_without_rebinding_scoped_player
        PASS [   0.123s] (1266/5512) phase-engine game::derived_views::tests::unbounded_pile_round_trip_through_wire
        PASS [   0.149s] (1267/5512) phase-engine game::derived_views::tests::triggered_mana_sidecar_and_construction_recipient_never_reach_the_client_envelope
        PASS [   0.059s] (1268/5512) phase-engine game::effects::add_restriction::tests::parent_object_target_controller_unresolved_without_object_target
        PASS [   0.071s] (1269/5512) phase-engine game::effects::add_restriction::tests::cast_only_from_zones_uses_controllers_next_turn_for_expiry
        PASS [   0.048s] (1270/5512) phase-engine game::effects::add_restriction::tests::restriction_add_restriction_pushes_to_state
        PASS [   0.078s] (1271/5512) phase-engine game::effects::add_restriction::tests::parent_targeted_player_scope_is_resolved_from_inherited_target
        PASS [   0.084s] (1272/5512) phase-engine game::effects::add_restriction::tests::parent_object_target_controller_resolves_to_object_controller
        PASS [   0.056s] (1273/5512) phase-engine game::effects::add_restriction::tests::scoped_player_scope_falls_back_to_controller_when_unbound
        PASS [   0.075s] (1274/5512) phase-engine game::effects::add_target_replacement::tests::any_replacement_without_forwarded_context_uses_declared_targets
        PASS [   0.052s] (1275/5512) phase-engine game::effects::add_target_replacement::tests::die_exile_rider_with_legacy_is_consumed_applies_exile_redirect
        PASS [  11.941s] (1276/5512) phase-engine game::casting::tests::non_fuse_alt_cost_candidate_uses_front_half_not_combined
        PASS [   0.076s] (1277/5512) phase-engine game::effects::add_target_replacement::tests::crafty_cutpurse_redirects_spec_controller_for_enters_attacking_token
        PASS [   0.055s] (1278/5512) phase-engine game::effects::add_target_replacement::tests::empty_forwarded_result_context_does_not_fall_back_to_declared_targets
        PASS [   0.103s] (1279/5512) phase-engine game::effects::add_restriction::tests::targeted_player_scope_is_resolved_on_restrictions
        PASS [   0.097s] (1280/5512) phase-engine game::effects::add_target_replacement::tests::crafty_cutpurse_does_not_redirect_own_tokens
        PASS [   0.052s] (1281/5512) phase-engine game::effects::add_target_replacement::tests::global_enter_as_copy_replacement_freezes_parent_target_copy_source
        PASS [   0.074s] (1282/5512) phase-engine game::effects::add_target_replacement::tests::crafty_cutpurse_self_install_redirects_opponent_tokens_to_controller
        PASS [   0.109s] (1283/5512) phase-engine game::effects::add_restriction::tests::scoped_player_scope_resolves_and_anchors_next_turn_on_scoped_player
        PASS [   0.103s] (1284/5512) phase-engine game::effects::add_target_replacement::tests::controller_gated_rider_is_not_carried_twice_across_a_layer_pass
        PASS [   0.073s] (1285/5512) phase-engine game::effects::add_target_replacement::tests::forwarded_result_context_binds_an_any_replacement_to_the_moved_object
        PASS [   0.058s] (1286/5512) phase-engine game::effects::additional_phase::tests::additional_beginning_phase_runs_then_resumes_after_anchor
        PASS [   0.065s] (1287/5512) phase-engine game::effects::additional_phase::tests::additional_beginning_phase_anchors_to_resolving_main_phase
        PASS [   0.068s] (1288/5512) phase-engine game::effects::add_target_replacement::tests::stale_forwarded_result_context_does_not_bind_a_replacement
        PASS [   0.067s] (1289/5512) phase-engine game::effects::add_target_replacement::tests::stated_unrepresentable_duration_does_not_install_a_shield
        PASS [   0.066s] (1290/5512) phase-engine game::effects::add_target_replacement::tests::unstated_duration_shield_install_gets_engine_turn_window
        PASS [   0.089s] (1291/5512) phase-engine game::effects::add_target_replacement::tests::pending_damage_replacement_expires_on_controllers_next_turn
        PASS [   0.075s] (1292/5512) phase-engine game::effects::add_target_replacement::tests::target_filter_none_pushes_global_replacement_without_inference
        PASS [   0.080s] (1293/5512) phase-engine game::effects::add_target_replacement::tests::pushes_eot_replacement_onto_target_object
        PASS [   0.061s] (1294/5512) phase-engine game::effects::additional_phase::tests::additional_combat_count_advances_through_both_extra_phases
        PASS [   0.106s] (1295/5512) phase-engine game::effects::add_target_replacement::tests::global_source_you_control_boost_fires_for_own_source_only
        PASS [   0.084s] (1296/5512) phase-engine game::effects::add_target_replacement::tests::pushes_damage_replacement_for_triggering_player
        PASS [   0.083s] (1297/5512) phase-engine game::effects::additional_phase::tests::additional_beginning_phase_from_combat_anchors_to_end_combat
        PASS [   0.417s] (1298/5512) phase-engine game::derived_views::tests::storm_count_uses_the_current_storm_trigger_snapshot_table_wide
        PASS [   0.049s] (1299/5512) phase-engine game::effects::additional_phase::tests::additional_phase_count_from_event_context_amount_pushes_n_phases
        PASS [   0.056s] (1300/5512) phase-engine game::effects::additional_phase::tests::additional_phase_pushes_begin_combat
        PASS [   0.065s] (1301/5512) phase-engine game::effects::additional_phase::tests::additional_combat_count_shares_the_main_phase_anchor
        PASS [   0.082s] (1302/5512) phase-engine game::effects::additional_phase::tests::cr_500_10a_opponent_turn_no_phases_added
        PASS [   0.079s] (1303/5512) phase-engine game::effects::additional_phase::tests::each_emitted_shape_adds_its_segment
        PASS [   0.095s] (1304/5512) phase-engine game::effects::additional_phase::tests::additional_phase_after_this_main_phase_uses_active_main_as_anchor
        PASS [   0.097s] (1305/5512) phase-engine game::effects::additional_phase::tests::additional_phase_with_main_pushes_both
        PASS [   0.085s] (1306/5512) phase-engine game::effects::additional_phase::tests::cr_500_8_lifo_ordering
        PASS [   0.096s] (1307/5512) phase-engine game::effects::additional_phase::tests::additional_upkeep_uses_triggering_player
        PASS [   0.057s] (1308/5512) phase-engine game::effects::additional_phase::tests::each_taken_entry_records_its_id_on_its_unit
        PASS [   0.089s] (1309/5512) phase-engine game::effects::additional_phase::tests::each_recipient_kind_gates_on_the_player_it_names
        PASS [   0.100s] (1310/5512) phase-engine game::effects::additional_phase::tests::combat_added_at_end_of_combat_runs_before_obeka_upkeeps
        PASS [   0.083s] (1311/5512) phase-engine game::effects::additional_phase::tests::each_scheduled_entry_is_minted_a_distinct_nonzero_id
        PASS [   0.067s] (1312/5512) phase-engine game::effects::additional_phase::tests::expletive_beginning_phase_is_added_to_an_opponents_turn
        PASS [   0.122s] (1313/5512) phase-engine game::effects::additional_phase::tests::an_added_step_runs_before_a_phase_added_after_its_phase
        PASS [   0.077s] (1314/5512) phase-engine game::effects::additional_phase::tests::expletive_combat_phase_on_an_opponents_turn_is_added_to_that_turn
        PASS [   0.065s] (1315/5512) phase-engine game::effects::additional_phase::tests::first_combat_phase_is_the_first_combat_to_occur
        PASS [   0.057s] (1316/5512) phase-engine game::effects::additional_phase::tests::obeka_upkeeps_on_an_opponents_turn_add_nothing
        PASS [   0.070s] (1317/5512) phase-engine game::effects::additional_phase::tests::fixed_step_anchor_ignores_the_resolving_phase
        PASS [   0.068s] (1318/5512) phase-engine game::effects::additional_phase::tests::named_phase_inside_an_added_step_reads_the_phase_it_was_added_to
        PASS [   0.080s] (1319/5512) phase-engine game::effects::additional_phase::tests::granted_beginning_phase_is_gated_like_any_granted_phase
        PASS [   0.085s] (1320/5512) phase-engine game::effects::additional_phase::tests::first_of_turn_anchor_adds_nothing_once_that_phase_has_ended
        PASS [   0.069s] (1321/5512) phase-engine game::effects::additional_phase::tests::this_main_phase_anchor_outside_a_main_phase_adds_nothing
        PASS [   0.078s] (1322/5512) phase-engine game::effects::additional_phase::tests::restricted_combat_concretizes_parent_target_to_tracked_set
        PASS [   0.067s] (1323/5512) phase-engine game::effects::additional_phase::tests::this_phase_inside_a_created_phase_anchors_at_its_step
        PASS [   0.089s] (1324/5512) phase-engine game::effects::additional_phase::tests::targeted_player_recipient_without_a_player_target_adds_nothing
        PASS [   0.081s] (1325/5512) phase-engine game::effects::additional_phase::tests::this_phase_combat_anchor_follows_the_resolving_phase
        PASS [   0.070s] (1326/5512) phase-engine game::effects::additional_phase::tests::this_phase_inside_a_created_upkeep_phase_runs_directly_after_it
        PASS [   0.049s] (1327/5512) phase-engine game::effects::additional_phase::tests::this_step_anchor_resolves_to_the_current_step
        PASS [   0.119s] (1328/5512) phase-engine game::effects::additional_phase::tests::second_main_phase_can_be_an_added_main_phase
        PASS [   0.075s] (1329/5512) phase-engine game::effects::additional_phase::tests::this_phase_inside_an_added_step_anchors_at_the_enclosing_phase
        PASS [   0.087s] (1330/5512) phase-engine game::effects::additional_phase::tests::this_phase_upkeep_in_precombat_main_runs_before_the_natural_combat
        PASS [   0.077s] (1331/5512) phase-engine game::effects::additional_phase::tests::two_additional_beginning_phases_run_in_succession
        PASS [   0.098s] (1332/5512) phase-engine game::effects::additional_phase::tests::this_phase_inside_an_added_phase_anchors_at_its_last_step
        PASS [   0.079s] (1333/5512) phase-engine game::effects::additional_phase::tests::triggering_player_recipient_without_an_event_adds_nothing
        PASS [   0.079s] (1334/5512) phase-engine game::effects::additional_phase::tests::world_at_war_twice_before_the_second_main_phase_ends_is_cumulative
        PASS [   0.078s] (1335/5512) phase-engine game::effects::amass::tests::amass_creates_army_token_with_counters
        PASS [   0.073s] (1336/5512) phase-engine game::effects::amass::tests::amass_reuses_existing_army_and_adds_counters
        PASS [   0.110s] (1337/5512) phase-engine game::effects::amass::tests::amass_adds_missing_subtype_to_existing_army
        PASS [   0.073s] (1338/5512) phase-engine game::effects::animate::tests::animate_creates_transient_continuous_effect
        PASS [   0.071s] (1339/5512) phase-engine game::effects::animate::tests::animate_dynamic_pt_emits_set_power_dynamic
        PASS [   0.077s] (1340/5512) phase-engine game::effects::animate::tests::animate_snapshots_event_scoped_power_to_fixed_set_power
        PASS [   0.092s] (1341/5512) phase-engine game::effects::animate::tests::animate_respects_explicit_duration
        PASS [   0.099s] (1342/5512) phase-engine game::effects::animate::tests::animate_keeps_source_scoped_power_dynamic
        PASS [   0.093s] (1343/5512) phase-engine game::effects::arrange_planar_deck::tests::arrange_planar_deck_top_sets_waiting_for
        PASS [   0.085s] (1344/5512) phase-engine game::effects::attach::tests::attach_equipment_was_attached_uses_latest_departure_snapshot
        PASS [   0.092s] (1345/5512) phase-engine game::effects::attach::tests::attach_equipment_was_attached_to_sacrificed_source
        PASS [   0.043s] (1346/5512) phase-engine game::effects::attach::tests::attach_resolve_keeps_nondynamic_missing_host_as_an_error
        PASS [   0.089s] (1347/5512) phase-engine game::effects::attach::tests::attach_resolve_dynamic_hosts_exhausted_by_attachment_are_journal_free_noops
        PASS [   0.136s] (1348/5512) phase-engine game::effects::animate::tests::animate_uses_until_end_of_turn_by_default
        PASS [   0.100s] (1349/5512) phase-engine game::effects::attach::tests::attach_resolve_excludes_operation_attachment_from_each_dynamic_host_ledger
        PASS [   0.118s] (1350/5512) phase-engine game::effects::attach::tests::attach_prohibitions_distinguish_aura_vs_equipment
        PASS [   0.088s] (1351/5512) phase-engine game::effects::attach::tests::attach_resolve_last_created_prefers_explicit_nonattachment_host_to_ledger
        PASS [   0.081s] (1352/5512) phase-engine game::effects::attach::tests::attach_resolve_revealed_and_zone_changed_prefer_matching_propagated_hosts
        PASS [   0.061s] (1353/5512) phase-engine game::effects::attach::tests::attach_with_explicit_targets_ignores_last_created
        PASS [   0.087s] (1354/5512) phase-engine game::effects::attach::tests::attach_resolve_revealed_and_zone_changed_without_eligible_candidates_are_errors
        PASS [   0.076s] (1355/5512) phase-engine game::effects::attach::tests::attach_resolves_non_source_attachment_from_target_slot
        PASS [   0.112s] (1356/5512) phase-engine game::effects::attach::tests::attach_resolve_revealed_and_zone_changed_ignore_unrelated_propagated_hosts
        PASS [   0.105s] (1357/5512) phase-engine game::effects::attach::tests::attach_resolves_last_created_target
        PASS [   0.051s] (1358/5512) phase-engine game::effects::attach::tests::attachment_illegality_protection_blocks_aura
        PASS [   0.097s] (1359/5512) phase-engine game::effects::attach::tests::attachment_cycle_is_prohibited_and_no_op
        PASS [   0.083s] (1360/5512) phase-engine game::effects::attach::tests::attachment_illegality_none_for_legal_host
        PASS [   0.058s] (1361/5512) phase-engine game::effects::attach::tests::attachment_restriction_legendary_gates_aura_host
        PASS [   0.278s] (1362/5512) phase-engine game::effects::amass::tests::goblin_plate_mail_etb_reuses_existing_army_and_attaches_to_it
        PASS [   0.093s] (1363/5512) phase-engine game::effects::attach::tests::attachment_illegality_cant_be_enchanted_blocks_aura
        PASS [   0.056s] (1364/5512) phase-engine game::effects::attach::tests::attachment_restriction_power_ge_blocks_weak_host_allows_strong_host
        PASS [   0.079s] (1365/5512) phase-engine game::effects::attach::tests::cant_be_attached_blocks_any_attachment
        PASS [   0.075s] (1366/5512) phase-engine game::effects::attach::tests::cant_be_enchanted_blocks_aura
        PASS [   0.096s] (1367/5512) phase-engine game::effects::attach::tests::attachment_role_binding_rejects_a_reincarnated_selected_equipment
        PASS [   0.063s] (1368/5512) phase-engine game::effects::attach::tests::complete_resolution_attachment_choice_attaches_multiple_equipment
        PASS [   0.063s] (1369/5512) phase-engine game::effects::attach::tests::cr_702_16p_same_source_second_effect_does_not_inherit_first_snapshot
        PASS [   0.130s] (1370/5512) phase-engine game::effects::attach::tests::cant_be_equipped_blocks_equipment
        PASS [   0.061s] (1371/5512) phase-engine game::effects::attach::tests::deferred_attach_prompts_when_multiple_equipment_match
        PASS [   0.118s] (1372/5512) phase-engine game::effects::attach::tests::complete_resolution_attachment_choice_uses_nahiri_subtype_filter
        PASS [   0.109s] (1373/5512) phase-engine game::effects::attach::tests::cr_702_16p_exempts_matching_controlled_attachment_at_grant_start
        PASS [   0.126s] (1374/5512) phase-engine game::effects::attach::tests::cr_702_16p_does_not_exempt_attachment_that_becomes_matching_after_grant_start
        PASS [   0.129s] (1375/5512) phase-engine game::effects::attach::tests::complete_resolution_attachment_choice_skips_stale_parent_propagated_targets
        PASS [   0.081s] (1376/5512) phase-engine game::effects::attach::tests::cr_702_16p_second_protection_grant_without_rider_still_blocks
        PASS [   0.136s] (1377/5512) phase-engine game::effects::attach::tests::complete_resolution_attachment_choice_attaches_to_source_host
        PASS [   0.114s] (1378/5512) phase-engine game::effects::attach::tests::cr_702_16p_opponent_controlled_matching_attachment_not_exempt
        PASS [   0.034s] (1379/5512) phase-engine game::effects::attach::tests::reattach_to_different_host_bumps_timestamp
        PASS [   0.060s] (1380/5512) phase-engine game::effects::attach::tests::optional_multi_attach_prompts_with_zero_minimum
        PASS [   0.085s] (1381/5512) phase-engine game::effects::attach::tests::host_binding_rejects_the_attachments_current_host_under_another
        PASS [   0.073s] (1382/5512) phase-engine game::effects::attach::tests::host_choice_admission_requires_every_attachments_another_leg
        PASS [   0.064s] (1383/5512) phase-engine game::effects::attach::tests::multiple_distinct_equipment_can_attach_to_same_creature
        PASS [   0.068s] (1384/5512) phase-engine game::effects::attach::tests::player_attachment_illegality_protection_blocks_aura
        PASS [   0.075s] (1385/5512) phase-engine game::effects::attach::tests::optional_attach_with_no_eligible_equipment_is_noop_without_attach_event
        PASS [   0.085s] (1386/5512) phase-engine game::effects::attach::tests::mandatory_attach_with_no_eligible_equipment_does_not_deadlock
        PASS [   0.111s] (1387/5512) phase-engine game::effects::attach::tests::described_attachment_bounds_follow_the_printed_cardinality
        PASS [   0.109s] (1388/5512) phase-engine game::effects::attach::tests::host_choice_admission_respects_or_legs_and_not_polarity
        PASS [   0.259s] (1389/5512) phase-engine game::effects::attach::tests::cloud_etb_attach_selection_equips_selected_equipment_to_cloud
        PASS [   0.061s] (1390/5512) phase-engine game::effects::attach::tests::reattach_to_same_host_does_not_bump_timestamp
        PASS [   0.086s] (1391/5512) phase-engine game::effects::attach::tests::reattach_to_same_creature_returns_no_unattach_target
        PASS [   0.079s] (1392/5512) phase-engine game::effects::attach::tests::self_attach_is_prohibited_and_no_op
        PASS [   0.071s] (1393/5512) phase-engine game::effects::attach::tests::unattach_all_empty_target_set_resolves_noop
        PASS [   0.088s] (1394/5512) phase-engine game::effects::attach::tests::test_attach_sets_attached_to_and_attachments
        PASS [   0.103s] (1395/5512) phase-engine game::effects::attach::tests::resolution_attachment_choice_excludes_equipment_from_dynamic_host_ledgers
        PASS [   0.103s] (1396/5512) phase-engine game::effects::attach::tests::stale_attachment_binding_does_not_exclude_new_incarnation_as_host
        PASS [   0.077s] (1397/5512) phase-engine game::effects::attach::tests::unattach_all_filters_explicit_object_targets
        PASS [   0.107s] (1398/5512) phase-engine game::effects::attach::tests::test_attach_re_equip_moves_equipment
        PASS [   0.064s] (1399/5512) phase-engine game::effects::attach::tests::unattach_all_removes_matching_equipment_from_target
        PASS [   0.048s] (1400/5512) phase-engine game::effects::awaken::tests::append_awaken_rider_attaches_at_deepest_tail
        PASS [   0.100s] (1401/5512) phase-engine game::effects::attach::tests::unattach_all_parent_target_removes_equipment_from_each_parent_host
        PASS [   0.055s] (1402/5512) phase-engine game::effects::awaken::tests::append_awaken_rider_builds_counter_then_animate_tail
        PASS [   0.092s] (1403/5512) phase-engine game::effects::attach::tests::unattach_returns_previous_host
        PASS [   0.098s] (1404/5512) phase-engine game::effects::become_blocked::tests::become_blocked_already_blocked_does_not_emit_event
        PASS [   0.081s] (1405/5512) phase-engine game::effects::become_copy::tests::abilities_revert_to_empty_when_copy_expires
        PASS [   0.082s] (1406/5512) phase-engine game::effects::become_blocked::tests::become_blocked_non_attacker_target_is_noop
        PASS [   0.096s] (1407/5512) phase-engine game::effects::become_blocked::tests::become_blocked_marks_unblocked_attacker_and_emits_event
        PASS [   0.076s] (1408/5512) phase-engine game::effects::become_copy::tests::become_copy_copies_characteristics_via_layer_one
        PASS [   0.074s] (1409/5512) phase-engine game::effects::become_copy::tests::become_copy_for_as_long_as_target_tapped_tracks_target
        PASS [   0.094s] (1410/5512) phase-engine game::effects::become_copy::tests::become_copy_captures_duration_subject_on_tce
        PASS [   0.090s] (1411/5512) phase-engine game::effects::become_copy::tests::become_copy_does_not_emit_etb_or_ltb_events
        PASS [   0.084s] (1412/5512) phase-engine game::effects::become_copy::tests::become_copy_duration_ignores_source_tap_state
        PASS [   0.091s] (1413/5512) phase-engine game::effects::become_copy::tests::become_copy_installs_keyword_triggers_for_copied_keywords
        PASS [   0.064s] (1414/5512) phase-engine game::effects::become_copy::tests::become_copy_of_token_carries_token_display_routing_and_reverts
        PASS [   0.058s] (1415/5512) phase-engine game::effects::become_copy::tests::become_copy_retains_all_other_abilities_from_source
        PASS [   0.074s] (1416/5512) phase-engine game::effects::become_copy::tests::become_copy_propagates_source_printed_ref_and_reverts_at_cleanup
        PASS [   0.076s] (1417/5512) phase-engine game::effects::become_copy::tests::become_copy_retains_printed_ability_from_source
        PASS [   0.071s] (1418/5512) phase-engine game::effects::become_copy::tests::become_copy_strips_mana_cost_and_survives_layer_reeval
        PASS [   0.090s] (1419/5512) phase-engine game::effects::become_copy::tests::become_copy_starting_loyalty_override_is_copiable
        PASS [   0.094s] (1420/5512) phase-engine game::effects::become_copy::tests::become_copy_until_end_of_turn_reverts_at_cleanup
        PASS [   0.057s] (1421/5512) phase-engine game::effects::become_copy::tests::chained_copy_reads_set_name_override_as_copiable_value
        PASS [   0.110s] (1422/5512) phase-engine game::effects::become_copy::tests::become_copy_retains_printed_trigger_from_source
        PASS [   0.054s] (1423/5512) phase-engine game::effects::become_copy::tests::compute_current_copiable_values_with_no_effects_returns_base
        PASS [   0.085s] (1424/5512) phase-engine game::effects::become_copy::tests::become_copy_with_set_name_and_pt_and_subtype_overrides
        PASS [   0.077s] (1425/5512) phase-engine game::effects::become_copy::tests::chained_copy_uses_current_copiable_values_not_base
        PASS [   0.161s] (1426/5512) phase-engine game::effects::become_copy::tests::become_copy_preserves_additional_modifications
        PASS [   0.109s] (1427/5512) phase-engine game::effects::become_copy::tests::become_copy_with_except_it_has_myriad_synthesizes_trigger
        PASS [   0.060s] (1428/5512) phase-engine game::effects::become_copy::tests::dfc_transform_still_works_after_refactor
        PASS [   0.071s] (1429/5512) phase-engine game::effects::become_copy::tests::granted_trigger_propagates_through_chained_copy
        PASS [   0.096s] (1430/5512) phase-engine game::effects::become_copy::tests::copy_of_token_carries_source_art_descriptor_and_reverts
        PASS [   0.069s] (1431/5512) phase-engine game::effects::become_copy::tests::layer_reset_restores_name_mana_cost_loyalty_from_base
        PASS [   0.085s] (1432/5512) phase-engine game::effects::become_copy::tests::intrinsic_copiable_values_reads_base_fields_only
        PASS [   0.076s] (1433/5512) phase-engine game::effects::become_copy::tests::non_copy_until_end_of_turn_effects_still_expire_at_cleanup
        PASS [   0.067s] (1434/5512) phase-engine game::effects::become_copy::tests::permanent_become_copy_is_pruned_when_object_leaves_battlefield
        PASS [   0.087s] (1435/5512) phase-engine game::effects::become_copy::tests::machine_gods_effigy_type_replacement_prunes_changeling_cda_for_later_copies
        PASS [   0.330s] (1436/5512) phase-engine game::effects::become_copy::tests::assimilation_aegis_copy_follows_attached_host_and_ends_on_detach
        PASS [   0.081s] (1437/5512) phase-engine game::effects::become_copy::tests::retained_trigger_propagates_through_chained_copy
        PASS [   0.125s] (1438/5512) phase-engine game::effects::become_copy::tests::noncopy_modifications_are_not_copied
        PASS [   0.101s] (1439/5512) phase-engine game::effects::become_copy::tests::retain_printed_trigger_with_out_of_bounds_index_is_a_noop
        PASS [   0.062s] (1440/5512) phase-engine game::effects::blight::tests::blight_no_creatures_is_noop
        PASS [   0.092s] (1441/5512) phase-engine game::effects::blight::tests::blight_is_replacement_aware
        PASS [   0.046s] (1442/5512) phase-engine game::effects::bolster::tests::bolster_auto_chooses_unique_minimum
        PASS [   0.131s] (1443/5512) phase-engine game::effects::become_copy::tests::token_copy_of_copied_permanent_gets_copy_characteristics
        PASS [   0.119s] (1444/5512) phase-engine game::effects::blight::tests::blight_eligibility_is_controller_scoped
        PASS [   0.049s] (1445/5512) phase-engine game::effects::bolster::tests::bolster_does_nothing_with_no_creatures
        PASS [   0.109s] (1446/5512) phase-engine game::effects::blight::tests::blight_n_places_n_counters
        PASS [   0.089s] (1447/5512) phase-engine game::effects::blight::tests::blight_succeeds_against_hexproof_creature
        PASS [   0.110s] (1448/5512) phase-engine game::effects::blight::tests::blight_redirects_to_targeted_opponent
        PASS [   0.058s] (1449/5512) phase-engine game::effects::bolster::tests::bolster_prompts_choice_on_tied_minimum
        PASS [   0.065s] (1450/5512) phase-engine game::effects::bounce::dandan_read_sweep_tests::chosen_non_canonical_player_returns_a_card_from_the_shared_pile_graveyard
        PASS [   0.066s] (1451/5512) phase-engine game::effects::bounce::tests::bounce_does_not_apply_own_enters_with_counter_replacement
        PASS [   0.058s] (1452/5512) phase-engine game::effects::bounce::tests::targeted_up_to_one_graveyard_bounce_declined_resolves_to_nothing
        PASS [   0.066s] (1453/5512) phase-engine game::effects::bounce::tests::counted_bounce_all_prompts_controller_for_subset
        PASS [   0.063s] (1454/5512) phase-engine game::effects::bounce::tests::non_targeted_optional_bounce_still_prompts_at_resolution
        PASS [   0.061s] (1455/5512) phase-engine game::effects::bounce::tests::test_bounce_default_destination_is_hand
        PASS [   0.055s] (1456/5512) phase-engine game::effects::bounce::tests::test_bounce_does_not_move_stack_ability_to_hand
        PASS [   0.039s] (1457/5512) phase-engine game::effects::bounce::tests::test_bounce_ltb_self_ref_from_graveyard
        PASS [   0.097s] (1458/5512) phase-engine game::effects::bounce::tests::test_bounce_all_destination_library
        PASS [   0.042s] (1459/5512) phase-engine game::effects::bounce::tests::test_bounce_ltb_self_return_from_graveyard
        PASS [   0.059s] (1460/5512) phase-engine game::effects::bounce::tests::test_bounce_exiles_flashback_stack_spell
        PASS [   0.069s] (1461/5512) phase-engine game::effects::bounce::tests::test_bounce_emits_zone_changed
        PASS [   0.103s] (1462/5512) phase-engine game::effects::bounce::tests::test_bounce_destination_override_routes_to_specified_zone
        PASS [   0.052s] (1463/5512) phase-engine game::effects::bounce::tests::test_bounce_moves_permanent_to_hand
        PASS [   0.124s] (1464/5512) phase-engine game::effects::bounce::tests::test_bounce_all_creatures_filters_non_creatures
        PASS [   0.046s] (1465/5512) phase-engine game::effects::bounce::tests::test_bounce_moves_stack_spell_to_hand
        PASS [   0.041s] (1466/5512) phase-engine game::effects::bounce::tests::test_bounce_non_targeting_controller_scope_empty_eligible_fizzles
        PASS [   0.156s] (1467/5512) phase-engine game::effects::bounce::tests::targeted_up_to_two_graveyard_bounce_moves_chosen_creature
        PASS [   0.059s] (1468/5512) phase-engine game::effects::bounce::tests::test_bounce_non_targeting_controller_scope_multiple_eligible_prompts_choice
        PASS [   1.171s] (1469/5512) phase-engine game::effects::amass::tests::amass_creation_triggers_chatterfang_additional_squirrel
        PASS [   0.064s] (1470/5512) phase-engine game::effects::bounce::tests::test_bounce_non_targeting_controller_scope_single_eligible_auto_moves
        PASS [   0.054s] (1471/5512) phase-engine game::effects::bounce::tests::test_rancor_ltb_pipeline_returns_to_owner_hand
        PASS [   0.061s] (1472/5512) phase-engine game::effects::bounce::tests::test_bounce_self
        PASS [   0.052s] (1473/5512) phase-engine game::effects::cascade::tests::empty_library_emits_missed_event_and_no_choice
        PASS [   0.053s] (1474/5512) phase-engine game::effects::cascade::tests::library_exhausted_no_hit_no_choice
        PASS [   0.053s] (1475/5512) phase-engine game::effects::cascade::tests::multi_instance_cascade_fires_one_trigger_per_keyword
        PASS [   0.058s] (1476/5512) phase-engine game::effects::cast_copy_of_card::tests::cast_copy_of_card_stamps_a_fresh_cast_occurrence
        PASS [   0.058s] (1477/5512) phase-engine game::effects::cast_copy_of_card::tests::cast_copy_resets_cast_payment_stamps
        PASS [   0.066s] (1478/5512) phase-engine game::effects::cascade::tests::source_mv_reads_current_mana_value
        PASS [   0.072s] (1479/5512) phase-engine game::effects::cascade::tests::mv_boundary_strict_inequality
        PASS [   0.116s] (1480/5512) phase-engine game::effects::cascade::tests::all_lands_library_emits_missed_event_with_full_count
        PASS [   0.054s] (1481/5512) phase-engine game::effects::cast_copy_of_card::tests::cast_copy_uses_spell_ability_when_non_spell_ability_is_first
        PASS [   0.119s] (1482/5512) phase-engine game::effects::cascade::tests::basic_flow_offers_first_eligible_nonland
        PASS [   0.060s] (1483/5512) phase-engine game::effects::cast_copy_of_card::tests::explicit_target_casts_a_stack_copy_without_moving_source_card
        PASS [   0.076s] (1484/5512) phase-engine game::effects::cast_copy_of_card::tests::cast_copy_snapshots_printed_keywords_for_spellcast_seams
        PASS [   0.065s] (1485/5512) phase-engine game::effects::cast_copy_of_card::tests::spell_cast_writer_error_mappings_are_explicit_and_non_panicking_for_card_copy
        PASS [   0.074s] (1486/5512) phase-engine game::effects::cast_copy_of_card::tests::tracked_set_opens_up_to_choice_for_copies_to_cast
        PASS [   0.052s] (1487/5512) phase-engine game::effects::cast_from_zone::tests::grants_zero_cost_permission_on_exiled_card
        PASS [   0.053s] (1488/5512) phase-engine game::effects::cast_from_zone::tests::grants_mana_value_constraint_on_permission
        PASS [   0.072s] (1489/5512) phase-engine game::effects::cast_from_zone::tests::face_of_boe_picks_suspend_card_and_pays_suspend_cost
        PASS [   0.097s] (1490/5512) phase-engine game::effects::cast_from_zone::tests::a_graveyard_grant_does_not_survive_the_card_leaving_the_graveyard
        PASS [   0.098s] (1491/5512) phase-engine game::effects::cast_from_zone::tests::a_hand_grant_does_not_survive_the_card_leaving_the_hand
        PASS [   0.097s] (1492/5512) phase-engine game::effects::cast_from_zone::tests::exiled_by_source_filter_materializes_linked_exile_cards_without_targets
        PASS [   0.124s] (1493/5512) phase-engine game::effects::cast_copy_of_card::tests::tracked_set_choice_uses_resolved_filter_id_not_latest_set
        PASS [   0.121s] (1494/5512) phase-engine game::effects::cast_from_zone::tests::exiles_card_not_in_exile_then_grants_permission
        PASS [   0.081s] (1495/5512) phase-engine game::effects::cast_from_zone::tests::graveyard_cast_exile_rider_stamps_permission_flag
        PASS [   0.051s] (1496/5512) phase-engine game::effects::cast_from_zone::tests::graveyard_target_grant_stays_in_graveyard_with_timed_permission
        PASS [   0.067s] (1497/5512) phase-engine game::effects::cast_from_zone::tests::hand_cast_decline_consumes_prompt_without_permission
        PASS [   0.057s] (1498/5512) phase-engine game::effects::cast_from_zone::tests::hand_cast_without_eligible_cards_resolves_without_prompt
        PASS [   0.071s] (1499/5512) phase-engine game::effects::cast_from_zone::tests::hand_cast_selection_casts_during_resolution_without_lingering_permission
        PASS [   0.054s] (1500/5512) phase-engine game::effects::cast_from_zone::tests::hand_pick_aborts_when_borrowed_keyword_cost_is_unreadable
        PASS [   0.071s] (1501/5512) phase-engine game::effects::cast_from_zone::tests::hand_cast_without_targets_emits_effect_zone_choice
        PASS [   0.086s] (1502/5512) phase-engine game::effects::cast_from_zone::tests::hand_in_place_grant_defaults_to_until_end_of_turn
        PASS [   0.062s] (1503/5512) phase-engine game::effects::cast_from_zone::tests::own_graveyard_immediate_free_cast_moves_directly_to_stack
        PASS [   0.089s] (1504/5512) phase-engine game::effects::cast_from_zone::tests::no_targets_emits_resolved_event
        PASS [   0.064s] (1505/5512) phase-engine game::effects::cast_from_zone::tests::play_mode_with_alt_ability_cost_does_not_stamp_play_from_exile
        PASS [   0.035s] (1506/5512) phase-engine game::effects::cast_from_zone::tests::private_hand_pick_stashes_during_resolution_only_for_exact_free_spell_cast
        PASS [   0.079s] (1507/5512) phase-engine game::effects::cast_from_zone::tests::opponent_graveyard_free_cast_moves_directly_to_stack
        PASS [   0.059s] (1508/5512) phase-engine game::effects::cast_from_zone::tests::play_mode_without_paying_stamps_zero_cost_cast_and_play_from_exile
        PASS [   0.107s] (1509/5512) phase-engine game::effects::cast_from_zone::tests::look_peek_exiled_by_source_cast_uses_last_revealed_library_cards
        PASS [   0.033s] (1510/5512) phase-engine game::effects::cast_from_zone::tests::resolution_filter_freeze_recurses_through_every_direct_filter_carrier
        PASS [   0.147s] (1511/5512) phase-engine game::effects::cast_from_zone::tests::hand_pick_binds_nested_last_revealed_before_modal_face_choice
        PASS [   0.070s] (1512/5512) phase-engine game::effects::cast_from_zone::tests::private_immediate_candidates_isolate_rejected_and_face_swapped_siblings
        PASS [   0.128s] (1513/5512) phase-engine game::effects::cast_from_zone::tests::paused_private_pick_freezes_counter_and_signed_pt_policy_before_resume
        PASS [   0.086s] (1514/5512) phase-engine game::effects::cast_from_zone::tests::resolution_window_replaces_forwarded_targets_with_active_linked_batch
        PASS [   0.092s] (1515/5512) phase-engine game::effects::cast_from_zone::tests::resolution_filter_freeze_preserves_pt_sign_and_clamps_counter_count
        PASS [   0.087s] (1516/5512) phase-engine game::effects::cast_from_zone::tests::spell_cast_writer_error_mappings_are_explicit_and_non_panicking_for_stack_copy
        PASS [   0.092s] (1517/5512) phase-engine game::effects::cast_from_zone::tests::siege_self_ref_cast_with_empty_targets_casts_from_exile
        PASS [   0.067s] (1518/5512) phase-engine game::effects::cast_from_zone::tests::stack_spell_copy_parent_target_casts_without_zone_move
        PASS [   0.054s] (1519/5512) phase-engine game::effects::cast_from_zone::tests::suspend_last_counter_free_cast_puts_spell_on_stack
        PASS [   0.119s] (1520/5512) phase-engine game::effects::cast_from_zone::tests::private_immediate_targeted_candidates_use_one_baseline_without_target_fallback
        PASS [   0.069s] (1521/5512) phase-engine game::effects::cast_from_zone::tests::without_paying_false_uses_card_mana_cost
        PASS [   0.054s] (1522/5512) phase-engine game::effects::change_targets::tests::retarget_aura_spell_enumerates_other_enchantable_hosts
        PASS [   0.066s] (1523/5512) phase-engine game::effects::change_targets::tests::forced_retarget_ignores_illegal_self_target
        PASS [   0.078s] (1524/5512) phase-engine game::effects::change_targets::tests::choose_new_targets_on_targetless_spell_resolves_without_choice
        PASS [   0.090s] (1525/5512) phase-engine game::effects::change_targets::tests::bolt_bend_retargets_aura_spell_via_resolve_top
        PASS [   0.085s] (1526/5512) phase-engine game::effects::change_targets::tests::retarget_prompt_is_dischargeable_degenerates_to_the_flat_test
        PASS [   0.135s] (1527/5512) phase-engine game::effects::cast_from_zone::tests::the_land_companion_takes_the_same_enforceable_duration_as_the_cast_half
        PASS [   0.092s] (1528/5512) phase-engine game::effects::change_targets::tests::retarget_mass_player_effect_offers_other_player
        PASS [   0.113s] (1529/5512) phase-engine game::effects::change_targets::tests::retarget_prompt_is_dischargeable_single_position_empty_pool_union_nonempty
        PASS [   0.110s] (1530/5512) phase-engine game::effects::change_zone::tests::ability_driven_entry_records_placing_source
        PASS [   0.087s] (1531/5512) phase-engine game::effects::change_zone::tests::amulet_of_vigor_ignores_permanent_entering_untapped
        PASS [   0.080s] (1532/5512) phase-engine game::effects::change_zone::tests::amulet_of_vigor_untaps_permanent_entering_tapped
        PASS [   0.080s] (1533/5512) phase-engine game::effects::change_zone::tests::aura_put_onto_battlefield_by_effect_attaches_to_single_legal_host
        PASS [   1.712s] (1534/5512) phase-engine game::effects::amass::tests::goblin_plate_mail_etb_creates_army_and_attaches_to_it
        PASS [   0.118s] (1535/5512) phase-engine game::effects::change_zone::tests::aura_put_onto_battlefield_by_effect_stays_put_without_legal_host
        PASS [   0.071s] (1536/5512) phase-engine game::effects::change_zone::tests::change_zone_all_exile_target_player_graveyard
        PASS [   0.437s] (1537/5512) phase-engine game::effects::cast_from_zone::tests::keldon_flamesage_parsed_trigger_reaches_modal_choice_with_tracked_policy
        PASS [   0.154s] (1538/5512) phase-engine game::effects::change_zone::tests::aura_put_onto_battlefield_by_effect_prompts_for_multiple_player_hosts
        PASS [   0.093s] (1539/5512) phase-engine game::effects::change_zone::tests::change_zone_all_exile_target_player_graveyard_includes_stolen_then_died
        PASS [   0.097s] (1540/5512) phase-engine game::effects::change_zone::tests::change_zone_all_exile_target_player_graveyard_empty_is_noop
        PASS [   0.151s] (1541/5512) phase-engine game::effects::change_zone::tests::aura_put_onto_battlefield_by_effect_resumes_multi_target_move_after_choice
        PASS [   0.163s] (1542/5512) phase-engine game::effects::change_zone::tests::aura_put_onto_battlefield_by_effect_prompts_for_multiple_legal_hosts
        PASS [   0.110s] (1543/5512) phase-engine game::effects::change_zone::tests::change_zone_all_bounce_opponent_creatures
        PASS [   0.096s] (1544/5512) phase-engine game::effects::change_zone::tests::change_zone_all_face_down_empty_set_noop
        PASS [   0.156s] (1545/5512) phase-engine game::effects::change_zone::tests::auto_shuffle_after_library_destination
        PASS [   0.128s] (1546/5512) phase-engine game::effects::change_zone::tests::change_zone_all_face_down_under_controller_applies_profile
        PASS [   0.195s] (1547/5512) phase-engine game::effects::change_zone::tests::change_zone_all_library_bottom_order_prompts_card_owner_not_controller
        PASS [   0.177s] (1548/5512) phase-engine game::effects::change_zone::tests::change_zone_all_strict_fails_on_unsupported_enters_under_controller_ref
        PASS [   0.236s] (1549/5512) phase-engine game::effects::change_zone::tests::change_zone_all_graveyard_to_battlefield_enters_under_controller
        PASS [   0.110s] (1550/5512) phase-engine game::effects::change_zone::tests::change_zone_all_tracked_set_without_origin_uses_member_zone
        PASS [   0.209s] (1551/5512) phase-engine game::effects::change_zone::tests::change_zone_all_multi_zone_same_name_as_parent_target_exiles_and_counts_hand
        PASS [   0.206s] (1552/5512) phase-engine game::effects::change_zone::tests::change_zone_all_resumes_remaining_members_after_aura_host_choice
        PASS [   0.217s] (1553/5512) phase-engine game::effects::change_zone::tests::change_zone_all_library_bottom_order_prompts_each_owner_sequentially
        PASS [   0.223s] (1554/5512) phase-engine game::effects::change_zone::tests::change_zone_all_records_moved_count_for_event_context_amount
        PASS [   0.243s] (1555/5512) phase-engine game::effects::change_zone::tests::change_zone_all_multi_zone_same_name_parent_target_owner_exiles
        PASS [   0.050s] (1556/5512) phase-engine game::effects::change_zone::tests::change_zone_all_tracked_set_zone_uses_chain_binding
        PASS [   0.046s] (1557/5512) phase-engine game::effects::change_zone::tests::change_zone_all_your_graveyard_typed_filter_uses_owner_not_stale_controller
        PASS [   0.052s] (1558/5512) phase-engine game::effects::change_zone::tests::change_zone_any_number_from_hand_prompts_for_all_eligible_cards
        PASS [   0.066s] (1559/5512) phase-engine game::effects::change_zone::tests::change_zone_all_triggered_muzzle_skips_creature_tokens
        PASS [   0.229s] (1560/5512) phase-engine game::effects::change_zone::tests::change_zone_all_target_player_commander_moves_chosen_players_commander
        PASS [   0.064s] (1561/5512) phase-engine game::effects::change_zone::tests::change_zone_enter_with_counters_stamps_counters_on_exile_destination
        PASS [   0.282s] (1562/5512) phase-engine game::effects::change_zone::tests::change_zone_all_resolves_tracked_set_sentinel_inline
        PASS [   0.057s] (1563/5512) phase-engine game::effects::change_zone::tests::change_zone_single_eligible_applies_face_down_profile
        PASS [   0.098s] (1564/5512) phase-engine game::effects::change_zone::tests::change_zone_resolves_triggering_source_from_zone_change_event
        PASS [   0.109s] (1565/5512) phase-engine game::effects::change_zone::tests::change_zone_choice_can_move_cards_from_hand_and_graveyard
        PASS [   0.096s] (1566/5512) phase-engine game::effects::change_zone::tests::charismatic_conqueror_triggers_on_opponent_untapped_etb
        PASS [   0.045s] (1567/5512) phase-engine game::effects::change_zone::tests::effective_enter_mods_gates_riders_on_moved_object_type
        PASS [   0.120s] (1568/5512) phase-engine game::effects::change_zone::tests::change_zone_single_eligible_preserves_face_down_exile_intent
        PASS [   0.140s] (1569/5512) phase-engine game::effects::change_zone::tests::change_zone_single_eligible_applies_conditional_enter_with_counters
        PASS [   0.114s] (1570/5512) phase-engine game::effects::change_zone::tests::conditional_enter_with_counters_gates_on_moved_object_type
        PASS [   0.081s] (1571/5512) phase-engine game::effects::change_zone::tests::effect_zone_choice_resume_preserves_face_down_exile_intent
        PASS [   0.066s] (1572/5512) phase-engine game::effects::change_zone::tests::empty_targets_from_hand_sets_effect_zone_choice_and_preserves_flags
        PASS [   0.119s] (1573/5512) phase-engine game::effects::change_zone::tests::deadly_cover_up_full_cascade_with_and_without_evidence
        PASS [   0.121s] (1574/5512) phase-engine game::effects::change_zone::tests::effect_zone_choice_applies_conditional_enter_with_counters_per_selected_card
        PASS [   0.126s] (1575/5512) phase-engine game::effects::change_zone::tests::effect_zone_choice_multi_card_with_replacement_choice_processes_all_chosen
        PASS [   0.157s] (1576/5512) phase-engine game::effects::change_zone::tests::change_zone_then_create_that_many_counts_across_replacement_pause
        PASS [   0.079s] (1577/5512) phase-engine game::effects::change_zone::tests::enter_transformed_seeds_back_face_loyalty_counters
        PASS [   0.080s] (1578/5512) phase-engine game::effects::change_zone::tests::enters_with_additional_counter_from_active_static
        PASS [   0.106s] (1579/5512) phase-engine game::effects::change_zone::tests::entering_creature_does_not_apply_its_own_enter_static
        PASS [   0.106s] (1580/5512) phase-engine game::effects::change_zone::tests::enters_attacking_adds_to_combat
        PASS [   0.087s] (1581/5512) phase-engine game::effects::change_zone::tests::enters_under_target_player_puts_card_under_chosen_player
        PASS [   0.082s] (1582/5512) phase-engine game::effects::change_zone::tests::exact_scoped_graveyard_exile_feasibility_declines_adjacent_shapes
        PASS [   0.077s] (1583/5512) phase-engine game::effects::change_zone::tests::exact_zero_graveyard_return_completes_without_effect_zone_choice
        PASS [   0.104s] (1584/5512) phase-engine game::effects::change_zone::tests::enters_under_scoped_player_uses_iterating_player
        PASS [   0.088s] (1585/5512) phase-engine game::effects::change_zone::tests::exact_scoped_graveyard_exile_feasibility_uses_legal_candidate_count
        PASS [   0.121s] (1586/5512) phase-engine game::effects::change_zone::tests::enters_modified_if_gates_tapped_through_choice_resume
        PASS [   0.163s] (1587/5512) phase-engine game::effects::change_zone::tests::empty_targets_from_hand_with_single_card_auto_moves_and_records_count
        PASS [   0.058s] (1588/5512) phase-engine game::effects::change_zone::tests::exile_return_with_until_host_leaves_records_link
        PASS [   0.095s] (1589/5512) phase-engine game::effects::change_zone::tests::exhume_each_player_picks_from_own_graveyard
        PASS [   0.089s] (1590/5512) phase-engine game::effects::change_zone::tests::exile_without_linked_exile_consumer_does_not_track_by_source
        PASS [   0.085s] (1591/5512) phase-engine game::effects::change_zone::tests::ltb_parent_target_self_exile_from_graveyard
        PASS [   0.110s] (1592/5512) phase-engine game::effects::change_zone::tests::exile_with_linked_exile_consumer_tracks_by_source
        PASS [   0.103s] (1593/5512) phase-engine game::effects::change_zone::tests::issue_2368_tracked_set_filtered_scans_library_when_origin_none
        PASS [   0.053s] (1594/5512) phase-engine game::effects::change_zone::tests::mandatory_empty_target_hand_move_without_cards_sets_failure_flag
        PASS [   0.131s] (1595/5512) phase-engine game::effects::change_zone::tests::exhume_three_players_each_scoped_to_own_graveyard
        PASS [   0.120s] (1596/5512) phase-engine game::effects::change_zone::tests::issue_567_change_zone_all_with_replacement_choice_processes_all_matches
        PASS [   0.143s] (1597/5512) phase-engine game::effects::change_zone::tests::ill_gotten_gains_return_clause_resolves_partial_choice_through_effect_zone_choice
        PASS [   0.104s] (1598/5512) phase-engine game::effects::change_zone::tests::ltb_parent_target_self_return_to_battlefield_from_graveyard
        PASS [   0.084s] (1599/5512) phase-engine game::effects::change_zone::tests::move_from_hand_to_battlefield
        PASS [   0.073s] (1600/5512) phase-engine game::effects::change_zone::tests::move_to_exile
        PASS [   0.074s] (1601/5512) phase-engine game::effects::change_zone::tests::multi_target_change_zone_paying_first_shock_then_declining_second
        PASS [   0.140s] (1602/5512) phase-engine game::effects::change_zone::tests::ltb_parent_target_self_exile_pipeline
        PASS [   0.059s] (1603/5512) phase-engine game::effects::change_zone::tests::multi_target_min_zero_with_zero_targets_resolves_as_noop
        PASS [   0.065s] (1604/5512) phase-engine game::effects::change_zone::tests::optional_targeting_with_zero_targets_resolves_as_noop
        PASS [   0.057s] (1605/5512) phase-engine game::effects::change_zone::tests::origin_zone_mismatch_skips_move
        PASS [   0.108s] (1606/5512) phase-engine game::effects::change_zone::tests::multi_target_change_zone_with_per_target_replacement_choice_processes_all_targets
        PASS [   0.113s] (1607/5512) phase-engine game::effects::change_zone::tests::multi_target_change_zone_resume_drives_third_target_with_choice_after_two_chained_pauses
        PASS [   0.207s] (1608/5512) phase-engine game::effects::change_zone::tests::liliana_the_necromancer_minus_seven_resolves_graveyard_choice
        PASS [   0.071s] (1609/5512) phase-engine game::effects::change_zone::tests::owner_library_routes_to_owners_library
        PASS [   0.066s] (1610/5512) phase-engine game::effects::change_zone::tests::parent_target_slot_keeps_goblin_welder_targets_distinct_after_sacrifice
        PASS [   0.047s] (1611/5512) phase-engine game::effects::change_zone::tests::resolve_all_exiled_by_source_moves_linked_and_consumes_links
        PASS [   0.068s] (1612/5512) phase-engine game::effects::change_zone::tests::pending_change_zone_drain_recomputes_conditional_entry_counters_per_object
        PASS [   0.154s] (1613/5512) phase-engine game::effects::change_zone::tests::multi_target_entry_counter_pause_keeps_change_zone_below_counter_child
        PASS [   0.096s] (1614/5512) phase-engine game::effects::change_zone::tests::paused_mass_library_shuffle_respects_cant_shuffle
        PASS [   0.105s] (1615/5512) phase-engine game::effects::change_zone::tests::paused_face_down_change_zone_resumes_face_down_with_profile
        PASS [   0.069s] (1616/5512) phase-engine game::effects::change_zone::tests::resolve_all_exile_with_until_host_leaves_creates_links
        PASS [   0.081s] (1617/5512) phase-engine game::effects::change_zone::tests::relative_controller_filter_uses_targeted_player_for_change_zone_effects
        PASS [   0.063s] (1618/5512) phase-engine game::effects::change_zone::tests::scoped_player_hand_change_zone_choice_uses_scoped_player
        PASS [   0.078s] (1619/5512) phase-engine game::effects::change_zone::tests::resolver_strict_fails_on_opponent_controller_ref_with_cr_110_2a_annotation
        PASS [   0.152s] (1620/5512) phase-engine game::effects::change_zone::tests::paused_mass_library_shuffle_has_one_terminal_shuffle
        PASS [   0.067s] (1621/5512) phase-engine game::effects::change_zone::tests::scoped_player_target_does_not_rebind_your_hand_change_zone
        PASS [   0.064s] (1622/5512) phase-engine game::effects::change_zone::tests::search_fail_to_find_chain_continuation_does_not_scan_libraries
        PASS [   0.055s] (1623/5512) phase-engine game::effects::change_zone::tests::self_ref_change_zone_processes_source
        PASS [   1.827s] (1624/5512) phase-engine game::effects::become_copy::tests::copying_dark_depths_with_zero_counters_creates_marit_lage
        PASS [   0.062s] (1625/5512) phase-engine game::effects::change_zone::tests::self_enters_under_opponent_replacement_routes_control_to_opponent
        PASS [   0.063s] (1626/5512) phase-engine game::effects::change_zone::tests::singleton_in_any_zone_is_authoritative_for_change_zone_variants
        PASS [   0.160s] (1627/5512) phase-engine game::effects::change_zone::tests::prospective_owner_shuffle_survives_repeated_replacement_pauses
        PASS [   0.044s] (1628/5512) phase-engine game::effects::change_zone::tests::under_your_control_sets_controller_through_pipeline
        PASS [   0.074s] (1629/5512) phase-engine game::effects::change_zone::tests::triggering_source_origin_fallback_reads_the_milled_destination
        PASS [   0.042s] (1630/5512) phase-engine game::effects::choose::tests::choose_basic_land_type_offers_five_types
        PASS [   0.129s] (1631/5512) phase-engine game::effects::change_zone::tests::targeted_multi_change_zone_records_moved_count_for_event_context_amount
        PASS [   0.162s] (1632/5512) phase-engine game::effects::change_zone::tests::self_enters_under_opponent_choice_is_pre_entry_and_honors_selection
        PASS [   0.083s] (1633/5512) phase-engine game::effects::choose::tests::choose_a_player_offers_neither_an_eliminated_nor_a_phased_out_seat
        PASS [   0.095s] (1634/5512) phase-engine game::effects::choose::tests::apply_choice_attributes_accumulates_color_and_preserves_the_accumulating_kinds
        PASS [   0.110s] (1635/5512) phase-engine game::effects::change_zone::tests::tracked_set_filtered_with_origin_none_scans_all_member_zones
        PASS [   0.148s] (1636/5512) phase-engine game::effects::change_zone::tests::targeted_multi_change_zone_counts_replacement_paused_members
        PASS [   0.142s] (1637/5512) phase-engine game::effects::choose::tests::bind_named_choice_routes_per_player_vs_object
        PASS [   0.172s] (1638/5512) phase-engine game::effects::change_zone::tests::tracked_set_filtered_milled_enchantment_offers_only_milled_cards
        PASS [   0.115s] (1639/5512) phase-engine game::effects::choose::tests::choose_an_opponent_offers_neither_an_eliminated_nor_a_phased_out_seat
        PASS [   0.075s] (1640/5512) phase-engine game::effects::choose::tests::choose_card_name_sends_empty_options
        PASS [   0.070s] (1641/5512) phase-engine game::effects::choose::tests::choose_card_name_with_empty_options_still_prompts
        PASS [   0.078s] (1642/5512) phase-engine game::effects::choose::tests::choose_creature_type_with_empty_all_types_uses_fallback
        PASS [   0.186s] (1643/5512) phase-engine game::effects::change_zone::tests::two_amulets_of_vigor_both_trigger
        PASS [   0.056s] (1644/5512) phase-engine game::effects::choose::tests::choose_empty_keyword_list_resolves_as_no_op
        PASS [   0.103s] (1645/5512) phase-engine game::effects::choose::tests::choose_creature_type_sets_named_choice
        PASS [   0.118s] (1646/5512) phase-engine game::effects::choose::tests::choose_card_type_explicit_domain_excludes_restricted_types
        PASS [   0.117s] (1647/5512) phase-engine game::effects::choose::tests::choose_card_type_offers_seven_types
        PASS [   0.115s] (1648/5512) phase-engine game::effects::choose::tests::choose_color_offers_five_colors
        PASS [   0.091s] (1649/5512) phase-engine game::effects::choose::tests::choose_labeled_uses_provided_options
        PASS [   0.104s] (1650/5512) phase-engine game::effects::choose::tests::choose_keyword_offers_typed_keyword_labels
        PASS [   0.104s] (1651/5512) phase-engine game::effects::choose::tests::choose_land_type_offers_all_land_types
        PASS [   0.116s] (1652/5512) phase-engine game::effects::choose::tests::choose_explicit_card_types_preserves_source_order_and_domain
        PASS [   0.174s] (1653/5512) phase-engine game::effects::choose::tests::choose_color_with_excluded_color_offers_remaining_colors
        PASS [   0.104s] (1654/5512) phase-engine game::effects::choose::tests::choose_odd_or_even_offers_two_options
        PASS [   0.097s] (1655/5512) phase-engine game::effects::choose::tests::choose_opponent_independent_by_default_allows_repeat_choice
        PASS [   0.092s] (1656/5512) phase-engine game::effects::choose::tests::choose_player_distinct_from_prior_excludes_already_chosen_players
        PASS [   0.121s] (1657/5512) phase-engine game::effects::choose::tests::choose_number_range_generates_options
        PASS [   0.109s] (1658/5512) phase-engine game::effects::choose::tests::choose_opponent_lists_opponents
        PASS [   0.087s] (1659/5512) phase-engine game::effects::choose::tests::choose_player_lists_all_players
        PASS [   0.074s] (1660/5512) phase-engine game::effects::choose::tests::labeled_left_right_binds_direction_not_label
        PASS [   0.067s] (1661/5512) phase-engine game::effects::choose::tests::labeled_three_options_including_left_stays_a_label
        PASS [   0.128s] (1662/5512) phase-engine game::effects::choose::tests::choose_player_independent_by_default_allows_repeat_choice
        PASS [   0.132s] (1663/5512) phase-engine game::effects::choose::tests::choose_player_distinct_from_prior_with_all_players_chosen_resolves_as_no_op
        PASS [   0.093s] (1664/5512) phase-engine game::effects::choose::tests::exact_named_choice_never_mutates_a_same_id_higher_incarnation
        PASS [   0.102s] (1665/5512) phase-engine game::effects::choose::tests::choose_two_colors_offers_ten_combinations
        PASS [   0.075s] (1666/5512) phase-engine game::effects::choose::tests::number_range_distinctness_excludes_committed_history
        PASS [  14.862s] (1667/5512) phase-engine game::casting::tests::ordinary_cast_preparation_accepts_only_current_face
        PASS [   0.041s] (1668/5512) phase-engine game::effects::choose::tests::resolve_random_in_chain_ignores_non_random
        PASS [   0.092s] (1669/5512) phase-engine game::effects::choose::tests::rechoosing_direction_replaces_prior
        PASS [   0.081s] (1670/5512) phase-engine game::effects::choose::tests::resolve_emits_effect_resolved_event
        PASS [   0.106s] (1671/5512) phase-engine game::effects::choose::tests::land_nonland_guess_carries_source_context_without_persisting
        PASS [   0.075s] (1672/5512) phase-engine game::effects::choose_and_sacrifice_rest::tests::category_choice_rejects_none_for_nonempty_category
        PASS [   0.089s] (1673/5512) phase-engine game::effects::choose_and_sacrifice_rest::tests::auto_resolve_when_trivial
        PASS [   0.098s] (1674/5512) phase-engine game::effects::choose::tests::resolve_random_singleton_card_type_persists_without_prompting
        PASS [   0.115s] (1675/5512) phase-engine game::effects::choose::tests::resolve_random_in_chain_binds_player_without_prompting
        PASS [   0.047s] (1676/5512) phase-engine game::effects::choose_and_sacrifice_rest::tests::multi_type_permanent_appears_in_multiple_categories
        PASS [   0.068s] (1677/5512) phase-engine game::effects::choose_and_sacrifice_rest::tests::gearhulk_filter_keeps_duplicate_slot_permanent_and_spares_lands
        PASS [   0.072s] (1678/5512) phase-engine game::effects::choose_and_sacrifice_rest::tests::empty_battlefield_skips_choice
        PASS [   0.100s] (1679/5512) phase-engine game::effects::choose_and_sacrifice_rest::tests::compute_eligible_filters_by_type_and_controller
        PASS [   0.106s] (1680/5512) phase-engine game::effects::choose_and_sacrifice_rest::tests::controller_for_all_sets_correct_chooser
        PASS [   0.046s] (1681/5512) phase-engine game::effects::choose_and_sacrifice_rest::tests::resolve_sets_category_choice_with_eligible
        PASS [   0.091s] (1682/5512) phase-engine game::effects::choose_and_sacrifice_rest::tests::keeper_counter_refuses_a_non_exact_count_mode
        PASS [   0.053s] (1683/5512) phase-engine game::effects::choose_and_sacrifice_rest::tests::sacrifice_unchosen_starts_a_fresh_tracked_set_over_an_active_ancestor_publish
        PASS [   0.103s] (1684/5512) phase-engine game::effects::choose_and_sacrifice_rest::tests::opponent_scope_sweeps_only_opponent_board
        PASS [   0.065s] (1685/5512) phase-engine game::effects::choose_card::tests::test_choose_card_empty_zone_does_nothing
        PASS [   0.077s] (1686/5512) phase-engine game::effects::choose_card::tests::test_choose_card_with_change_num
        PASS [   0.093s] (1687/5512) phase-engine game::effects::choose_counter_adjustment::tests::counter_adjustment_operation_set
        PASS [   0.112s] (1688/5512) phase-engine game::effects::choose_card::dandan_read_sweep_tests::offers_the_shared_pile_to_the_non_canonical_seat
        PASS [   0.107s] (1689/5512) phase-engine game::effects::choose_card::tests::test_choose_card_from_graveyard
        PASS [   0.099s] (1690/5512) phase-engine game::effects::choose_counter_adjustment::tests::no_counters_is_a_noop
        PASS [   0.111s] (1691/5512) phase-engine game::effects::choose_counter_adjustment::tests::adjusts_time_counter_on_suspended_card_in_exile
        PASS [   0.077s] (1692/5512) phase-engine game::effects::choose_counter_adjustment::tests::suspended_card_is_a_legal_target_through_filter
        PASS [   0.097s] (1693/5512) phase-engine game::effects::choose_counter_adjustment::tests::parsed_target_only_threads_parent_target_into_empty_sub
        PASS [   0.183s] (1694/5512) phase-engine game::effects::choose_and_sacrifice_rest::tests::non_active_player_shared_type_permanent_enumerates_applicable_choices
        PASS [   0.132s] (1695/5512) phase-engine game::effects::choose_counter_adjustment::tests::single_kind_selection_leaves_other_kind_untouched
        PASS [   0.050s] (1696/5512) phase-engine game::effects::choose_counter_kind::tests::zero_kinds_is_noop
        PASS [   0.058s] (1697/5512) phase-engine game::effects::choose_counter_kind::tests::typed_domain_unions_controlled_permanents_despite_downstream_target
        PASS [   0.068s] (1698/5512) phase-engine game::effects::choose_counter_kind::tests::two_kinds_prompt_named_choice
        PASS [   0.313s] (1699/5512) phase-engine game::effects::choose::tests::repeated_keyword_choice_replaces_prior_answer
        PASS [   0.075s] (1700/5512) phase-engine game::effects::choose_counter_kind::tests::single_kind_auto_selects_without_prompt
        PASS [   0.077s] (1701/5512) phase-engine game::effects::choose_counter_kind::tests::typed_domain_reads_distinct_kinds_from_declared_zone
        PASS [   0.144s] (1702/5512) phase-engine game::effects::choose_counter_kind::tests::caves_chapter_counterless_permanent_raises_no_impossible_optional
        PASS [   0.092s] (1703/5512) phase-engine game::effects::choose_from_zone::tests::a_second_carrier_cannot_begin_while_one_is_installed
        PASS [   0.090s] (1704/5512) phase-engine game::effects::choose_from_zone::tests::all_owners_scope_enumerates_exile_across_owners
        PASS [   0.066s] (1705/5512) phase-engine game::effects::choose_from_zone::tests::an_inadmissible_choice_with_empty_pools_is_refused_before_any_publish
        PASS [   0.079s] (1706/5512) phase-engine game::effects::choose_from_zone::tests::atraxa_style_empty_reveal_does_not_reuse_a_stale_tracked_set
        PASS [   0.062s] (1707/5512) phase-engine game::effects::choose_from_zone::tests::direct_zone_choice_filters_controller_hand
        PASS [   0.072s] (1708/5512) phase-engine game::effects::choose_from_zone::tests::count_clamped_to_available_cards
        PASS [   0.083s] (1709/5512) phase-engine game::effects::choose_from_zone::tests::atraxa_style_reveal_top_chain_offers_revealed_library_cards
        PASS [   0.043s] (1710/5512) phase-engine game::effects::choose_from_zone::tests::direct_zone_choice_uses_targeted_players_zones
        PASS [   0.074s] (1711/5512) phase-engine game::effects::choose_from_zone::tests::direct_zone_choice_requires_targeted_player
        PASS [   0.113s] (1712/5512) phase-engine game::effects::choose_from_zone::tests::atraxa_style_choice_puts_all_unchosen_cards_on_bottom
        PASS [   0.051s] (1713/5512) phase-engine game::effects::choose_from_zone::tests::distinct_card_type_constraint_accepts_valid_assignment
        PASS [   0.223s] (1714/5512) phase-engine game::effects::choose_counter_kind::tests::caves_chapter_two_counter_kinds_suspends_resumes_and_advances
        PASS [   0.066s] (1715/5512) phase-engine game::effects::choose_from_zone::tests::distinct_card_type_constraint_rejects_duplicate_assignment_only
        PASS [   0.069s] (1716/5512) phase-engine game::effects::choose_from_zone::tests::distinct_card_types_constraint_is_internally_tagged
        PASS [   0.072s] (1717/5512) phase-engine game::effects::choose_from_zone::tests::for_each_card_type_offers_battle_member
        PASS [   0.079s] (1718/5512) phase-engine game::effects::choose_from_zone::tests::empty_tracked_set_skips_choice
        PASS [   0.060s] (1719/5512) phase-engine game::effects::choose_from_zone::tests::for_each_color_exile_first_member_offers_only_that_color
        PASS [   0.069s] (1720/5512) phase-engine game::effects::choose_from_zone::tests::for_each_color_exile_all_decline_leaves_empty_tracked_set_for_continuation
        PASS [   0.293s] (1721/5512) phase-engine game::effects::choose_counter_kind::tests::caves_chapter_repeat_choose_and_put_round_trip
        PASS [   0.089s] (1722/5512) phase-engine game::effects::choose_from_zone::tests::for_each_color_exile_iterates_each_member_through_apply
        PASS [   0.085s] (1723/5512) phase-engine game::effects::choose_from_zone::tests::for_each_color_exile_member_decline_keeps_card
        PASS [   0.121s] (1724/5512) phase-engine game::effects::choose_from_zone::tests::for_each_card_type_offers_kindred_member_distinct_from_cotype
        PASS [   0.059s] (1725/5512) phase-engine game::effects::choose_from_zone::tests::opponent_chooser_keeps_the_apnap_walk
        PASS [   0.066s] (1726/5512) phase-engine game::effects::choose_from_zone::tests::opponent_chooser_keeps_its_deferred_path_when_the_opponent_leaves
        PASS [   0.304s] (1727/5512) phase-engine game::effects::choose_counter_kind::tests::contractual_safeguard_excludes_the_counter_kind_source_creature
        PASS [   0.074s] (1728/5512) phase-engine game::effects::choose_from_zone::tests::opponent_chooser_offer_excludes_a_phased_out_opponent_and_still_offers_the_rest
        PASS [   0.075s] (1729/5512) phase-engine game::effects::choose_from_zone::tests::per_player_choice_inside_a_mana_subresolution_is_refused
        PASS [   0.067s] (1730/5512) phase-engine game::effects::choose_from_zone::tests::per_player_choice_without_a_carrier_is_refused_and_parks_nothing
        PASS [   0.278s] (1731/5512) phase-engine game::effects::choose_from_zone::tests::amy_pond_removes_all_time_counters_when_damage_equals_counters
        PASS [   0.080s] (1732/5512) phase-engine game::effects::choose_from_zone::tests::per_player_first_decline_rebinds_fresh_empty_tracked_set
        PASS [   0.057s] (1733/5512) phase-engine game::effects::choose_from_zone::tests::per_player_no_eligible_player_rebinds_fresh_empty_tracked_set
        PASS [   0.270s] (1734/5512) phase-engine game::effects::choose_from_zone::tests::amy_pond_removes_combat_damage_time_counters_from_chosen_card_after_pause
        PASS [   0.130s] (1735/5512) phase-engine game::effects::choose_from_zone::tests::for_each_color_exile_runs_tracked_set_continuation_after_last_member
        PASS [   0.072s] (1736/5512) phase-engine game::effects::choose_from_zone::tests::resolve_random_in_chain_picks_without_prompting
        PASS [   0.091s] (1737/5512) phase-engine game::effects::choose_from_zone::tests::repeat_until_parks_below_complete_per_player_choice_child_stack
        PASS [   0.088s] (1738/5512) phase-engine game::effects::choose_from_zone::tests::resolve_random_in_chain_ignores_non_random
        PASS [   0.058s] (1739/5512) phase-engine game::effects::choose_from_zone::tests::resolve_with_targeted_opponent
        PASS [   0.073s] (1740/5512) phase-engine game::effects::choose_from_zone::tests::resolve_with_opponent_chooser
        PASS [   0.078s] (1741/5512) phase-engine game::effects::choose_from_zone::tests::resolve_with_controller_chooser
        PASS [   0.106s] (1742/5512) phase-engine game::effects::choose_from_zone::tests::repeat_for_parks_below_complete_per_player_choice_child_stack
        PASS [   0.057s] (1743/5512) phase-engine game::effects::choose_objects_into_tracked_set::tests::optional_exact_counter_selection_requires_every_object
        PASS [   0.121s] (1744/5512) phase-engine game::effects::choose_from_zone::tests::per_player_zone_choice_keeps_continuation_below_active_prompt
        PASS [   0.085s] (1745/5512) phase-engine game::effects::choose_objects_into_tracked_set::tests::infeasible_optional_exact_counter_selection_auto_declines
        PASS [   0.066s] (1746/5512) phase-engine game::effects::choose_one_of::tests::explicit_branch_descriptions_reach_waiting_for_prompt
        PASS [   0.079s] (1747/5512) phase-engine game::effects::choose_one_of::tests::chosen_player_chooser_prompts_chosen_opponent
        PASS [   0.134s] (1748/5512) phase-engine game::effects::choose_objects_into_tracked_set::tests::exact_counter_selection_allows_partial_removal_from_every_selected_creature
        PASS [   0.079s] (1749/5512) phase-engine game::effects::choose_one_of::tests::life_lost_player_attribute_chooser_prompts_only_matching_opponents
        PASS [   0.069s] (1750/5512) phase-engine game::effects::choose_one_of::tests::parent_object_target_owner_chooser_prompts_target_owner
        PASS [   0.066s] (1751/5512) phase-engine game::effects::choose_one_of::tests::token_branches_without_descriptions_get_create_labels
        PASS [   0.075s] (1752/5512) phase-engine game::effects::choose_one_of::tests::multi_chooser_runtime_tail_runs_once_after_final_choice
        PASS [   0.072s] (1753/5512) phase-engine game::effects::choose_one_of::tests::villainous_choice_doubled_when_opponent_controls_extra_instance_static
        PASS [   0.050s] (1754/5512) phase-engine game::effects::cleanup::tests::cleanup_succeeds_with_multiple_flags
        PASS [   0.067s] (1755/5512) phase-engine game::effects::choose_one_of::tests::villainous_choice_not_doubled_by_self_controlled_static
        PASS [   0.135s] (1756/5512) phase-engine game::effects::choose_one_of::tests::empty_chooser_set_fails_loudly
        PASS [   0.130s] (1757/5512) phase-engine game::effects::choose_one_of::tests::multi_chooser_branch_pause_drains_before_next_chooser
        PASS [   0.147s] (1758/5512) phase-engine game::effects::choose_objects_into_tracked_set::tests::required_choice_clamps_to_the_objects_that_exist
        PASS [   0.081s] (1759/5512) phase-engine game::effects::cleanup::tests::cleanup_emits_effect_resolved
        PASS [   0.087s] (1760/5512) phase-engine game::effects::cleanup::tests::cleanup_succeeds_with_no_flags_set
        PASS [   0.109s] (1761/5512) phase-engine game::effects::cloak::tests::cloak_top_card_enters_face_down_with_ward_two
        PASS [   0.065s] (1762/5512) phase-engine game::effects::collect_evidence::tests::collect_evidence_choice_rejects_duplicate_cards
        PASS [   0.072s] (1763/5512) phase-engine game::effects::collect_evidence::tests::collect_evidence_cost_amount_recurses_composite
        PASS [   0.083s] (1764/5512) phase-engine game::effects::collect_evidence::tests::begin_cost_payment_for_mana_ability_produces_prompt_with_cards
        PASS [   0.070s] (1765/5512) phase-engine game::effects::collect_evidence::tests::collect_evidence_cost_choice_requires_threshold
        PASS [   0.072s] (1766/5512) phase-engine game::effects::collect_evidence::tests::collect_evidence_effect_resumes_sub_ability
        PASS [   0.054s] (1767/5512) phase-engine game::effects::complete_player_action::tests::direct_result_round_trips_only_on_completion_node
        PASS [   0.111s] (1768/5512) phase-engine game::effects::collect_evidence::tests::collect_evidence_choice_exiles_cards_and_emits_action
        PASS [   0.051s] (1769/5512) phase-engine game::effects::complete_player_action::tests::publishes_action_only_for_exact_direct_result
        PASS [   0.121s] (1770/5512) phase-engine game::effects::conjure::tests::battlefield_conjure_records_zone_change_for_turn_history
        PASS [   0.091s] (1771/5512) phase-engine game::effects::conjure::tests::duplicate_conjure_copies_referenced_card_characteristics
        PASS [   0.126s] (1772/5512) phase-engine game::effects::conjure::tests::conjure_each_players_library_fans_out_to_every_player
        PASS [   0.103s] (1773/5512) phase-engine game::effects::conjure::tests::conjure_random_within_top_lands_among_top_n_and_varies
        PASS [   0.456s] (1774/5512) phase-engine game::effects::choose_from_zone::tests::portent_free_cast_gate_reads_exiled_this_way_count
        PASS [   0.259s] (1775/5512) phase-engine game::effects::cloak::tests::expose_mode2_empty_selection_is_inert
        PASS [   0.427s] (1776/5512) phase-engine game::effects::choose_objects_into_tracked_set::tests::choosing_zero_doctors_exiles_all_creatures
        PASS [   0.135s] (1777/5512) phase-engine game::effects::conjure::tests::conjure_to_top_of_library_reevaluates_top_of_library_static
        PASS [   0.055s] (1778/5512) phase-engine game::effects::connive::tests::connive_sets_waiting_for_when_multiple_cards_in_hand
        PASS [   0.075s] (1779/5512) phase-engine game::effects::connive::tests::connive_auto_discards_single_card_nonland_adds_counter
        PASS [   0.060s] (1780/5512) phase-engine game::effects::connive::tests::connive_skips_counter_if_conniver_left_battlefield
        PASS [   0.088s] (1781/5512) phase-engine game::effects::connive::tests::connive_auto_discards_land_no_counter
        PASS [   0.083s] (1782/5512) phase-engine game::effects::connive::tests::connive_empty_hand_after_draw_from_empty_library
        PASS [   0.095s] (1783/5512) phase-engine game::effects::connive::tests::connive_count_zero_no_ops
        PASS [   0.198s] (1784/5512) phase-engine game::effects::conjure::tests::duplicate_conjure_two_objects_keep_distinct_base_sets_and_fire_independently
        PASS [   0.390s] (1785/5512) phase-engine game::effects::cloak::tests::expose_mode2_cloaks_opponent_owned_member_under_cloaking_player
        PASS [   0.398s] (1786/5512) phase-engine game::effects::cloak::tests::expose_mode2_cloaks_pile_in_shuffled_order_without_library_shuffle
        PASS [   0.358s] (1787/5512) phase-engine game::effects::cloak::tests::expose_mode2_object_reset_drops_counters_and_auras
        PASS [   0.050s] (1788/5512) phase-engine game::effects::control_next_turn::tests::resolve_deduplicates_only_within_the_same_control_window
        PASS [   0.062s] (1789/5512) phase-engine game::effects::control_next_turn::tests::game_state_legacy_payload_defaults_active_control_timestamp_to_none
        PASS [   0.328s] (1790/5512) phase-engine game::effects::conjure::tests::conjure_multiple_into_top_n_keeps_every_copy_in_final_window
        PASS [   0.153s] (1791/5512) phase-engine game::effects::connive::tests::leader_connive_prevented_draw_still_connives
        PASS [   0.042s] (1792/5512) phase-engine game::effects::control_next_turn::tests::resolve_preserves_active_control_while_replacing_future_control
        PASS [   0.038s] (1793/5512) phase-engine game::effects::control_next_turn::tests::scheduled_control_legacy_payload_defaults_creation_timestamp_to_zero
        PASS [   0.220s] (1794/5512) phase-engine game::effects::connive::tests::leader_connive_parked_draw_defers_then_resumes
        PASS [   0.029s] (1795/5512) phase-engine game::effects::copy_exception::tests::dynamic_pt_copy_exception_prunes_corresponding_cda_axes
        PASS [   0.058s] (1796/5512) phase-engine game::effects::control_next_turn::tests::standard_control_next_turn_target_is_not_normalized
        PASS [   0.189s] (1797/5512) phase-engine game::effects::connive::tests::leader_connive_replacement_skips_opponent_creature
        PASS [   0.062s] (1798/5512) phase-engine game::effects::control_next_turn::tests::two_hg_control_next_turn_targets_team_anchor
        PASS [   0.256s] (1799/5512) phase-engine game::effects::connive::tests::leader_connive_n2_replacement_runs_plain_connive
        PASS [   0.078s] (1800/5512) phase-engine game::effects::copy_spell::tests::automatic_copy_retarget_captures_iteration_member_incarnation
        PASS [   0.049s] (1801/5512) phase-engine game::effects::copy_spell::tests::copy_count_with_replacements_adds_one_for_twinning_staff
        PASS [   0.043s] (1802/5512) phase-engine game::effects::copy_spell::tests::copy_count_with_replacements_does_not_apply_to_zero_copies
        PASS [   0.064s] (1803/5512) phase-engine game::effects::copy_spell::tests::copied_activated_ability_keeps_original_source_for_self_ref_resolution
        PASS [   0.066s] (1804/5512) phase-engine game::effects::copy_spell::tests::copied_self_transform_captures_the_copy_creation_time
        PASS [   0.080s] (1805/5512) phase-engine game::effects::copy_spell::tests::casualty_planeswalker_copy_enters_with_sacrifice_power_loyalty
        PASS [   0.055s] (1806/5512) phase-engine game::effects::copy_spell::tests::copy_count_with_replacements_excludes_ability_copies
        PASS [   0.262s] (1807/5512) phase-engine game::effects::connive::tests::leader_super_genius_card_parses_with_no_unimplemented
        PASS [   0.044s] (1808/5512) phase-engine game::effects::copy_spell::tests::copy_spell_copier_none_keeps_controller
        PASS [   0.303s] (1809/5512) phase-engine game::effects::connive::tests::leader_connive_replacement_parses_to_connive_event
        PASS [   0.261s] (1810/5512) phase-engine game::effects::connive::tests::two_connive_replacements_both_apply_once
        PASS [   0.062s] (1811/5512) phase-engine game::effects::copy_spell::tests::copy_spell_copier_serde_default_and_roundtrip
        PASS [   0.080s] (1812/5512) phase-engine game::effects::copy_spell::tests::copy_count_with_replacements_ignores_opponents_staff
        PASS [   0.062s] (1813/5512) phase-engine game::effects::copy_spell::tests::copy_spell_explicit_player_target_beats_copier
        PASS [   0.067s] (1814/5512) phase-engine game::effects::copy_spell::tests::copy_spell_copier_you_resolves_to_controller
        PASS [   0.085s] (1815/5512) phase-engine game::effects::copy_spell::tests::copy_count_with_replacements_ignores_staff_in_hand
        PASS [   0.079s] (1816/5512) phase-engine game::effects::copy_spell::tests::copy_spell_copier_opponent_routes_copy_to_opponent
        PASS [   0.346s] (1817/5512) phase-engine game::effects::connive::tests::leader_connive_replacement_draws_extra_then_connives
        PASS [   0.068s] (1818/5512) phase-engine game::effects::copy_spell::tests::copy_spell_hydrated_triggering_source_finds_activated_ability_by_permanent_id
        PASS [   0.059s] (1819/5512) phase-engine game::effects::copy_spell::tests::copy_spell_preserves_cost_decisions_but_not_cast_provenance
        PASS [   0.341s] (1820/5512) phase-engine game::effects::connive::tests::phase0_g1_pending_connive_reentry_rebinds_same_id_return
        PASS [   0.065s] (1821/5512) phase-engine game::effects::copy_spell::tests::copy_spell_tracked_set_copies_exiled_imprint_not_top_of_stack
        PASS [   0.063s] (1822/5512) phase-engine game::effects::copy_spell::tests::copy_spell_tracked_set_without_spell_ability_does_not_fallback_to_stack_top
        PASS [   0.060s] (1823/5512) phase-engine game::effects::copy_spell::tests::copy_spell_triggering_source_copies_activated_ability_on_stack
        PASS [   0.081s] (1824/5512) phase-engine game::effects::copy_spell::tests::copy_spell_triggering_spell_finds_cast_spell_past_intermediate_trigger
        PASS [   0.094s] (1825/5512) phase-engine game::effects::copy_spell::tests::copy_spell_with_object_target_is_controlled_by_effect_controller
        PASS [   0.094s] (1826/5512) phase-engine game::effects::copy_spell::tests::copy_spell_with_player_target_is_controlled_by_targeted_player
        PASS [   0.051s] (1827/5512) phase-engine game::effects::copy_spell::tests::pinned_trigger_at_current_incarnation_copies_the_live_entry
        PASS [   0.054s] (1828/5512) phase-engine game::effects::copy_spell::tests::pinned_trigger_copies_its_record_not_a_later_object_on_the_stack
        PASS [   0.105s] (1829/5512) phase-engine game::effects::copy_spell::tests::copy_targeted_triggered_ability_on_stack_through_stack_resolution
        PASS [   0.051s] (1830/5512) phase-engine game::effects::copy_spell::tests::self_ref_copy_trigger_copies_its_own_spell_not_the_current_trigger_event_spell
        PASS [   0.086s] (1831/5512) phase-engine game::effects::copy_spell::tests::departed_spell_without_record_copies_no_stack_object
        PASS [   0.092s] (1832/5512) phase-engine game::effects::copy_spell::tests::demonstrate_decline_skips_opponent_subcopy
        PASS [   0.088s] (1833/5512) phase-engine game::effects::copy_spell::tests::magecraft_trigger_fires_when_a_sorcery_is_copied
        PASS [   0.067s] (1834/5512) phase-engine game::effects::copy_spell::tests::spell_cast_event_with_spell_still_on_stack_copies_the_live_entry
        PASS [   0.157s] (1835/5512) phase-engine game::effects::copy_spell::tests::copy_spell_triggering_spell_uses_stack_entry_trigger_event
        PASS [   0.061s] (1836/5512) phase-engine game::effects::copy_spell::tests::test_copy_spell_with_targets_enters_retarget
        PASS [   0.075s] (1837/5512) phase-engine game::effects::copy_spell::tests::spell_cast_only_trigger_does_not_fire_when_a_spell_is_copied
        PASS [   0.065s] (1838/5512) phase-engine game::effects::copy_spell::tests::test_copy_spell_duplicates_stack_entry
        PASS [   0.065s] (1839/5512) phase-engine game::effects::copy_spell::tests::test_copy_spell_empty_stack_returns_error
        PASS [   0.070s] (1840/5512) phase-engine game::effects::copy_spell::tests::test_copy_spell_keep_targets_skips_retarget_despite_targets
        PASS [   0.082s] (1841/5512) phase-engine game::effects::copy_spell::tests::spell_copy_resets_cast_payment_stamps
        PASS [   0.090s] (1842/5512) phase-engine game::effects::copy_spell::tests::spell_copy_applies_granted_haste_and_trigger_to_base_and_live_stores
        PASS [   0.084s] (1843/5512) phase-engine game::effects::copy_spell::tests::test_copy_spell_selfref_finds_spell_past_intermediate_trigger
        PASS [   0.192s] (1844/5512) phase-engine game::effects::copy_spell::tests::copy_the_exiled_card_after_targeted_graveyard_exile_copies_that_card
        PASS [   0.068s] (1845/5512) phase-engine game::effects::copy_spell::tests::twinning_staff_added_copy_can_retarget_when_base_copy_cannot
        PASS [   0.051s] (1846/5512) phase-engine game::effects::copy_token_blocking::tests::copies_and_blocks_each_attacker
        PASS [   0.068s] (1847/5512) phase-engine game::effects::copy_spell::tests::twinning_staff_targeted_copy_does_not_runaway
        PASS [   0.109s] (1848/5512) phase-engine game::effects::copy_spell::tests::test_copy_spell_without_targets_skips_retarget
        PASS [   0.067s] (1849/5512) phase-engine game::effects::copy_spell::tests::unpinned_trigger_copies_latest_record
        PASS [   0.070s] (1850/5512) phase-engine game::effects::copy_spell::tests::uncopyable_activated_ability_on_stack_is_not_copied_through_stack_resolution
        PASS [   0.554s] (1851/5512) phase-engine game::effects::connive::tests::three_connive_replacements_all_apply_once
        PASS [   0.085s] (1852/5512) phase-engine game::effects::counter::tests::counter_ability_destroy_rider_destroys_source_permanent
        PASS [   0.091s] (1853/5512) phase-engine game::effects::counter::tests::counter_ability_applies_source_static_to_counter_source
        PASS [   0.097s] (1854/5512) phase-engine game::effects::counter::tests::cant_be_countered_spell_stays_on_stack
        PASS [   0.082s] (1855/5512) phase-engine game::effects::counter::tests::counter_ability_source_static_duration_comes_from_rider_field
        PASS [   0.061s] (1856/5512) phase-engine game::effects::counter::tests::counter_resolver_unconditionally_counters_when_unless_pay_consumed_upstream
        PASS [   0.074s] (1857/5512) phase-engine game::effects::counter::tests::counter_removes_from_stack_and_moves_to_graveyard
        PASS [   0.087s] (1858/5512) phase-engine game::effects::counter::tests::counter_exile_rider_exiles_countered_spell_without_graveyard
        PASS [   0.066s] (1859/5512) phase-engine game::effects::counter::tests::counter_spell_destroy_rider_destroys_nothing
        PASS [   0.075s] (1860/5512) phase-engine game::effects::counter::tests::counter_spell_does_not_apply_source_static
        PASS [   0.070s] (1861/5512) phase-engine game::effects::counter::tests::graveyard_permission_exile_rider_exiles_countered_spell
        PASS [   0.073s] (1862/5512) phase-engine game::effects::counter::tests::flashback_spell_exiles_when_countered
        PASS [   0.060s] (1863/5512) phase-engine game::effects::counter::tests::jumpstart_spell_exiles_when_countered
        PASS [   0.071s] (1864/5512) phase-engine game::effects::counter::tests::test_counter_all_artifact_spells_uses_composed_stack_spell_filter
        PASS [   0.115s] (1865/5512) phase-engine game::effects::counter::tests::countered_spell_honors_rest_in_peace_graveyard_to_exile_redirect
        PASS [   0.073s] (1866/5512) phase-engine game::effects::counters::tests::a_vanished_token_never_reaches_the_anaphora_slot_through_the_copy_batch_buffer
        PASS [   0.089s] (1867/5512) phase-engine game::effects::counter::tests::test_counter_all_opponent_abilities_preserves_your_abilities
        PASS [   0.081s] (1868/5512) phase-engine game::effects::counters::tests::a_vanished_counter_paused_token_reports_neither_creation_event_nor_ledger_row
        PASS [   0.106s] (1869/5512) phase-engine game::effects::counter::tests::test_counter_all_abilities_removes_ability_entries
        PASS [   0.097s] (1870/5512) phase-engine game::effects::counters::tests::a_vanished_copy_token_is_not_published_to_the_last_created_anaphora_slot
        PASS [   0.072s] (1871/5512) phase-engine game::effects::counters::tests::actor_scoped_doubler_applies_when_actor_differs_from_recipient
        PASS [   0.110s] (1872/5512) phase-engine game::effects::counter::tests::test_counter_all_opponent_spells_filters_own_spells
        PASS [   0.042s] (1873/5512) phase-engine game::effects::counters::tests::add_counter_increments
        PASS [   0.074s] (1874/5512) phase-engine game::effects::counters::tests::actor_scoped_you_doubler_ignores_opponent_actor
        PASS [   0.072s] (1875/5512) phase-engine game::effects::counters::tests::add_counter_emits_counter_added_event
        PASS [   0.085s] (1876/5512) phase-engine game::effects::counters::tests::add_all_counter_replacement_choice_stashes_remaining_objects_and_completion
        PASS [   0.111s] (1877/5512) phase-engine game::effects::counters::tests::accepted_counter_edit_retires_only_exact_started_duration_subject
        PASS [   0.057s] (1878/5512) phase-engine game::effects::counters::tests::add_generic_counter
        PASS [   0.055s] (1879/5512) phase-engine game::effects::counters::tests::any_counter_duration_retires_only_after_total_reaches_zero
        PASS [   0.054s] (1880/5512) phase-engine game::effects::counters::tests::apply_counter_removal_prunes_zero_entry
        PASS [   0.061s] (1881/5512) phase-engine game::effects::counters::tests::affected_object_exit_prunes_counter_bound_effect_before_later_counter
        PASS [   0.073s] (1882/5512) phase-engine game::effects::counters::tests::add_loyalty_counter_syncs_loyalty_field
        PASS [   0.071s] (1883/5512) phase-engine game::effects::counters::tests::add_remove_defense_counter_syncs_defense_field
        PASS [   0.096s] (1884/5512) phase-engine game::effects::counters::tests::add_counter_replacement_choice_stashes_remaining_targets_and_completion
        PASS [   0.073s] (1885/5512) phase-engine game::effects::counters::tests::cost_paid_object_counter_applies_to_referent_that_never_departed
        PASS [   0.058s] (1886/5512) phase-engine game::effects::counters::tests::counter_duration_expiry_respects_bounds_and_rejected_commands
        PASS [   0.079s] (1887/5512) phase-engine game::effects::counters::tests::atomic_move_counter_add_stage_doubler_removes_one_and_adds_two
        PASS [   0.085s] (1888/5512) phase-engine game::effects::counters::tests::atomic_move_counter_add_stage_prevention_cancels_whole_move
        PASS [   0.074s] (1889/5512) phase-engine game::effects::counters::tests::cost_paid_object_counter_skips_new_incarnation_after_same_id_round_trip
        PASS [   0.058s] (1890/5512) phase-engine game::effects::counters::tests::hangarback_assembler_counter_after_conjure_lands_on_walker_not_source
        PASS [   0.071s] (1891/5512) phase-engine game::effects::counters::tests::distribution_allows_same_destination_for_different_counter_types
        PASS [   0.067s] (1892/5512) phase-engine game::effects::counters::tests::gruff_triplets_dies_trigger_uses_lki_power_for_counter_count
        PASS [   0.069s] (1893/5512) phase-engine game::effects::counters::tests::intrinsic_etb_loyalty_counters_apply_doubling_replacement
        PASS [   0.047s] (1894/5512) phase-engine game::effects::counters::tests::loyalty_field_survives_layer_re_evaluation
        PASS [   0.109s] (1895/5512) phase-engine game::effects::counters::tests::counter_moves_queue_reparks_and_roundtrips_current_wire_at_replacement_choice
        PASS [   0.098s] (1896/5512) phase-engine game::effects::counters::tests::counter_removals_queue_reparks_and_roundtrips_current_wire_at_replacement_choice
        PASS [   0.131s] (1897/5512) phase-engine game::effects::counters::tests::counter_additions_queue_reparks_and_roundtrips_current_wire_at_replacement_choice
        PASS [   0.072s] (1898/5512) phase-engine game::effects::counters::tests::loyalty_drained_to_zero_stays_zero_after_layer_re_evaluation
        PASS [   0.070s] (1899/5512) phase-engine game::effects::counters::tests::meliras_keepers_does_not_affect_other_creatures
        PASS [   0.053s] (1900/5512) phase-engine game::effects::counters::tests::meliras_keepers_prevents_arbitrary_counter_types
        PASS [   0.055s] (1901/5512) phase-engine game::effects::counters::tests::meliras_keepers_prevents_plus1_plus1_counter_placement
        PASS [   0.053s] (1902/5512) phase-engine game::effects::counters::tests::meliras_keepers_replacement_filtered_when_source_off_battlefield
        PASS [   0.104s] (1903/5512) phase-engine game::effects::counters::tests::legacy_counter_removal_replacement_pause_recovers_in_flight_removal
        PASS [   0.070s] (1904/5512) phase-engine game::effects::counters::tests::meliras_keepers_prevents_minus1_minus1_counter_placement
        PASS [   0.057s] (1905/5512) phase-engine game::effects::counters::tests::move_counter_succeeds_without_prohibition
        PASS [   0.132s] (1906/5512) phase-engine game::effects::counters::tests::legacy_counter_removal_replacement_pause_seeds_settled_prefix
        PASS [   0.073s] (1907/5512) phase-engine game::effects::counters::tests::move_counter_blocked_by_counters_cant_be_removed
        PASS [   0.077s] (1908/5512) phase-engine game::effects::counters::tests::move_counter_after_target_selection_removes_from_source_and_adds_to_destination
        PASS [   0.063s] (1909/5512) phase-engine game::effects::counters::tests::move_counters_uses_lki_when_source_changed_zones
        PASS [   0.075s] (1910/5512) phase-engine game::effects::counters::tests::move_counter_uses_selected_source_target_before_destination_target
        PASS [   0.049s] (1911/5512) phase-engine game::effects::counters::tests::multiply_counter_with_no_explicit_targets_expands_filter
        PASS [   0.087s] (1912/5512) phase-engine game::effects::counters::tests::multiply_counter_optional_targeting_zero_target_affects_nothing
        PASS [   0.094s] (1913/5512) phase-engine game::effects::counters::tests::move_one_counter_removes_one_from_source_and_adds_one_to_target
        PASS [   0.073s] (1914/5512) phase-engine game::effects::counters::tests::multiply_counter_replacement_choice_stashes_remaining_targets_and_completion
        PASS [   0.082s] (1915/5512) phase-engine game::effects::counters::tests::multiply_counter_records_added_counter_history
        PASS [   0.070s] (1916/5512) phase-engine game::effects::counters::tests::multiply_counter_unenumerable_population_affects_nothing
        PASS [   0.047s] (1917/5512) phase-engine game::effects::counters::tests::parking_a_completion_after_a_paused_post_action::a_completion_owed_behind_a_live_prompt_becomes_its_parent
        PASS [   0.085s] (1918/5512) phase-engine game::effects::counters::tests::multiply_counter_stack_timed_with_emptied_targets_affects_nothing
        PASS [   0.072s] (1919/5512) phase-engine game::effects::counters::tests::nested_post_action_pause_preserves_parent_completion
        PASS [   0.078s] (1920/5512) phase-engine game::effects::counters::tests::optional_stack_target_move_infeasibility_requires_no_committable_pair
        PASS [   0.077s] (1921/5512) phase-engine game::effects::counters::tests::parameterized_power_toughness_counter_add_and_remove_marks_layers_dirty
        PASS [   0.255s] (1922/5512) phase-engine game::effects::counters::tests::drizzt_difference_counters_from_dying_creature_lki_power
        PASS [   0.053s] (1923/5512) phase-engine game::effects::counters::tests::parse_counter_type_oracle_text_forms
        PASS [   0.058s] (1924/5512) phase-engine game::effects::counters::tests::preview_counter_addition_reports_prevented_replacement
        PASS [   0.048s] (1925/5512) phase-engine game::effects::counters::tests::preview_counter_addition_reports_replacement_choice_required
        PASS [   0.077s] (1926/5512) phase-engine game::effects::counters::tests::preview_counter_addition_rejects_stale_object_incarnation
        PASS [   0.084s] (1927/5512) phase-engine game::effects::counters::tests::parking_a_completion_after_a_paused_post_action::a_completion_owing_nothing_behind_a_live_prompt_is_dropped
        PASS [   0.089s] (1928/5512) phase-engine game::effects::counters::tests::parking_a_completion_after_a_paused_post_action::a_pause_without_a_live_prompt_still_pushes_its_placeholder_frame
        PASS [   0.096s] (1929/5512) phase-engine game::effects::counters::tests::preview_counter_addition_reports_applied_without_mutating_live_state
        PASS [   0.067s] (1930/5512) phase-engine game::effects::counters::tests::put_counter_resolution_attachment_host_applies_to_equipped_creature
        PASS [   0.076s] (1931/5512) phase-engine game::effects::counters::tests::put_counter_all_per_recipient_toughness
        PASS [   0.078s] (1932/5512) phase-engine game::effects::counters::tests::put_counter_self_ref_applies_to_source
        PASS [   0.097s] (1933/5512) phase-engine game::effects::counters::tests::preview_counter_addition_reports_transformed_replacement_without_mutation
        PASS [   0.078s] (1934/5512) phase-engine game::effects::counters::tests::remove_counter_decrements_clamped
        PASS [   0.084s] (1935/5512) phase-engine game::effects::counters::tests::remove_counter_with_replacement_succeeds_without_prohibition
        PASS [   0.069s] (1936/5512) phase-engine game::effects::counters::tests::remove_untracked_loyalty_does_not_leave_phantom_zero
        PASS [   0.074s] (1937/5512) phase-engine game::effects::counters::tests::remove_loyalty_counter_syncs_loyalty_field_with_clamp
        PASS [   0.071s] (1938/5512) phase-engine game::effects::counters::tests::resolve_add_all_each_other_moogle_you_control_issue_588
        PASS [   0.095s] (1939/5512) phase-engine game::effects::counters::tests::remove_counter_with_replacement_blocked_by_counters_cant_be_removed
        PASS [   0.065s] (1940/5512) phase-engine game::effects::counters::tests::resolve_counter_match_for_removal_breaks_ties_by_counter_type_ord
        PASS [   0.075s] (1941/5512) phase-engine game::effects::counters::tests::selfref_doubler_fires_regardless_of_counter_actor
        PASS [   0.067s] (1942/5512) phase-engine game::effects::counters::tests::stack_target_any_number_prompts_for_selected_destination_amount
        PASS [   0.080s] (1943/5512) phase-engine game::effects::counters::tests::resolve_defined_or_targets_parent_target_slot_indexes_chain_root
        PASS [   0.070s] (1944/5512) phase-engine game::effects::counters::tests::stale_duration_subject_does_not_bind_to_new_incarnation
        PASS [   0.062s] (1945/5512) phase-engine game::effects::counters::tests::tezzeret_class_loyalty_trigger_synced_each_increment
        PASS [   0.070s] (1946/5512) phase-engine game::effects::counters::tests::zero_counter_delivery_is_an_ordinary_noop_without_a_command
        PASS [   0.068s] (1947/5512) phase-engine game::effects::create_damage_replacement::tests::chosen_source_prompts_then_captures_durably_and_scopes_to_chosen_source
        PASS [   0.087s] (1948/5512) phase-engine game::effects::create_damage_replacement::tests::amount_capped_redirection_illegal_recipient_keeps_original_damage
        PASS [   0.092s] (1949/5512) phase-engine game::effects::create_damage_replacement::tests::battlefield_sourced_redirect_survives_a_layer_pass
        PASS [   0.210s] (1950/5512) phase-engine game::effects::counters::tests::railway_brawler_counters_entering_creature_by_its_own_power
        PASS [   0.076s] (1951/5512) phase-engine game::effects::create_damage_replacement::tests::continuous_static_doubles_every_event_and_is_never_consumed
        PASS [   0.075s] (1952/5512) phase-engine game::effects::create_damage_replacement::tests::damage_source_controller_uses_prospective_source_not_replacement_host
        PASS [   0.116s] (1953/5512) phase-engine game::effects::create_damage_replacement::tests::chosen_source_round_trip_through_apply
        PASS [   0.071s] (1954/5512) phase-engine game::effects::create_damage_replacement::tests::heroic_sacrifice_continuous_redirect_moves_every_event_to_the_chosen_creature
        PASS [   0.138s] (1955/5512) phase-engine game::effects::create_damage_replacement::tests::amount_oneshot_doubles_once_then_is_consumed
        PASS [   0.109s] (1956/5512) phase-engine game::effects::create_damage_replacement::tests::chosen_source_with_you_control_filter_threads_recheck
        PASS [   0.111s] (1957/5512) phase-engine game::effects::create_damage_replacement::tests::continuous_redirect_without_a_bound_recipient_does_nothing
        PASS [   0.075s] (1958/5512) phase-engine game::effects::create_damage_replacement::tests::jade_monolith_recipient_scope_fires_only_on_chosen_creature
        PASS [   0.123s] (1959/5512) phase-engine game::effects::create_damage_replacement::tests::chosen_source_shield_ignores_other_sources
        PASS [   0.069s] (1960/5512) phase-engine game::effects::create_damage_replacement::tests::object_original_recipient_stays_hosted_on_the_chosen_object
        PASS [   0.073s] (1961/5512) phase-engine game::effects::create_damage_replacement::tests::redirect_one_shot_stays_consumed_across_a_layer_pass
        PASS [   0.081s] (1962/5512) phase-engine game::effects::create_damage_replacement::tests::redirect_oneshot_illegal_object_recipient_falls_through
        PASS [   0.076s] (1963/5512) phase-engine game::effects::create_damage_replacement::tests::redirect_oneshot_redirects_recipient_then_is_consumed
        PASS [   0.070s] (1964/5512) phase-engine game::effects::create_damage_replacement::tests::redirect_oneshot_self_recipient_redirects_incoming_damage_to_chosen
        PASS [   0.112s] (1965/5512) phase-engine game::effects::create_damage_replacement::tests::player_original_recipient_redirects_only_that_players_damage
        PASS [   0.090s] (1966/5512) phase-engine game::effects::create_damage_replacement::tests::redirect_oneshot_zero_damage_does_not_consume
        PASS [   0.428s] (1967/5512) phase-engine game::effects::counters::tests::multiply_counter_zero_announced_targets_affects_nothing_through_apply
        PASS [   0.102s] (1968/5512) phase-engine game::effects::create_damage_replacement::tests::redirect_to_target_creature_lands_on_chosen_creature
        PASS [   0.094s] (1969/5512) phase-engine game::effects::create_draw_replacement::tests::expires_at_end_of_turn_if_unused
        PASS [   0.112s] (1970/5512) phase-engine game::effects::create_damage_replacement::tests::redirect_to_chosen_player_latches_specific_player_and_splits_budget
        PASS [   0.068s] (1971/5512) phase-engine game::effects::create_draw_replacement::tests::survives_source_leaving_before_draw
        PASS [   0.102s] (1972/5512) phase-engine game::effects::create_draw_replacement::tests::stays_scoped_to_activating_player_after_control_change
        PASS [   0.057s] (1973/5512) phase-engine game::effects::create_emblem::tests::bounce_targeting_emblem_is_noop
        PASS [   0.116s] (1974/5512) phase-engine game::effects::create_draw_replacement::tests::does_not_affect_opponent_draw
        PASS [   0.067s] (1975/5512) phase-engine game::effects::create_emblem::tests::create_emblem_captures_source_provenance
        PASS [   0.142s] (1976/5512) phase-engine game::effects::create_draw_replacement::tests::one_shot_consumed_second_draw_is_normal
        PASS [   0.103s] (1977/5512) phase-engine game::effects::create_draw_replacement::tests::worship_next_draw_gains_life_no_card_drawn
        PASS [   0.060s] (1978/5512) phase-engine game::effects::create_emblem::tests::create_emblem_installs_triggered_abilities_on_command_zone_emblem
        PASS [   0.092s] (1979/5512) phase-engine game::effects::create_emblem::tests::change_zone_exile_targeting_emblem_is_noop
        PASS [   0.070s] (1980/5512) phase-engine game::effects::create_emblem::tests::create_emblem_latches_characteristic_set
        PASS [   0.063s] (1981/5512) phase-engine game::effects::create_emblem::tests::create_emblem_latches_creator_incarnation
        PASS [   0.062s] (1982/5512) phase-engine game::effects::create_emblem::tests::create_emblem_stamps_command_zone_on_graveyard_permission_statics
        PASS [   0.070s] (1983/5512) phase-engine game::effects::create_emblem::tests::create_emblem_marks_layers_dirty
        PASS [   0.090s] (1984/5512) phase-engine game::effects::create_emblem::tests::create_emblem_creates_object_in_command_zone
        PASS [   0.035s] (1985/5512) phase-engine game::effects::create_emblem::tests::sacrifice_targeting_emblem_is_noop
        PASS [   0.084s] (1986/5512) phase-engine game::effects::create_emblem::tests::destroy_targeting_emblem_is_noop
        PASS [   0.036s] (1987/5512) phase-engine game::effects::deal_damage::tests::damage_all_controller_matches_recipient_reads_ability_controller
        PASS [   0.064s] (1988/5512) phase-engine game::effects::create_emblem::tests::emblem_creator_field_defaults_when_absent
        PASS [   0.032s] (1989/5512) phase-engine game::effects::deal_damage::tests::damage_all_each_creature_and_each_player_hits_controller_too
        PASS [   0.113s] (1990/5512) phase-engine game::effects::create_emblem::tests::create_tamiyo_emblem_grants_hand_free_cast_permission
        PASS [   0.069s] (1991/5512) phase-engine game::effects::dandan_read_sweep_tests::candidate_graveyard_size_reads_the_storage_authority
        PASS [   0.085s] (1992/5512) phase-engine game::effects::create_planeswalk_replacement::tests::installs_continuous_anyplayer_planeswalk_shield
        PASS [   0.080s] (1993/5512) phase-engine game::effects::deal_damage::tests::cant_be_dealt_damage_suppresses_target_damage
        PASS [   0.057s] (1994/5512) phase-engine game::effects::deal_damage::tests::damage_all_mixed_players_and_objects_single_source
        PASS [   0.077s] (1995/5512) phase-engine game::effects::deal_damage::tests::damage_all_creatures
        PASS [   0.051s] (1996/5512) phase-engine game::effects::deal_damage::tests::damage_all_recipient_relative_amounts_preserved_in_replacement_continuation
        PASS [   0.096s] (1997/5512) phase-engine game::effects::deal_damage::tests::cant_deal_damage_suppresses_source_damage
        PASS [   0.059s] (1998/5512) phase-engine game::effects::deal_damage::tests::damage_all_player_population_uses_each_candidates_starting_life
        PASS [   0.102s] (1999/5512) phase-engine game::effects::deal_damage::tests::cant_deal_damage_and_cant_be_dealt_damage_compose
        PASS [   0.054s] (2000/5512) phase-engine game::effects::deal_damage::tests::damage_all_resolves_recipient_relative_amount_per_creature
        PASS [   0.044s] (2001/5512) phase-engine game::effects::deal_damage::tests::damage_each_other_opponent_excludes_triggering_player_in_3p
        PASS [   0.075s] (2002/5512) phase-engine game::effects::deal_damage::tests::damage_all_with_player_filter_opponent_hits_both_sets_in_3p
        PASS [   0.086s] (2003/5512) phase-engine game::effects::deal_damage::tests::damage_all_replacement_accepted_emits_parent_effect_resolved
        PASS [   0.081s] (2004/5512) phase-engine game::effects::deal_damage::tests::damage_all_with_replacement_on_first_target
        PASS [   0.065s] (2005/5512) phase-engine game::effects::deal_damage::tests::damage_each_other_opponent_falls_back_to_opponent_when_no_trigger_event
        PASS [   0.059s] (2006/5512) phase-engine game::effects::deal_damage::tests::damage_each_player_uses_each_candidates_starting_life
        PASS [   0.063s] (2007/5512) phase-engine game::effects::deal_damage::tests::damage_each_player_with_replacement
        PASS [   0.076s] (2008/5512) phase-engine game::effects::deal_damage::tests::damage_each_player_replacement_pause_threads_targets_and_cast_tail
        PASS [   0.081s] (2009/5512) phase-engine game::effects::deal_damage::tests::damage_each_player_replacement_pause_does_not_leak_targets_to_resolution_sub
        PASS [   0.068s] (2010/5512) phase-engine game::effects::deal_damage::tests::damage_record_keeps_the_context_source_incarnation
        PASS [   0.047s] (2011/5512) phase-engine game::effects::deal_damage::tests::damage_to_battle_removes_defense_counters
        PASS [   0.058s] (2012/5512) phase-engine game::effects::deal_damage::tests::damage_record_snapshots_player_target_as_its_own_controller
        PASS [   0.114s] (2013/5512) phase-engine game::effects::deal_damage::tests::damage_each_player_replacement_accepted_emits_parent_effect_resolved
        PASS [   0.070s] (2014/5512) phase-engine game::effects::deal_damage::tests::damage_record_snapshots_object_target_controller
        PASS [   0.062s] (2015/5512) phase-engine game::effects::deal_damage::tests::damage_to_player_prevention_exiles_from_that_players_library
        PASS [   0.260s] (2016/5512) phase-engine game::effects::deal_damage::tests::band_together_two_sources_deal_combined_power_to_recipient
        PASS [   0.051s] (2017/5512) phase-engine game::effects::deal_damage::tests::deal_damage_to_player_with_protection_from_everything_prevented
        PASS [   0.102s] (2018/5512) phase-engine game::effects::deal_damage::tests::damage_to_creature_planeswalker_applies_both_results_and_uses_greatest_excess
        PASS [   0.080s] (2019/5512) phase-engine game::effects::deal_damage::tests::deal_damage_emits_events
        PASS [   0.063s] (2020/5512) phase-engine game::effects::deal_damage::tests::deal_damage_to_creature
        PASS [   0.084s] (2021/5512) phase-engine game::effects::deal_damage::tests::deal_damage_multi_target_with_replacement_on_first_target
        PASS [   0.104s] (2022/5512) phase-engine game::effects::deal_damage::tests::damage_to_planeswalker_removes_loyalty
        PASS [   0.072s] (2023/5512) phase-engine game::effects::deal_damage::tests::deal_damage_to_player
        PASS [   0.097s] (2024/5512) phase-engine game::effects::deal_damage::tests::deal_damage_excess_channel_sums_excess_not_total_and_gates_followup
        PASS [   0.091s] (2025/5512) phase-engine game::effects::deal_damage::tests::deathtouch_spell_damage_tracked
        PASS [   0.083s] (2026/5512) phase-engine game::effects::deal_damage::tests::each_source_deals_damage_phase_b_replacement_pause_resumes_remaining_sources
        PASS [   0.048s] (2027/5512) phase-engine game::effects::deal_damage::tests::excess_damage_to_creature
        PASS [   0.067s] (2028/5512) phase-engine game::effects::deal_damage::tests::each_source_deals_fixed_to_shared_recipient_accumulates_marks
        PASS [   0.062s] (2029/5512) phase-engine game::effects::deal_damage::tests::excess_damage_to_battle
        PASS [   0.075s] (2030/5512) phase-engine game::effects::deal_damage::tests::each_source_shared_triggering_source_hydrates_recipient
        PASS [   0.064s] (2031/5512) phase-engine game::effects::deal_damage::tests::excess_damage_to_player_is_zero
        PASS [   0.079s] (2032/5512) phase-engine game::effects::deal_damage::tests::each_target_phase_c_lifelink_pause_stashes_post_replacement_survivors
        PASS [   0.089s] (2033/5512) phase-engine game::effects::deal_damage::tests::each_source_each_controller_damages_each_owning_player
        PASS [   0.074s] (2034/5512) phase-engine game::effects::deal_damage::tests::excess_damage_to_planeswalker
        PASS [   0.050s] (2035/5512) phase-engine game::effects::deal_damage::tests::excess_damage_with_deathtouch
        PASS [   0.109s] (2036/5512) phase-engine game::effects::deal_damage::tests::each_source_deals_damage_phase_c_lifelink_pause_resumes_post_replacement_survivors
        PASS [   0.047s] (2037/5512) phase-engine game::effects::deal_damage::tests::excess_damage_with_preexisting_damage
        PASS [   0.052s] (2038/5512) phase-engine game::effects::deal_damage::tests::parent_target_controller_damage_hits_chosen_permanents_controller
        PASS [   0.065s] (2039/5512) phase-engine game::effects::deal_damage::tests::one_sided_fight_anaphoric_amount_reads_boosted_creature
        PASS [   0.073s] (2040/5512) phase-engine game::effects::deal_damage::tests::lethal_damage_to_planeswalker_sets_loyalty_zero
        PASS [   0.091s] (2041/5512) phase-engine game::effects::deal_damage::tests::lethal_damage_to_battle_clamps_defense_to_zero
        PASS [   0.065s] (2042/5512) phase-engine game::effects::deal_damage::tests::parent_target_controller_damage_no_ops_when_no_target_chosen
        PASS [   0.081s] (2043/5512) phase-engine game::effects::deal_damage::tests::one_sided_fight_amount_reads_boosted_creature_recipient_takes_damage
        PASS [   0.091s] (2044/5512) phase-engine game::effects::deal_damage::tests::lifelink_spell_damage_to_creature
        PASS [   0.553s] (2045/5512) phase-engine game::effects::create_draw_replacement::tests::wilding_creates_bear_instead
        PASS [   0.094s] (2046/5512) phase-engine game::effects::deal_damage::tests::lifelink_spell_damage_to_player
        PASS [   0.139s] (2047/5512) phase-engine game::effects::deal_damage::tests::hexproof_if_hasnt_dealt_damage_drops_at_targeting_after_damage_restored_on_flicker
        PASS [   0.057s] (2048/5512) phase-engine game::effects::deal_damage::tests::phyrexian_hydra_zero_damage_adds_zero_counters
        PASS [   0.062s] (2049/5512) phase-engine game::effects::deal_damage::tests::protean_hydra_prevention_removes_that_many_plus_counters
        PASS [   0.070s] (2050/5512) phase-engine game::effects::deal_damage::tests::phyrexian_hydra_prevention_puts_minus_counters_for_prevented_amount
        PASS [   0.062s] (2051/5512) phase-engine game::effects::deal_damage::tests::resolve_all_opponent_and_battle_they_protect_skips_creatures
        PASS [   0.067s] (2052/5512) phase-engine game::effects::deal_damage::tests::resolve_all_planeswalker_loyalty
        PASS [   0.188s] (2053/5512) phase-engine game::effects::deal_damage::tests::iron_fist_granted_ability_deals_damage_equal_to_power
        PASS [   0.081s] (2054/5512) phase-engine game::effects::deal_damage::tests::shield_counter_prevents_noncombat_damage_and_is_consumed
        PASS [   0.094s] (2055/5512) phase-engine game::effects::deal_damage::tests::resolve_all_deathtouch_tracked
        PASS [   0.076s] (2056/5512) phase-engine game::effects::deal_damage::tests::source_keyword_gated_excess_redirect_requires_source_keyword
        PASS [   0.085s] (2057/5512) phase-engine game::effects::deal_damage::tests::triggering_source_damage_uses_event_source_context
        PASS [   0.059s] (2058/5512) phase-engine game::effects::delayed_trigger::tests::after_creation_turn_gate_stamped_to_concrete_floor
        PASS [   0.093s] (2059/5512) phase-engine game::effects::deal_damage::tests::transient_spell_keyword_grants_apply_to_damage
        PASS [   0.102s] (2060/5512) phase-engine game::effects::deal_damage::tests::target_damage_source_damages_recipient_targets_only
        PASS [   0.079s] (2061/5512) phase-engine game::effects::deal_damage::tests::wither_spell_damage_applies_counters
        PASS [   0.094s] (2062/5512) phase-engine game::effects::delayed_trigger::tests::a_parent_target_nested_in_a_composite_is_gated_like_a_bare_one
        PASS [   0.096s] (2063/5512) phase-engine game::effects::delayed_trigger::tests::bind_tracked_set_preserves_battlefield_origin_on_change_zone_upgrade
        PASS [   0.112s] (2064/5512) phase-engine game::effects::delayed_trigger::tests::at_next_phase_for_player_rebinds_placeholder_to_controller
        PASS [   0.117s] (2065/5512) phase-engine game::effects::delayed_trigger::tests::an_exclusion_of_the_parent_still_installs_on_an_empty_parent_set
        PASS [   0.079s] (2066/5512) phase-engine game::effects::delayed_trigger::tests::delayed_last_created_snapshot_is_unpinned_when_the_condition_is_the_referents_zone_change
        PASS [   0.054s] (2067/5512) phase-engine game::effects::delayed_trigger::tests::delayed_parent_target_snapshots_parent_targets
        PASS [   0.230s] (2068/5512) phase-engine game::effects::deal_damage::tests::radiance_cleansing_beam_color_fanout
        PASS [   0.092s] (2069/5512) phase-engine game::effects::delayed_trigger::tests::concrete_parent_target_filter_binds_parent_target_slot_to_that_slot
        PASS [   0.034s] (2070/5512) phase-engine game::effects::delayed_trigger::tests::departure_created_phase_delayed_that_many_stays_live
        PASS [   0.100s] (2071/5512) phase-engine game::effects::delayed_trigger::tests::delayed_parent_slot_snapshots_full_root_chain
        PASS [   0.107s] (2072/5512) phase-engine game::effects::delayed_trigger::tests::creates_delayed_trigger_on_state
        PASS [   0.039s] (2073/5512) phase-engine game::effects::delayed_trigger::tests::only_phase_delayed_conditions_use_creation_time_provenance
        PASS [   0.116s] (2074/5512) phase-engine game::effects::delayed_trigger::tests::delayed_last_created_snapshot_pins_each_referent_incarnation
        PASS [   0.052s] (2075/5512) phase-engine game::effects::delayed_trigger::tests::event_delayed_that_many_stays_live
        PASS [   0.072s] (2076/5512) phase-engine game::effects::delayed_trigger::tests::delayed_sacrifice_it_snapshots_first_token_not_later_token
        PASS [   0.373s] (2077/5512) phase-engine game::effects::deal_damage::tests::iron_fist_granted_ability_excludes_itself_as_target
        PASS [   0.065s] (2078/5512) phase-engine game::effects::delayed_trigger::tests::parent_target_snapshot_freezes_all_multi_targets_for_delayed_phase_in
        PASS [   0.076s] (2079/5512) phase-engine game::effects::delayed_trigger::tests::only_phase_delayed_departures_stamp_creation_lookback
        PASS [   0.060s] (2080/5512) phase-engine game::effects::delayed_trigger::tests::parent_target_snapshots_triggering_zone_change_object
        PASS [   0.060s] (2081/5512) phase-engine game::effects::delayed_trigger::tests::phase_delayed_first_instruction_else_branch_freezes_creation_count
        PASS [   0.048s] (2082/5512) phase-engine game::effects::delayed_trigger::tests::self_ref_leaves_play_condition_passes_through_unchanged
        PASS [   0.052s] (2083/5512) phase-engine game::effects::delayed_trigger::tests::phase_delayed_later_instruction_that_many_stays_live
        PASS [   0.096s] (2084/5512) phase-engine game::effects::delayed_trigger::tests::parent_target_snapshots_blocked_attacker_object
        PASS [   0.091s] (2085/5512) phase-engine game::effects::delayed_trigger::tests::phase_delayed_first_instruction_amount_undetermined_at_creation_stays_live
        PASS [   0.069s] (2086/5512) phase-engine game::effects::delayed_trigger::tests::snapshot_compound_expr_recurses
        PASS [   0.044s] (2087/5512) phase-engine game::effects::delayed_trigger::tests::snapshot_no_parent_targets_leaves_ref_intact
        PASS [   0.076s] (2088/5512) phase-engine game::effects::delayed_trigger::tests::snapshot_any_one_color_count_baked_to_fixed
        PASS [   0.057s] (2089/5512) phase-engine game::effects::delayed_trigger::tests::snapshot_counters_on_source_in_change_zone_enter_with_counters
        PASS [   0.090s] (2090/5512) phase-engine game::effects::delayed_trigger::tests::phase_delayed_first_instruction_that_many_freezes_creation_count
        PASS [   0.044s] (2091/5512) phase-engine game::effects::delayed_trigger::tests::snapshot_pump_pt_quantity_baked_to_fixed
        PASS [   0.070s] (2092/5512) phase-engine game::effects::delayed_trigger::tests::snapshot_mana_spent_to_cast_triggering_spell_baked_to_fixed
        PASS [   0.056s] (2093/5512) phase-engine game::effects::delayed_trigger::tests::snapshot_object_mana_value_cost_paid_object_baked_to_fixed
        PASS [   0.373s] (2094/5512) phase-engine game::effects::deal_damage::tests::red_hulk_reflex_deals_damage_equal_to_counter_count
        PASS [   0.064s] (2095/5512) phase-engine game::effects::delayed_trigger::tests::snapshot_non_snapshottable_ref_passes_through
        PASS [   0.060s] (2096/5512) phase-engine game::effects::delayed_trigger::tests::snapshot_target_missing_from_objects_baked_to_zero
        PASS [   0.073s] (2097/5512) phase-engine game::effects::delayed_trigger::tests::t_u3_condition_names_referent_zone_change_contract
        PASS [   0.070s] (2098/5512) phase-engine game::effects::delayed_trigger::tests::t_u4_parent_object_anaphor_is_narrower_than_parent_target
        PASS [   0.069s] (2099/5512) phase-engine game::effects::delayed_trigger::tests::t_u6_slot_filter_must_not_be_handed_a_pin_filtered_list
        PASS [   0.082s] (2100/5512) phase-engine game::effects::delayed_trigger::tests::sub_ability_parent_dependent_quantity_baked_to_fixed
        PASS [   0.079s] (2101/5512) phase-engine game::effects::delayed_trigger::tests::t_u5_trigger_names_referent_zone_change_two_step_order
        PASS [   0.071s] (2102/5512) phase-engine game::effects::delayed_trigger::tests::that_combat_binds_to_the_combat_added_by_the_same_resolution
        PASS [   0.080s] (2103/5512) phase-engine game::effects::delayed_trigger::tests::that_combat_creates_nothing_unless_exactly_one_phase_was_added
        PASS [   0.086s] (2104/5512) phase-engine game::effects::delayed_trigger::tests::that_combat_does_not_read_a_stale_publish
        PASS [   0.076s] (2105/5512) phase-engine game::effects::delayed_trigger::tests::tracked_set_delayed_change_zone_preserves_parent_target_incarnation
        PASS [   0.046s] (2106/5512) phase-engine game::effects::delayed_trigger::tests::triggering_source_snapshot_detects_sub_ability_reference
        PASS [   0.096s] (2107/5512) phase-engine game::effects::delayed_trigger::tests::tracked_set_battlefield_cleanup_skips_departed_token
        PASS [   0.098s] (2108/5512) phase-engine game::effects::delayed_trigger::tests::the_over_fire_guard_covers_both_delayed_conditions
        PASS [   0.071s] (2109/5512) phase-engine game::effects::delayed_trigger::tests::tracked_set_leaves_play_condition_survives_contextual_bind
        PASS [   0.077s] (2110/5512) phase-engine game::effects::delayed_trigger::tests::triggering_source_destination_zone_answers_for_a_milled_event
        PASS [   0.066s] (2111/5512) phase-engine game::effects::delayed_trigger::tests::triggering_source_snapshot_stamps_event_destination_origin
        PASS [   0.072s] (2112/5512) phase-engine game::effects::delayed_trigger::tests::triggering_source_snapshot_ignores_parent_targets
        PASS [   0.070s] (2113/5512) phase-engine game::effects::delayed_trigger::tests::triggering_source_snapshots_zone_change_object
        PASS [   0.067s] (2114/5512) phase-engine game::effects::delayed_trigger::tests::uses_tracked_set_binds_nested_delayed_effects
        PASS [   0.060s] (2115/5512) phase-engine game::effects::delayed_trigger::tests::uses_tracked_set_binds_to_change_zone_all
        PASS [   0.058s] (2116/5512) phase-engine game::effects::delayed_trigger::tests::uses_tracked_set_binds_zone_change_condition_filter
        PASS [   0.084s] (2117/5512) phase-engine game::effects::delayed_trigger::tests::uses_tracked_set_binds_mode_ability_effects
        PASS [   0.078s] (2118/5512) phase-engine game::effects::delayed_trigger::tests::uses_tracked_set_binds_sub_ability_effects
        PASS [   0.079s] (2119/5512) phase-engine game::effects::delayed_trigger::tests::uses_tracked_set_rebinds_filtered_change_zone_all
        PASS [   0.092s] (2120/5512) phase-engine game::effects::delayed_trigger::tests::uses_tracked_set_resolves_sentinel
        PASS [   0.081s] (2121/5512) phase-engine game::effects::delayed_trigger::tests::whenever_event_empty_parent_target_in_valid_target_skips_install
        PASS [   0.084s] (2122/5512) phase-engine game::effects::delayed_trigger::tests::whenever_event_empty_parent_target_in_valid_card_skips_install
        PASS [   0.059s] (2123/5512) phase-engine game::effects::delayed_trigger::tests::whenever_event_parent_target_binds_to_specific_source
        PASS [   0.089s] (2124/5512) phase-engine game::effects::delayed_trigger::tests::when_dies_parent_target_binds_to_specific_victim_without_tracked_set
        PASS [   0.096s] (2125/5512) phase-engine game::effects::delayed_trigger::tests::when_next_event_uses_firing_event_triggering_source
        PASS [   0.076s] (2126/5512) phase-engine game::effects::delayed_trigger::tests::whenever_event_empty_parent_target_set_skips_install
        PASS [   0.069s] (2127/5512) phase-engine game::effects::destroy::tests::destroy_all_cant_regenerate_bypasses_shield
        PASS [   0.073s] (2128/5512) phase-engine game::effects::delayed_trigger::tests::whenever_event_until_controllers_next_turn_stamps_creation_turn
        PASS [   0.062s] (2129/5512) phase-engine game::effects::destroy::tests::destroy_all_creatures_without_other_marker_destroys_self_token
        PASS [   0.070s] (2130/5512) phase-engine game::effects::destroy::tests::destroy_all_creatures
        PASS [   0.064s] (2131/5512) phase-engine game::effects::destroy::tests::destroy_all_other_creatures_spares_same_resolution_tokens
        PASS [   0.066s] (2132/5512) phase-engine game::effects::destroy::tests::destroy_all_other_creatures_does_not_spare_foreign_replacement_token
        PASS [   0.057s] (2133/5512) phase-engine game::effects::destroy::tests::destroy_emits_creature_destroyed_event
        PASS [   0.064s] (2134/5512) phase-engine game::effects::destroy::tests::destroy_all_shield_counter_and_umbra_prompt_for_order
        PASS [   0.076s] (2135/5512) phase-engine game::effects::destroy::tests::destroy_all_other_creatures_without_self_tokens_destroys_all
        PASS [   0.079s] (2136/5512) phase-engine game::effects::destroy::tests::destroy_all_or_filter_destroys_every_matching_permanent
        PASS [   0.078s] (2137/5512) phase-engine game::effects::destroy::tests::destroy_all_prevented_by_regen_shield
        PASS [   0.078s] (2138/5512) phase-engine game::effects::destroy::tests::destroy_prevented_by_regen_shield
        PASS [   0.086s] (2139/5512) phase-engine game::effects::destroy::tests::destroy_moves_to_graveyard
        PASS [   0.042s] (2140/5512) phase-engine game::effects::destroy::tests::destroy_skips_indestructible
        PASS [   0.053s] (2141/5512) phase-engine game::effects::destroy::tests::filter_excludes_other_recurses_through_compound_filters
        PASS [   0.101s] (2142/5512) phase-engine game::effects::destroy::tests::destroy_self_ref_moves_source_to_graveyard
        PASS [   0.101s] (2143/5512) phase-engine game::effects::destroy::tests::destroy_single_target_records_tracked_set_for_downstream_gain_life
        PASS [   0.063s] (2144/5512) phase-engine game::effects::destroy::tests::fumigate_excludes_indestructible_creature_from_life_gained
        PASS [   0.063s] (2145/5512) phase-engine game::effects::destroy::tests::fumigate_gains_n_life_for_n_destroyed_creatures
        PASS [   0.040s] (2146/5512) phase-engine game::effects::destroy::tests::mandatory_destroy_if_you_do_rider_skips_when_indestructible
        PASS [   0.066s] (2147/5512) phase-engine game::effects::destroy::tests::fumigate_gains_zero_life_when_no_creatures_on_battlefield
        PASS [   0.068s] (2148/5512) phase-engine game::effects::destroy::tests::fumigate_gains_one_life_for_one_destroyed_creature
        PASS [   0.083s] (2149/5512) phase-engine game::effects::destroy::tests::fumigate_excludes_regenerated_creature_from_life_gained
        PASS [   0.062s] (2150/5512) phase-engine game::effects::destroy::tests::shield_counter_prevents_destruction_and_is_consumed_per_use
        PASS [   0.054s] (2151/5512) phase-engine game::effects::detain::tests::detain_nonexistent_target_is_skipped
        PASS [   0.083s] (2152/5512) phase-engine game::effects::destroy::tests::shield_counter_prevents_destroy_all_and_is_consumed
        PASS [   0.058s] (2153/5512) phase-engine game::effects::detain::tests::detain_same_player_twice_is_idempotent
        PASS [   0.071s] (2154/5512) phase-engine game::effects::detain::tests::detain_emits_effect_resolved
        PASS [   0.106s] (2155/5512) phase-engine game::effects::destroy::tests::mandatory_destroy_if_you_do_rider_fires_when_destroyed
        PASS [   0.083s] (2156/5512) phase-engine game::effects::detain::tests::detain_marks_permanent_with_detaining_player
        PASS [   0.077s] (2157/5512) phase-engine game::effects::dig::tests::dig_choice_marks_optional_context_from_nonempty_selection
        PASS [   0.088s] (2158/5512) phase-engine game::effects::dig::tests::dig_choice_publishes_kept_cards_as_tracked_set
        PASS [   0.109s] (2159/5512) phase-engine game::effects::dig::tests::dig_choice_empty_selection_rebinds_fresh_tracked_set
        PASS [   0.100s] (2160/5512) phase-engine game::effects::dig::tests::dig_choice_marks_optional_context_from_kept_selection
        PASS [   0.082s] (2161/5512) phase-engine game::effects::dig::tests::dig_choice_rejects_card_not_looked_at
        PASS [   0.103s] (2162/5512) phase-engine game::effects::dig::tests::dig_choice_rejects_card_excluded_by_empty_filter
        PASS [   0.123s] (2163/5512) phase-engine game::effects::dig::tests::dig_choice_forwards_kept_cards_to_conditional_continuation
        PASS [   0.048s] (2164/5512) phase-engine game::effects::dig::tests::dig_reorder_mode_sets_keep_count_to_all_seen_cards
        PASS [   0.080s] (2165/5512) phase-engine game::effects::dig::tests::dig_choice_reorders_all_looked_at_cards_on_top_before_continuation
        PASS [   0.063s] (2166/5512) phase-engine game::effects::dig::tests::dig_unbounded_exact_count_resolves_all_matching_no_choice
        PASS [   0.059s] (2167/5512) phase-engine game::effects::dig::tests::dig_with_name_matches_any_permanent_filter
        PASS [   0.076s] (2168/5512) phase-engine game::effects::dig::tests::dig_resolves_kept_to_battlefield_and_rest_to_library_bottom
        PASS [   0.093s] (2169/5512) phase-engine game::effects::dig::tests::dig_choice_rejects_duplicate_selected_cards
        PASS [   0.092s] (2170/5512) phase-engine game::effects::dig::tests::dig_filter_resolves_x_against_chosen_x
        PASS [   0.052s] (2171/5512) phase-engine game::effects::dig::tests::look_at_top_card_makes_peek_visible_to_looker_only
        PASS [   0.035s] (2172/5512) phase-engine game::effects::dig::tests::test_dig_with_empty_library_does_nothing
        PASS [   0.065s] (2173/5512) phase-engine game::effects::dig::tests::pure_peek_uses_target_players_library_without_moving_cards
        PASS [   0.061s] (2174/5512) phase-engine game::effects::discard::random_discard_authority_tests::discard_at_random_honors_cost_vs_effect_provenance
        PASS [   0.055s] (2175/5512) phase-engine game::effects::discard::random_discard_authority_tests::discard_at_random_is_seed_deterministic
        PASS [   0.080s] (2176/5512) phase-engine game::effects::dig::tests::test_dig_5_keep_1_sets_waiting_for_dig_choice
        PASS [   0.047s] (2177/5512) phase-engine game::effects::discard::random_discard_authority_tests::discard_at_random_moves_exactly_count_cards
        PASS [   0.311s] (2178/5512) phase-engine game::effects::dig::tests::consult_the_star_charts_unkicked_puts_one_card_in_hand
        PASS [   0.051s] (2179/5512) phase-engine game::effects::discard::random_discard_authority_tests::discard_at_random_pause_reports_the_remaining_batch
        PASS [   0.052s] (2180/5512) phase-engine game::effects::discard::random_discard_authority_tests::discard_at_random_varies_across_seeds
        PASS [   0.065s] (2181/5512) phase-engine game::effects::discard::random_discard_authority_tests::discard_at_random_short_pool_discards_what_it_can
        PASS [   0.148s] (2182/5512) phase-engine game::effects::dig::tests::muxus_mass_put_all_resolves_deterministically_no_choice
        PASS [   0.065s] (2183/5512) phase-engine game::effects::discard::random_discard_authority_tests::route_discard_skips_a_card_that_already_left_the_hand
        PASS [   0.040s] (2184/5512) phase-engine game::effects::discard::tests::controller_filter_does_not_inherit_parent_player_target
        PASS [   0.080s] (2185/5512) phase-engine game::effects::discard::random_discard_authority_tests::route_discard_retires_the_frame_for_a_card_that_left_the_hand
        PASS [   0.038s] (2186/5512) phase-engine game::effects::discard::tests::controller_filter_ignores_inherited_non_hand_object_targets
        PASS [   0.044s] (2187/5512) phase-engine game::effects::discard::tests::discard_as_cost_moves_to_graveyard_and_records
        PASS [   0.049s] (2188/5512) phase-engine game::effects::discard::tests::discard_emits_discarded_event
        PASS [   0.196s] (2189/5512) phase-engine game::effects::dig::tests::thassas_oracle_dread_return_empty_library_still_wins
        PASS [   0.048s] (2190/5512) phase-engine game::effects::discard::tests::discard_replacement_can_exile_card_and_still_emit_discarded
        PASS [   0.055s] (2191/5512) phase-engine game::effects::discard::tests::discard_negative_count_clamps_to_zero
        PASS [   0.060s] (2192/5512) phase-engine game::effects::discard::tests::discard_moves_card_from_hand_to_graveyard
        PASS [   0.068s] (2193/5512) phase-engine game::effects::discard::tests::discard_as_cost_returns_complete
        PASS [   0.121s] (2194/5512) phase-engine game::effects::discard::tests::bounce_then_discard_does_not_auto_discard_propagated_return_targets
        PASS [   0.050s] (2195/5512) phase-engine game::effects::discard::tests::discard_specific_target
        PASS [   0.041s] (2196/5512) phase-engine game::effects::discard::tests::empty_hand_discard_sets_cost_payment_failed_flag
        PASS [   0.046s] (2197/5512) phase-engine game::effects::discard::tests::empty_hand_up_to_discard_does_not_set_failed_flag
        PASS [   0.473s] (2198/5512) phase-engine game::effects::dig::tests::consult_the_star_charts_kicked_puts_two_cards_in_hand
        PASS [   0.057s] (2199/5512) phase-engine game::effects::discard::tests::library_of_leng_does_not_apply_to_discard_cost
        PASS [   0.063s] (2200/5512) phase-engine game::effects::discard::tests::library_of_leng_offers_replacement_for_effect_caused_discard
        PASS [   0.508s] (2201/5512) phase-engine game::effects::dig::tests::birthing_ritual_decline_sacrifice_puts_all_looked_at_cards_on_bottom
        PASS [   0.068s] (2202/5512) phase-engine game::effects::discard::tests::if_you_do_draw_fires_after_interactive_discard_choice
        PASS [   0.066s] (2203/5512) phase-engine game::effects::discard::tests::non_targeted_discard_auto_when_hand_equals_count
        PASS [   0.508s] (2204/5512) phase-engine game::effects::dig::tests::birthing_ritual_runtime_dig_filter_respects_sacrificed_creature_mana_value
        PASS [   0.079s] (2205/5512) phase-engine game::effects::discard::tests::madness_class_discard_still_works_without_double_consult
        PASS [   0.062s] (2206/5512) phase-engine game::effects::discard::tests::non_targeted_discard_creates_waiting_for
        PASS [   0.056s] (2207/5512) phase-engine game::effects::discard::tests::non_targeted_discard_noop_when_hand_empty
        PASS [   0.064s] (2208/5512) phase-engine game::effects::discard::tests::non_targeted_discard_multiple_creates_waiting_for
        PASS [   0.056s] (2209/5512) phase-engine game::effects::discard::tests::opponent_discard_auto_when_one_card
        PASS [   0.054s] (2210/5512) phase-engine game::effects::discard::tests::opponent_discard_targets_opponent_hand
        PASS [   0.049s] (2211/5512) phase-engine game::effects::discard::tests::recruit_handoff_waits_for_direct_continuation_and_clears_descendants
        PASS [   0.056s] (2212/5512) phase-engine game::effects::discard::tests::opponent_source_discard_replacement_enters_with_counters
        PASS [   0.068s] (2213/5512) phase-engine game::effects::discard::tests::plain_discard_consults_rest_in_peace_and_exiles
        PASS [   0.062s] (2214/5512) phase-engine game::effects::discard::tests::self_source_discard_replacement_condition_does_not_apply
        PASS [   0.058s] (2215/5512) phase-engine game::effects::discard::tests::target_player_extracts_from_mixed_targets
        PASS [   0.066s] (2216/5512) phase-engine game::effects::discard::tests::target_player_defaults_to_controller
        PASS [   0.062s] (2217/5512) phase-engine game::effects::discard::tests::up_to_discard_presents_choice_even_when_hand_small
        PASS [   0.088s] (2218/5512) phase-engine game::effects::discard::tests::up_to_discard_allows_zero_selection
        PASS [   0.072s] (2219/5512) phase-engine game::effects::discover::tests::discover_limit_can_use_triggering_spell_mana_value
        PASS [   0.068s] (2220/5512) phase-engine game::effects::discover::tests::discover_parent_target_owner_uses_parent_object_owner_library
        PASS [   0.049s] (2221/5512) phase-engine game::effects::discover::tests::test_discover_finds_nonland_card
        PASS [   0.053s] (2222/5512) phase-engine game::effects::double::tests::double_counters_context_ref_recipient_does_not_sweep_battlefield
        PASS [   0.079s] (2223/5512) phase-engine game::effects::discover::tests::discover_redirects_to_other_player_library
        PASS [   0.055s] (2224/5512) phase-engine game::effects::double::tests::double_counters_applies_addcounter_replacement
        PASS [   0.065s] (2225/5512) phase-engine game::effects::double::tests::double_counters_all_kinds
        PASS [   0.043s] (2226/5512) phase-engine game::effects::double::tests::double_counters_nontargeted_population_enumerates_matching_permanents
        PASS [   0.071s] (2227/5512) phase-engine game::effects::double::tests::double_counters_is_prevented_by_solemnity
        PASS [   0.054s] (2228/5512) phase-engine game::effects::double::tests::double_counters_optional_targeting_zero_target_affects_nothing
        PASS [   0.059s] (2229/5512) phase-engine game::effects::double::tests::double_counters_replacement_choice_stashes_remaining_counter_additions
        PASS [   0.065s] (2230/5512) phase-engine game::effects::double::tests::double_counters_specific_type
        PASS [   0.069s] (2231/5512) phase-engine game::effects::double::tests::double_counters_unenumerable_population_does_not_sweep_battlefield
        PASS [   0.070s] (2232/5512) phase-engine game::effects::double::tests::double_life_total
        PASS [   0.068s] (2233/5512) phase-engine game::effects::double::tests::double_mana_pool
        PASS [   0.079s] (2234/5512) phase-engine game::effects::double::tests::double_life_total_blocked_by_cant_gain_life
        PASS [   0.060s] (2235/5512) phase-engine game::effects::draw::draw_this_way_ledger_tests::empty_library_instruction_records_nothing_via_sequence
        PASS [   0.226s] (2236/5512) phase-engine game::effects::discard::tests::reveal_choose_nonland_discard_is_noop_when_hand_has_no_nonland_card
        PASS [   0.056s] (2237/5512) phase-engine game::effects::draw::draw_this_way_ledger_tests::single_card_instruction_records_player_once_via_sequence
        PASS [   0.050s] (2238/5512) phase-engine game::effects::draw::tests::cant_draw_blocks_all_draws_for_affected_player
        PASS [   0.063s] (2239/5512) phase-engine game::effects::draw::draw_this_way_ledger_tests::multi_card_instruction_records_player_once_via_sequence
        PASS [   0.051s] (2240/5512) phase-engine game::effects::draw::tests::cross_player_child_result_is_not_credited_to_parent
        PASS [   0.054s] (2241/5512) phase-engine game::effects::draw::tests::draw_emits_card_drawn_and_effect_resolved
        PASS [   0.263s] (2242/5512) phase-engine game::effects::discard::tests::reveal_choose_nonland_discard_targets_the_chosen_nonland_card
        PASS [   0.071s] (2243/5512) phase-engine game::effects::draw::tests::cant_draw_opponents_only_does_not_block_controller
        PASS [   0.071s] (2244/5512) phase-engine game::effects::draw::tests::draw_moves_top_card_to_hand
        PASS [   0.080s] (2245/5512) phase-engine game::effects::draw::tests::draw_from_empty_library_sets_flag
        PASS [   0.057s] (2246/5512) phase-engine game::effects::draw::tests::miracle_first_draw_queues_offer
        PASS [   0.079s] (2247/5512) phase-engine game::effects::draw::tests::first_card_drawn_this_turn_records_only_the_first
        PASS [   0.079s] (2248/5512) phase-engine game::effects::draw::tests::first_card_drawn_this_turn_stable_across_draw_calls
        PASS [   0.061s] (2249/5512) phase-engine game::effects::draw::tests::miracle_granted_by_hand_static_queues_offer_on_first_draw
        PASS [   0.087s] (2250/5512) phase-engine game::effects::draw::tests::draw_multiple_cards
        PASS [   0.056s] (2251/5512) phase-engine game::effects::draw::tests::mismatched_child_cannot_consume_pending_delivery_owner
        PASS [   0.062s] (2252/5512) phase-engine game::effects::draw::tests::normal_draw_does_not_set_flag
        PASS [   0.085s] (2253/5512) phase-engine game::effects::draw::tests::miracle_non_first_draw_does_not_queue_offer
        PASS [   0.067s] (2254/5512) phase-engine game::effects::draw::tests::per_turn_draw_limit_ignores_unaffected_player
        PASS [   0.055s] (2255/5512) phase-engine game::effects::draw::tests::spell_draw_pulls_bottom_under_static
        PASS [   0.081s] (2256/5512) phase-engine game::effects::draw::tests::per_turn_draw_limit_allows_partial_multi_card_draw
        PASS [   0.083s] (2257/5512) phase-engine game::effects::draw::tests::partial_draw_sets_flag
        PASS [   0.071s] (2258/5512) phase-engine game::effects::draw::tests::select_pulls_from_top_without_static
        PASS [  15.798s] (2259/5512) phase-engine game::casting::tests::snuff_out_from_card_database_alt_cost_destroys_target
        PASS [   0.054s] (2260/5512) phase-engine game::effects::draw::tranche4_draw_pipeline_tests::dedup_guard_blocks_moved_def_already_applied_at_draw_level
        PASS [   0.086s] (2261/5512) phase-engine game::effects::draw::tests::select_pulls_from_bottom_with_controller_static
        PASS [   0.086s] (2262/5512) phase-engine game::effects::draw::tests::select_scope_opponents_only
        PASS [   0.082s] (2263/5512) phase-engine game::effects::draw::tests::teferi_ageless_insight_preserves_sub_ability_discard
        PASS [   0.054s] (2264/5512) phase-engine game::effects::draw::tranche4_draw_pipeline_tests::draw_consult_runs_for_unseeded_moved_redirect
        PASS [   0.071s] (2265/5512) phase-engine game::effects::drawn_this_turn_choice::tests::choice_rejects_unpayable_kept_cards
        PASS [   0.291s] (2266/5512) phase-engine game::effects::double::tests::zimone_paradox_sculptor_zero_announced_targets_double_counters_affects_nothing_through_apply
        PASS [   0.055s] (2267/5512) phase-engine game::effects::drawn_this_turn_choice::tests::resolve_uses_owner_for_drawn_hand_cards
        PASS [   0.061s] (2268/5512) phase-engine game::effects::drawn_this_turn_choice::tests::resolve_prompts_for_drawn_hand_cards_only
        PASS [   0.063s] (2269/5512) phase-engine game::effects::drawn_this_turn_choice::tests::resolve_requires_topdecking_cards_when_life_cannot_be_paid
        PASS [   0.076s] (2270/5512) phase-engine game::effects::drawn_this_turn_choice::tests::choice_topdecks_selected_and_pays_for_unselected
        PASS [   0.125s] (2271/5512) phase-engine game::effects::draw::tranche4_draw_pipeline_tests::draw_bookkeeping_waits_for_a_parked_moved_replacement_choice
        PASS [   0.070s] (2272/5512) phase-engine game::effects::each_player_copy_chosen::tests::neighbor_left_scope_draws_from_left_neighbor_three_player
        PASS [   0.106s] (2273/5512) phase-engine game::effects::draw::tranche4_draw_pipeline_tests::draw_with_parsed_graveyard_exile_def_on_board_still_lands_in_hand
        PASS [   0.080s] (2274/5512) phase-engine game::effects::each_player_copy_chosen::tests::copy_replacement_pause_keeps_each_player_parent_and_roundtrips_v2
        PASS [   0.101s] (2275/5512) phase-engine game::effects::each_player_copy_chosen::tests::collects_all_player_choices_before_creating_tokens
        PASS [   0.098s] (2276/5512) phase-engine game::effects::each_player_copy_chosen::tests::neighbor_left_scope_prompts_from_neighbor_pool_and_revalidates
        PASS [   0.078s] (2277/5512) phase-engine game::effects::each_player_copy_chosen::tests::single_eligible_auto_resolves_to_nonlegendary_copy
        PASS [   0.077s] (2278/5512) phase-engine game::effects::each_player_copy_chosen::tests::zero_eligible_player_is_skipped
        PASS [   0.083s] (2279/5512) phase-engine game::effects::each_player_copy_chosen::tests::two_chosen_scales_copy_by_second_power_via_select_targets
        PASS [   0.081s] (2280/5512) phase-engine game::effects::effect::tests::amassed_army_transient_grant_skips_new_incarnation_after_round_trip
        PASS [   0.113s] (2281/5512) phase-engine game::effects::each_player_copy_chosen::tests::scale_none_creates_copy_without_counter_step
        PASS [   0.110s] (2282/5512) phase-engine game::effects::each_player_copy_chosen::tests::two_eligible_seeds_selection
        PASS [   0.113s] (2283/5512) phase-engine game::effects::each_player_copy_chosen::tests::select_targets_revalidates_live_eligibility
        PASS [   0.051s] (2284/5512) phase-engine game::effects::effect::tests::forwarded_result_context_rejects_a_new_object_incarnation
        PASS [   0.077s] (2285/5512) phase-engine game::effects::effect::tests::forwarded_result_context_concretizes_reanimator_enchant_target
        PASS [   0.071s] (2286/5512) phase-engine game::effects::effect::tests::forwarded_result_context_does_not_skip_cost_paid_object_binding
        PASS [   0.113s] (2287/5512) phase-engine game::effects::effect::tests::amassed_army_transient_grant_installs_on_undeparted_army
        PASS [   0.117s] (2288/5512) phase-engine game::effects::effect::tests::die_result_pump_snapshots_to_roll_and_stays_stable
        PASS [   0.041s] (2289/5512) phase-engine game::effects::effect::tests::generic_effect_controller_affected_binds_to_specific_player
        PASS [   0.043s] (2290/5512) phase-engine game::effects::effect::tests::generic_effect_binds_targeted_player_to_specific_player
        PASS [   0.045s] (2291/5512) phase-engine game::effects::effect::tests::generic_effect_cant_tap_binds_every_parent_target_object
        PASS [   0.063s] (2292/5512) phase-engine game::effects::effect::tests::generic_effect_inherited_object_binding_ignores_sibling_player_target
        PASS [   0.081s] (2293/5512) phase-engine game::effects::effect::tests::generic_effect_binds_tracked_set_sentinel_to_latest_chain_set
        PASS [   0.063s] (2294/5512) phase-engine game::effects::effect::tests::generic_effect_registers_transient_effect_for_amassed_army
        PASS [   0.050s] (2295/5512) phase-engine game::effects::effect::tests::generic_effect_target_player_affected_filter_binds_matching_objects_not_player
        PASS [   0.059s] (2296/5512) phase-engine game::effects::effect::tests::generic_effect_registers_transient_effect_for_self_ref
        PASS [   0.071s] (2297/5512) phase-engine game::effects::effect::tests::generic_effect_registers_transient_effect_for_matching_filter
        PASS [   0.132s] (2298/5512) phase-engine game::effects::effect::tests::generic_effect_binds_targeted_object_to_specific_object
        PASS [   0.031s] (2299/5512) phase-engine game::effects::effect::tests::generic_effect_target_player_sibling_static_resolves_own_affected_filter
        PASS [   0.067s] (2300/5512) phase-engine game::effects::effect::tests::generic_effect_snapshots_installer_for_granted_defended_restriction
        PASS [   0.072s] (2301/5512) phase-engine game::effects::effect::tests::generic_effect_snapshots_dynamic_pt_modifications_at_resolution
        PASS [   0.109s] (2302/5512) phase-engine game::effects::effect::tests::generic_effect_may_look_at_face_down_keeps_filter_and_binds_looker
        PASS [   0.056s] (2303/5512) phase-engine game::effects::effect::tests::generic_effect_without_explicit_target_ignores_inherited_object_for_broadcast_filter
        PASS [   0.064s] (2304/5512) phase-engine game::effects::effect::tests::generic_effect_without_explicit_target_binds_inherited_object_target
        PASS [   0.196s] (2305/5512) phase-engine game::effects::effect::tests::gallant_fowlknight_first_strike_only_on_kithkin_after_resolution
        PASS [   0.065s] (2306/5512) phase-engine game::effects::effect::tests::parent_target_affected_with_creature_target_slot_empty_targets_does_not_broadcast
        PASS [   0.083s] (2307/5512) phase-engine game::effects::effect::tests::mu_yanling_plus_two_pump_and_lose_flying_parses_and_resolves_to_target_only
        PASS [   0.050s] (2308/5512) phase-engine game::effects::effect::tests::parent_target_cant_gain_life_locks_player_target_only
        PASS [   0.086s] (2309/5512) phase-engine game::effects::effect::tests::odric_grant_applies_only_satisfied_keyword_arms
        PASS [   0.076s] (2310/5512) phase-engine game::effects::effect::tests::odric_grant_registers_nothing_when_no_keyword_present
        PASS [   0.080s] (2311/5512) phase-engine game::effects::effect::tests::parent_target_affected_with_creature_target_slot_binds_chosen_creature_only
        PASS [   0.046s] (2312/5512) phase-engine game::effects::effect::tests::parent_target_slot_binds_referent_that_stayed
        PASS [   0.060s] (2313/5512) phase-engine game::effects::effect::tests::parent_target_slot_drops_referent_that_left_and_returned
        PASS [   0.114s] (2314/5512) phase-engine game::effects::effect::tests::odric_grant_persists_after_gating_creature_loses_keyword
        PASS [   0.069s] (2315/5512) phase-engine game::effects::effect::tests::parent_target_slot_resolves_root_player_slot_in_chain
        PASS [   0.051s] (2316/5512) phase-engine game::effects::effect::tests::snapshot_panics_on_event_context_amount_without_source_event
        PASS [   0.051s] (2317/5512) phase-engine game::effects::effect::tests::snapshot_leaves_persistent_refs_unchanged
        PASS [   0.157s] (2318/5512) phase-engine game::effects::effect::tests::keyword_grant_compounded_with_doesnt_untap_resolves_both_and_shroud_expires
        PASS [   0.073s] (2319/5512) phase-engine game::effects::effect::tests::selfless_safewright_grants_to_chosen_type_permanents_only
        PASS [   0.096s] (2320/5512) phase-engine game::effects::effect::tests::parse_and_resolve_you_gain_protection_from_everything_grants_player_protection
        PASS [   0.072s] (2321/5512) phase-engine game::effects::effect::tests::snapshot_replaces_event_context_amount_with_die_result
        PASS [   0.048s] (2322/5512) phase-engine game::effects::effect::tests::triggering_source_affected_without_target_or_chosen_targets_binds_trigger_source
        PASS [   0.068s] (2323/5512) phase-engine game::effects::effect::tests::text_word_latch_consumes_the_answer
        PASS [   0.361s] (2324/5512) phase-engine game::effects::effect::tests::energybending_grants_a_forest_all_basic_land_types_and_mana
        PASS [   0.105s] (2325/5512) phase-engine game::effects::effect::tests::quoted_defended_static_does_not_snapshot_installer
        PASS [   0.059s] (2326/5512) phase-engine game::effects::effect::tests::triggering_source_short_circuits_when_targets_propagated
        PASS [   0.060s] (2327/5512) phase-engine game::effects::effect::tests::triggering_source_grant_binds_cast_spell_without_targets
        PASS [   0.124s] (2328/5512) phase-engine game::effects::effect::tests::parse_and_resolve_opponents_life_total_cant_change_locks_opponents
        PASS [   0.058s] (2329/5512) phase-engine game::effects::end_the_turn::tests::end_the_turn_clears_combat_attacker_restriction
        PASS [   0.077s] (2330/5512) phase-engine game::effects::end_the_turn::tests::end_the_turn_exiles_stack_clears_combat_and_enters_cleanup
        PASS [   0.163s] (2331/5512) phase-engine game::effects::effect::tests::parse_and_resolve_your_life_total_cant_change_locks_controller_life
        PASS [   0.076s] (2332/5512) phase-engine game::effects::endure::tests::endure_counter_branch_puts_counters_on_source
        PASS [   0.077s] (2333/5512) phase-engine game::effects::energy::tests::gain_energy_count_is_increased_by_controller_scoped_replacement
        PASS [   0.082s] (2334/5512) phase-engine game::effects::endure::tests::endure_zero_skips_branch_choice
        PASS [   0.068s] (2335/5512) phase-engine game::effects::energy::tests::gain_energy_is_prevented_by_player_counter_prohibition
        PASS [   0.059s] (2336/5512) phase-engine game::effects::epic::tests::epic_copy_resets_cast_payment_stamps
        PASS [   0.093s] (2337/5512) phase-engine game::effects::endure::tests::endure_dynamic_amount_uses_source_counters_for_entering_creature
        PASS [   0.083s] (2338/5512) phase-engine game::effects::energy::tests::gain_energy_resolves_dynamic_object_count
        PASS [   0.116s] (2339/5512) phase-engine game::effects::endure::tests::endure_production_path_counter_branch_targets_entering_creature
        PASS [   0.098s] (2340/5512) phase-engine game::effects::energy::tests::gain_energy_resolves_fixed_amount
        PASS [   0.066s] (2341/5512) phase-engine game::effects::epic_tests::copied_epic_spell_resolution_still_arms_epic
        PASS [   0.057s] (2342/5512) phase-engine game::effects::epic_tests::each_epic_resolution_records_an_independent_effect
        PASS [   0.054s] (2343/5512) phase-engine game::effects::epic_tests::epic_copy_puts_a_keyword_stripped_copy_on_the_stack
        PASS [   0.057s] (2344/5512) phase-engine game::effects::epic_tests::epic_copy_is_a_noop_when_the_prototype_is_gone
        PASS [   0.091s] (2345/5512) phase-engine game::effects::epic_tests::arm_epic_records_effect_and_locks_controller
        PASS [   0.033s] (2346/5512) phase-engine game::effects::epic_tests::legacy_copy_retarget_completion_uses_copy_as_default_source
        PASS [   0.053s] (2347/5512) phase-engine game::effects::epic_tests::game_state_equality_includes_epic_effects
        PASS [   0.078s] (2348/5512) phase-engine game::effects::epic_tests::epic_does_not_fire_at_an_opponents_upkeep
        PASS [   0.089s] (2349/5512) phase-engine game::effects::epic_tests::epic_fires_a_copy_trigger_at_the_controllers_upkeep_and_recurs
        PASS [   0.090s] (2350/5512) phase-engine game::effects::epic_tests::epic_effect_survives_end_of_turn_cleanup
        PASS [   0.058s] (2351/5512) phase-engine game::effects::exchange_control::tests::exchange_control_fewer_than_two_targets
        PASS [   0.047s] (2352/5512) phase-engine game::effects::exchange_control::tests::exchange_control_layer_pipeline_actually_swaps_controllers
        PASS [   0.069s] (2353/5512) phase-engine game::effects::epic_tests::targeted_epic_copy_opens_copy_retarget_choice
        PASS [   0.046s] (2354/5512) phase-engine game::effects::exchange_control::tests::exchange_control_swaps_controllers
        PASS [   0.086s] (2355/5512) phase-engine game::effects::epic_tests::targeted_epic_retarget_completion_resolves_as_epic_copy
        PASS [   0.071s] (2356/5512) phase-engine game::effects::exchange_control::tests::exchange_control_missing_first_target_is_noop
        PASS [   0.062s] (2357/5512) phase-engine game::effects::exchange_control::tests::exchange_control_no_targets_is_noop
        PASS [   0.076s] (2358/5512) phase-engine game::effects::exchange_control::tests::exchange_control_same_controller_is_noop
        PASS [   0.057s] (2359/5512) phase-engine game::effects::exchange_control::tests::exchange_control_unexchangeable_zone_is_noop
        PASS [   0.061s] (2360/5512) phase-engine game::effects::exchange_life::tests::exchange_blocked_when_cant_gain_life_does_nothing
        PASS [   0.096s] (2361/5512) phase-engine game::effects::exchange_control::tests::exchange_control_missing_target_is_noop
        PASS [   0.053s] (2362/5512) phase-engine game::effects::exchange_life_totals::tests::exchange_life_totals_same_player_is_noop
        PASS [   0.077s] (2363/5512) phase-engine game::effects::exchange_life_totals::tests::exchange_life_totals_blocked_when_cant_gain_does_nothing
        PASS [   0.080s] (2364/5512) phase-engine game::effects::exchange_life::tests::exchange_uses_controller_when_no_target
        PASS [   0.058s] (2365/5512) phase-engine game::effects::exchange_life_totals::tests::exchange_life_totals_swaps
        PASS [   0.086s] (2366/5512) phase-engine game::effects::exchange_life::tests::exchange_sets_opponent_life_and_source_toughness
        PASS [   0.085s] (2367/5512) phase-engine game::effects::exile_face_down_pile::dandan_read_sweep_tests::the_non_canonical_seat_exiles_the_shared_pile_top
        PASS [   0.095s] (2368/5512) phase-engine game::effects::exile_face_down_pile::tests::complete_pile_returns_exact_source_and_top_cards_to_library_top
        PASS [   0.080s] (2369/5512) phase-engine game::effects::exile_from_top_until::tests::cumulative_threshold_each_opponent_resolves_independently
        PASS [   0.057s] (2370/5512) phase-engine game::effects::exile_from_top_until::tests::cumulative_threshold_exhausts_library_when_threshold_unreachable
        PASS [   0.057s] (2371/5512) phase-engine game::effects::exile_from_top_until::tests::cumulative_threshold_runs_sub_ability_chain
        PASS [   0.089s] (2372/5512) phase-engine game::effects::exile_face_down_pile::tests::short_library_leaves_partial_pile_exiled_face_down
        PASS [   0.107s] (2373/5512) phase-engine game::effects::exile_face_down_pile::tests::delivered_member_is_concealed_before_later_pile_member_parks_for_replacement_choice
        PASS [   0.074s] (2374/5512) phase-engine game::effects::exile_from_top_until::tests::cumulative_threshold_stops_when_running_sum_reaches_threshold
        PASS [   0.095s] (2375/5512) phase-engine game::effects::exile_from_top_until::tests::declined_replacement_keeps_resumed_exile_in_exact_cast_batch
        PASS [   0.116s] (2376/5512) phase-engine game::effects::exile_from_top_until::tests::etali_each_player_exile_until_opens_window_for_every_nonland_hit
        PASS [   0.099s] (2377/5512) phase-engine game::effects::exile_from_top_until::tests::etali_player_scope_all_iterates_each_library_and_links_all
        PASS [   0.087s] (2378/5512) phase-engine game::effects::exile_from_top_until::tests::jodah_hit_decline_leaves_hit_in_exile_returns_misses
        PASS [   0.091s] (2379/5512) phase-engine game::effects::exile_from_top_until::tests::exiles_lands_then_stops_at_nonland_without_links_without_consumer
        PASS [   0.031s] (2380/5512) phase-engine game::effects::exile_from_top_until::tests::scoped_player_exiles_from_faced_players_library
        PASS [   0.107s] (2381/5512) phase-engine game::effects::exile_from_top_until::tests::jodah_hit_accept_casts_hit_and_returns_misses
        PASS [   0.107s] (2382/5512) phase-engine game::effects::exile_from_top_until::tests::jodah_no_hit_returns_all_exiled_cards_to_library
        PASS [   0.053s] (2383/5512) phase-engine game::effects::exile_from_top_until::tests::plargg_two_player_skips_the_opponent_picker_pause
        PASS [   0.083s] (2384/5512) phase-engine game::effects::exile_from_top_until::tests::plargg_second_resolution_excludes_previous_resolutions_leftovers
        PASS [   0.116s] (2385/5512) phase-engine game::effects::exile_from_top_until::tests::plargg_opponent_chooses_nonland_hit_then_cast_pool_is_the_other_hits
        PASS [   0.046s] (2386/5512) phase-engine game::effects::exile_top::tests::exile_top_controller_filter_does_not_inherit_parent_player_target
        PASS [   0.066s] (2387/5512) phase-engine game::effects::exile_from_top_until::tests::targeted_player_accept_cast_offer_cleans_up_uncast_hit_and_misses
        PASS [   0.049s] (2388/5512) phase-engine game::effects::exile_top::tests::exile_top_bottom_position_exiles_bottom_cards_and_preserves_top_order
        PASS [   0.173s] (2389/5512) phase-engine game::effects::exile_from_top_until::tests::exile_from_top_until_routes_each_move_through_replacement_pipeline
        PASS [   0.077s] (2390/5512) phase-engine game::effects::exile_from_top_until::tests::targeted_player_decline_cast_offer_cleans_up_hit_and_misses
        PASS [   0.069s] (2391/5512) phase-engine game::effects::exile_top::tests::exile_top_face_down_sets_object_face_down_flag
        PASS [   0.061s] (2392/5512) phase-engine game::effects::exile_top::tests::exile_top_face_up_does_not_set_face_down_flag
        PASS [   0.084s] (2393/5512) phase-engine game::effects::exile_top::tests::exile_top_dynamic_card_type_count_moves_that_many_cards
        PASS [   0.070s] (2394/5512) phase-engine game::effects::exile_top::tests::exile_top_moves_multiple_cards
        PASS [   0.052s] (2395/5512) phase-engine game::effects::exile_top::tests::exile_top_negative_count_clamps_to_zero
        PASS [   0.068s] (2396/5512) phase-engine game::effects::exile_top::tests::exile_top_moves_top_card_of_controller_library
        PASS [   0.038s] (2397/5512) phase-engine game::effects::exile_top::tests::exile_top_records_original_controller_during_distributive_fanout
        PASS [   0.072s] (2398/5512) phase-engine game::effects::exile_top::tests::exile_top_publishes_tracked_set_when_followed_by_recall_delayed_trigger
        PASS [   0.071s] (2399/5512) phase-engine game::effects::exile_top::tests::exile_top_records_controller_for_controller_worded_instruction
        PASS [   0.035s] (2400/5512) phase-engine game::effects::exile_top::tests::exile_top_tracks_when_source_has_linked_exile_mana_consumer
        PASS [   0.085s] (2401/5512) phase-engine game::effects::exile_top::tests::exile_top_records_library_player_for_subject_worded_instruction
        PASS [   0.070s] (2402/5512) phase-engine game::effects::exile_top::tests::exile_top_that_exiles_a_card_clears_a_stale_missing_reason
        PASS [   0.065s] (2403/5512) phase-engine game::effects::exile_top::tests::exile_top_then_deal_damage_sums_mana_value_of_those_exiled_cards
        PASS [   0.043s] (2404/5512) phase-engine game::effects::exile_top::tests::exile_top_with_empty_library_publishes_missing_parent_target_reason
        PASS [   0.061s] (2405/5512) phase-engine game::effects::exile_top::tests::exile_top_triggering_player_uses_attacking_players_library
        PASS [   0.264s] (2406/5512) phase-engine game::effects::exile_from_top_until::tests::jodah_parse_lowers_the_rest_cleanup
        PASS [   0.058s] (2407/5512) phase-engine game::effects::exploit::tests::exploit_self_sacrifice
        PASS [   0.065s] (2408/5512) phase-engine game::effects::explore::tests::explore_all_waits_for_choice_when_one_player_has_multiple_explorers
        PASS [   0.070s] (2409/5512) phase-engine game::effects::explore::tests::explore_all_parent_target_uses_inherited_targets
        PASS [   0.103s] (2410/5512) phase-engine game::effects::exploit::tests::exploit_sacrifices_and_emits_event
        PASS [   0.068s] (2411/5512) phase-engine game::effects::explore::tests::explore_nonland_decline_goes_to_graveyard
        PASS [   0.117s] (2412/5512) phase-engine game::effects::exile_top::tests::exile_top_with_empty_library_resolves_without_error
        PASS [   0.062s] (2413/5512) phase-engine game::effects::explore::tests::explore_nonland_put_back_goes_to_library_top_not_hand
        PASS [   0.095s] (2414/5512) phase-engine game::effects::explore::tests::chained_explore_resumes_after_nonland_dig_choice
        PASS [   0.092s] (2415/5512) phase-engine game::effects::explore::tests::doubled_explore_keeps_one_creatures_two_explores_consecutive
        PASS [   0.037s] (2416/5512) phase-engine game::effects::explore::tests::targeted_explore_uses_target_controllers_library
        PASS [   0.697s] (2417/5512) phase-engine game::effects::endure::tests::endure_token_branch_creates_spirit_token
        PASS [   0.139s] (2418/5512) phase-engine game::effects::exploit::tests::self_exploit_dependent_trigger_lands_on_stack
        PASS [   0.091s] (2419/5512) phase-engine game::effects::explore::tests::explore_scry_prelude_replacement_runs_before_explore
        PASS [   0.040s] (2420/5512) phase-engine game::effects::extra_turn::tests::extra_turn_lifo_ordering
        PASS [   0.048s] (2421/5512) phase-engine game::effects::extra_turn::tests::counted_extra_turns_enqueue_each_unit_and_complete_once
        PASS [   0.063s] (2422/5512) phase-engine game::effects::explore::tests::test_explore_nonland_adds_counter_and_gives_choice
        PASS [   0.080s] (2423/5512) phase-engine game::effects::explore::tests::test_explore_empty_library_adds_counter
        PASS [   0.084s] (2424/5512) phase-engine game::effects::explore::tests::test_explore_land_goes_to_hand
        PASS [   0.049s] (2425/5512) phase-engine game::effects::extra_turn::tests::extra_turn_resolution_rejects_oversized_fixed_and_dynamic_counts_atomically
        PASS [   0.062s] (2426/5512) phase-engine game::effects::extra_turn::tests::extra_turn_pushes_controller_to_stack
        PASS [   0.109s] (2427/5512) phase-engine game::effects::extra_turn::tests::dynamic_extra_turn_count_uses_the_resolving_ability_context
        PASS [   0.079s] (2428/5512) phase-engine game::effects::extra_turn::tests::extra_turn_resolution_accepts_the_resource_limit
        PASS [   0.117s] (2429/5512) phase-engine game::effects::explore::tests::topography_double_explore_sequences_two_distinct_reveals
        PASS [   0.072s] (2430/5512) phase-engine game::effects::extra_turn::tests::standard_extra_turn_targeted_player_is_not_normalized
        PASS [   0.037s] (2431/5512) phase-engine game::effects::fight::tests::dual_target_fight_uses_both_chosen_creatures_not_ability_source
        PASS [   0.057s] (2432/5512) phase-engine game::effects::fight::tests::dual_fight_divert_guarded_on_two_distinct_root_slots
        PASS [   0.076s] (2433/5512) phase-engine game::effects::extra_turn::tests::two_hg_extra_turn_normalizes_to_team_representative
        PASS [   0.089s] (2434/5512) phase-engine game::effects::extra_turn::tests::extra_turn_targeted_player
        PASS [   0.054s] (2435/5512) phase-engine game::effects::fight::tests::dual_target_fight_excess_reads_fought_creature_not_subject
        PASS [   0.075s] (2436/5512) phase-engine game::effects::extra_turn::tests::zero_extra_turns_still_complete_the_effect_once
        PASS [   0.106s] (2437/5512) phase-engine game::effects::extra_turn::tests::extra_turn_stores_active_player_as_anchor
        PASS [   0.036s] (2438/5512) phase-engine game::effects::fight::tests::fight_lifelink_gains_life
        PASS [   0.055s] (2439/5512) phase-engine game::effects::fight::tests::fight_aura_enchanted_creature_is_subject
        PASS [   0.044s] (2440/5512) phase-engine game::effects::fight::tests::fight_no_damage_when_target_left_battlefield
        PASS [   0.061s] (2441/5512) phase-engine game::effects::fight::tests::fight_excess_damage_followup_condition_rejects_zero_excess
        PASS [   0.066s] (2442/5512) phase-engine game::effects::fight::tests::fight_no_damage_when_source_phased_out
        PASS [   0.044s] (2443/5512) phase-engine game::effects::fight::tests::test_fight_emits_damage_events
        PASS [   0.077s] (2444/5512) phase-engine game::effects::fight::tests::fight_no_damage_when_source_left_battlefield
        PASS [   0.063s] (2445/5512) phase-engine game::effects::fight::tests::fight_threads_target_excess_damage_to_followup_quantity
        PASS [   0.090s] (2446/5512) phase-engine game::effects::fight::tests::fight_no_damage_when_source_is_no_longer_creature
        PASS [   0.043s] (2447/5512) phase-engine game::effects::fight::tests::test_fight_mutual_damage
        PASS [   0.644s] (2448/5512) phase-engine game::effects::exile_from_top_until::tests::akroan_horse_each_opponent_creates_token_per_opponent_ownership
        PASS [   0.049s] (2449/5512) phase-engine game::effects::flip_coin::tests::each_player_flips_once_per_player_not_collapsed_to_one
        PASS [   0.052s] (2450/5512) phase-engine game::effects::fight::tests::test_fight_zero_power_no_damage
        PASS [   0.091s] (2451/5512) phase-engine game::effects::fight::tests::fight_self_deals_twice_power
        PASS [   0.089s] (2452/5512) phase-engine game::effects::fight::tests::fight_with_damage_replacement_on_first_direction
        PASS [   0.049s] (2453/5512) phase-engine game::effects::flip_coin::tests::flip_coin_emits_event
        PASS [   0.048s] (2454/5512) phase-engine game::effects::flip_coin::tests::flip_coin_until_lose_emits_multiple_events
        PASS [   0.056s] (2455/5512) phase-engine game::effects::flip_coin::tests::flip_coin_flipper_serde_back_compat_and_roundtrip
        PASS [   0.118s] (2456/5512) phase-engine game::effects::fight::tests::fight_replacement_accepted_delivers_both_directions
        PASS [   0.062s] (2457/5512) phase-engine game::effects::flip_coin::tests::flip_coin_with_branches_resolves_one
        PASS [   0.057s] (2458/5512) phase-engine game::effects::flip_coin::tests::flip_coins_runs_win_effect_per_heads
        PASS [   0.053s] (2459/5512) phase-engine game::effects::flip_coin::tests::flip_coins_zero_count_is_noop
        PASS [   0.067s] (2460/5512) phase-engine game::effects::flip_coin::tests::flip_coins_emits_n_coin_flip_events
        PASS [   0.062s] (2461/5512) phase-engine game::effects::flip_coin::tests::flip_records_resolution_coin_flip
        PASS [   0.079s] (2462/5512) phase-engine game::effects::flip_coin::tests::opponent_casts_into_subject_flip_opponent_is_the_flipper
        PASS [   0.078s] (2463/5512) phase-engine game::effects::flip_coin::tests::ral_loses_flip_takes_one_damage
        PASS [   0.077s] (2464/5512) phase-engine game::effects::flip_coin::tests::stale_flip_does_not_leak_into_next_resolution
        PASS [   0.110s] (2465/5512) phase-engine game::effects::flip_coin::tests::opponent_casts_into_subject_flip_lose_branch_resolves_for_the_flip
        PASS [   0.051s] (2466/5512) phase-engine game::effects::flip_permanent::tests::flip_effect_preserves_color_and_mana_cost
        PASS [   0.070s] (2467/5512) phase-engine game::effects::flip_coin::tests::while_condition_lost_flip_loops_until_win
        PASS [   0.138s] (2468/5512) phase-engine game::effects::flip_coin::tests::ral_wins_flip_and_declines_exile_stays_front_face
        PASS [   0.148s] (2469/5512) phase-engine game::effects::flip_coin::tests::ral_wins_flip_and_accepts_exile_returns_transformed
        PASS [   0.069s] (2470/5512) phase-engine game::effects::flip_permanent::tests::flip_effect_uses_source_when_no_explicit_target
        PASS [   0.079s] (2471/5512) phase-engine game::effects::flip_permanent::tests::flip_effect_uses_explicit_object_target
        PASS [   0.048s] (2472/5512) phase-engine game::effects::flip_permanent::tests::self_flip_does_not_follow_a_blinked_source
        PASS [   0.202s] (2473/5512) phase-engine game::effects::flip_coin::tests::krark_thumbless_parses_flip_branches_in_correct_slots
        PASS [   0.047s] (2474/5512) phase-engine game::effects::forage::tests::forage_both_modes_prompts_choose_one_of
        PASS [   0.212s] (2475/5512) phase-engine game::effects::flip_coin::tests::krark_lose_branch_target_is_triggering_spell
        PASS [   0.257s] (2476/5512) phase-engine game::effects::flip_coin::tests::krark_isolated_flip_seed0_emits_win_and_runs_copy_branch
        PASS [   0.070s] (2477/5512) phase-engine game::effects::forage::tests::forage_fewer_than_three_in_graveyard_does_nothing
        PASS [   0.073s] (2478/5512) phase-engine game::effects::forage::tests::forage_with_neither_mode_is_noop
        PASS [   0.057s] (2479/5512) phase-engine game::effects::forage::tests::zero_mode_gates_if_you_do_but_runs_unconditional_sibling
        PASS [   0.080s] (2480/5512) phase-engine game::effects::forage::tests::forage_food_only_sacrifices_the_food
        PASS [   0.059s] (2481/5512) phase-engine game::effects::force_attack::tests::force_attack_grants_must_attack_player_for_controller
        PASS [   0.072s] (2482/5512) phase-engine game::effects::forage::tests::synchronous_food_result_does_not_stamp_unrelated_same_source_continuation
        PASS [   0.046s] (2483/5512) phase-engine game::effects::force_attack::tests::parent_target_defender_is_classified_by_its_resolved_referent
        PASS [   0.320s] (2484/5512) phase-engine game::effects::flip_coin::tests::krark_isolated_flip_seed1_emits_loss_and_bounces_spell
        PASS [   0.105s] (2485/5512) phase-engine game::effects::forage::tests::two_mode_choice_runs_success_gated_runtime_tail_once
        PASS [   0.053s] (2486/5512) phase-engine game::effects::force_attack::tests::parent_target_slot_defender_illegal_at_resolution_creates_no_requirement
        PASS [   0.147s] (2487/5512) phase-engine game::effects::forage::tests::forage_exile_only_prompts_exile_three_from_graveyard
        PASS [   0.060s] (2488/5512) phase-engine game::effects::force_block::tests::force_block_active_source_attacker_grants_must_block_attacker
        PASS [   0.067s] (2489/5512) phase-engine game::effects::force_attack::tests::parent_target_slot_defender_classifies_from_chain_root
        PASS [   0.066s] (2490/5512) phase-engine game::effects::force_block::tests::force_block_mass_filter_applies_to_all_matching_creatures
        PASS [   0.070s] (2491/5512) phase-engine game::effects::force_attack::tests::parent_target_slot_object_defender_resolves_to_permanent
        PASS [   0.100s] (2492/5512) phase-engine game::effects::force_attack::tests::force_attack_resolves_chosen_required_player
        PASS [   0.048s] (2493/5512) phase-engine game::effects::force_block::tests::force_block_multiple_targets
        PASS [   0.047s] (2494/5512) phase-engine game::effects::force_block::tests::force_block_named_attacker_not_yet_attacking_records_the_requirement
        PASS [   0.052s] (2495/5512) phase-engine game::effects::force_block::tests::force_block_unresolved_named_attacker_records_nothing_but_logs
        PASS [   0.052s] (2496/5512) phase-engine game::effects::force_block::tests::force_block_without_active_source_attacker_grants_generic_must_block
        PASS [   0.420s] (2497/5512) phase-engine game::effects::flip_coin::tests::flip_coins_continues_after_token_branch_returns_priority
        PASS [   0.044s] (2498/5512) phase-engine game::effects::free_cast_from_zones::tests::member_pool_filter_recurses_through_its_two_direct_nested_carriers
        PASS [   0.065s] (2499/5512) phase-engine game::effects::force_block::tests::tolsimir_attack_trigger_binds_the_wolf_not_tolsimir
        PASS [   0.070s] (2500/5512) phase-engine game::effects::free_cast_from_zones::dandan_read_sweep_tests::the_graveyard_candidates_come_from_the_shared_pile
        PASS [   0.064s] (2501/5512) phase-engine game::effects::free_cast_from_zones::tests::candidate_projections_isolate_rejected_and_face_swapped_siblings
        PASS [   0.061s] (2502/5512) phase-engine game::effects::free_cast_from_zones::tests::gathers_instant_sorcery_from_graveyard_and_hand
        PASS [   0.072s] (2503/5512) phase-engine game::effects::free_cast_from_zones::tests::empty_member_pool_retains_invoke_calamity_controller_zone_scan
        PASS [   0.051s] (2504/5512) phase-engine game::effects::free_cast_from_zones::tests::no_candidates_skips_the_pause
        PASS [   0.116s] (2505/5512) phase-engine game::effects::force_block::tests::force_block_stale_named_attacker_records_nothing_but_logs
        PASS [   0.077s] (2506/5512) phase-engine game::effects::free_cast_from_zones::tests::member_pool_keeps_exact_opponent_graveyard_targets_without_substitutes
        PASS [   0.069s] (2507/5512) phase-engine game::effects::free_cast_from_zones::tests::mv_budget_excludes_over_budget_candidates
        PASS [   0.394s] (2508/5512) phase-engine game::effects::flip_coin::tests::unleash_the_flux_runtime_loss_repeats_win_stops
        PASS [   0.064s] (2509/5512) phase-engine game::effects::free_cast_from_zones::tests::opens_window_with_candidates
        PASS [   0.065s] (2510/5512) phase-engine game::effects::free_cast_from_zones::tests::opponent_cards_are_not_candidates
        PASS [   0.055s] (2511/5512) phase-engine game::effects::gain_activated_abilities::tests::all_other_grant_from_exiled_source_transfers_and_excludes_granting_ability
        PASS [   0.059s] (2512/5512) phase-engine game::effects::gain_activated_abilities::tests::donor_controlled_by_opponent_still_grants
        PASS [   0.082s] (2513/5512) phase-engine game::effects::gain_activated_abilities::tests::all_other_scope_grants_triggered_ability_but_activated_only_does_not
        PASS [   0.096s] (2514/5512) phase-engine game::effects::free_cast_from_zones::tests::targeted_candidate_projection_uses_one_baseline_without_target_fallback
        PASS [   0.064s] (2515/5512) phase-engine game::effects::gain_activated_abilities::tests::group_recipient_grants_to_each_matching_object_only
        PASS [   0.058s] (2516/5512) phase-engine game::effects::gain_activated_abilities::tests::group_recipient_resolves_against_ability_controller_when_source_controller_changed
        PASS [   0.078s] (2517/5512) phase-engine game::effects::gain_activated_abilities::tests::donor_without_activated_abilities_resolves_cleanly
        PASS [   0.085s] (2518/5512) phase-engine game::effects::gain_activated_abilities::tests::grant_reverts_at_cleanup
        PASS [   0.115s] (2519/5512) phase-engine game::effects::gain_activated_abilities::tests::all_other_snapshot_is_fixed_and_excludes_post_grant_trigger
        PASS [   0.055s] (2520/5512) phase-engine game::effects::gain_activated_abilities::tests::two_sequential_grants_accumulate_independently
        PASS [   0.089s] (2521/5512) phase-engine game::effects::gain_activated_abilities::tests::group_recipient_resolves_against_ability_controller_when_source_left_play
        PASS [   0.087s] (2522/5512) phase-engine game::effects::gain_activated_abilities::tests::self_grant_copies_donor_ability_and_activates_from_recipient
        PASS [   0.093s] (2523/5512) phase-engine game::effects::gain_activated_abilities::tests::snapshot_is_fixed_at_resolution_not_live_rescanned
        PASS [   0.059s] (2524/5512) phase-engine game::effects::gain_control::tests::gain_control_creates_transient_effect
        PASS [   0.065s] (2525/5512) phase-engine game::effects::gain_control::tests::gain_control_all_takes_every_matching_artifact_of_target_player
        PASS [   0.050s] (2526/5512) phase-engine game::effects::gain_control::tests::gain_control_nonexistent_target_returns_error
        PASS [   0.067s] (2527/5512) phase-engine game::effects::gain_control::tests::gain_control_for_as_long_as_tapped_ends_when_source_leaves_battlefield
        PASS [   0.055s] (2528/5512) phase-engine game::effects::gain_control::tests::give_control_prefers_chosen_object_over_live_event_context
        PASS [   0.132s] (2529/5512) phase-engine game::effects::gain_activated_abilities::tests::self_referential_cost_binds_to_recipient_not_donor
        PASS [   0.074s] (2530/5512) phase-engine game::effects::gain_control::tests::give_control_derives_single_opponent_recipient
        PASS [   0.094s] (2531/5512) phase-engine game::effects::gain_control::tests::gain_control_layer_pipeline_transfers_control
        PASS [   0.068s] (2532/5512) phase-engine game::effects::gain_control::tests::give_control_rejects_ambiguous_opponent_recipient
        PASS [   0.081s] (2533/5512) phase-engine game::effects::gain_control::tests::give_control_layer_pipeline_transfers_to_recipient
        PASS [   0.061s] (2534/5512) phase-engine game::effects::gain_control::tests::give_control_scoped_player_uses_active_player_binding
        PASS [   0.050s] (2535/5512) phase-engine game::effects::gain_control::tests::give_control_triggering_player_recipient_resolves_from_damage_dealt_event
        PASS [   0.057s] (2536/5512) phase-engine game::effects::gain_control::tests::give_control_to_the_right_skips_eliminated_neighbor
        PASS [   0.062s] (2537/5512) phase-engine game::effects::gain_control::tests::give_control_to_player_to_the_right_targets_previous_seat
        PASS [   0.053s] (2538/5512) phase-engine game::effects::gain_control::tests::give_control_triggering_player_recipient_resolves_from_event
        PASS [   0.045s] (2539/5512) phase-engine game::effects::gift_delivery::tests::gift_card_noop_when_not_promised
        PASS [   0.050s] (2540/5512) phase-engine game::effects::gift_delivery::tests::gift_extra_turn_queues_nothing_when_not_promised
        PASS [   0.066s] (2541/5512) phase-engine game::effects::gift_delivery::tests::gift_card_noops_for_eliminated_recipient
        PASS [   0.063s] (2542/5512) phase-engine game::effects::gift_delivery::tests::gift_extra_turn_queues_a_turn_for_the_recipient
        PASS [   0.069s] (2543/5512) phase-engine game::effects::gift_delivery::tests::gift_card_uses_source_object_recipient_when_context_is_absent
        PASS [   0.072s] (2544/5512) phase-engine game::effects::gift_delivery::tests::gift_card_opponent_draws_when_promised
        PASS [   0.093s] (2545/5512) phase-engine game::effects::gain_control::tests::issue_1987_give_control_self_ref_with_empty_targets_transfers_source
        PASS [   0.097s] (2546/5512) phase-engine game::effects::gain_control::tests::issue_564_gain_control_self_ref_uses_chosen_opponent
        PASS [   0.049s] (2547/5512) phase-engine game::effects::gift_delivery::tests::gift_food_creates_food_token_for_opponent
        PASS [   0.045s] (2548/5512) phase-engine game::effects::gift_delivery::tests::gift_tapped_fish_creates_tapped_token
        PASS [   0.070s] (2549/5512) phase-engine game::effects::goad::tests::goad_marks_creature_with_goading_player
        PASS [   0.075s] (2550/5512) phase-engine game::effects::goad::tests::goad_emits_effect_resolved
        PASS [   0.073s] (2551/5512) phase-engine game::effects::goad::tests::goad_nonexistent_target_is_skipped
        PASS [   0.080s] (2552/5512) phase-engine game::effects::goad::tests::goad_multiple_players
        PASS [   0.089s] (2553/5512) phase-engine game::effects::gift_delivery::tests::gift_treasure_creates_token_for_opponent
        PASS [   0.065s] (2554/5512) phase-engine game::effects::goad::tests::goad_same_player_twice_is_idempotent
        PASS [   0.091s] (2555/5512) phase-engine game::effects::goad::tests::goad_all_marks_matching_creatures_without_explicit_targets
        PASS [  15.100s] (2556/5512) phase-engine game::casting::tests::witherbloom_card_object_has_flying_and_deathtouch
        PASS [   0.043s] (2557/5512) phase-engine game::effects::grant_extra_loyalty_activations::tests::grants_one_extra_loyalty_activation_to_controller
        PASS [   0.044s] (2558/5512) phase-engine game::effects::grant_permission::tests::cleanup_prune_retains_until_next_end_step_permissions
        PASS [   0.045s] (2559/5512) phase-engine game::effects::grant_extra_loyalty_activations::tests::zero_amount_is_no_op
        PASS [   0.056s] (2560/5512) phase-engine game::effects::grant_permission::tests::end_step_prune_only_removes_matching_grantee_and_variant
        PASS [   0.078s] (2561/5512) phase-engine game::effects::grant_permission::tests::becomes_foretold_grant_derives_cost_and_falls_back_to_source
        PASS [   0.078s] (2562/5512) phase-engine game::effects::grant_permission::tests::end_step_prune_runs_before_triggers_so_new_grants_survive
        PASS [   0.091s] (2563/5512) phase-engine game::effects::grant_extra_loyalty_activations::tests::stacks_across_multiple_activations
        PASS [   0.047s] (2564/5512) phase-engine game::effects::grant_permission::tests::grantee_parent_target_controller_binds_to_player_target
        PASS [   0.057s] (2565/5512) phase-engine game::effects::grant_permission::tests::parent_target_controller_any_mana_allows_off_color_cast_payment
        PASS [   0.051s] (2566/5512) phase-engine game::effects::grant_permission::tests::plotted_permission_stamps_turn_and_emits_event
        PASS [   0.274s] (2567/5512) phase-engine game::effects::gain_control::tests::shield_broker_etb_places_counter_and_transfers_control
        PASS [   0.116s] (2568/5512) phase-engine game::effects::grant_permission::tests::grantee_ability_controller_binds_to_caster
        PASS [   0.104s] (2569/5512) phase-engine game::effects::grant_permission::tests::grantee_object_owner_binds_per_target_to_owner
        PASS [   0.056s] (2570/5512) phase-engine game::effects::grant_permission::tests::rocco_end_step_grant_writes_until_next_end_step_permission
        PASS [   0.085s] (2571/5512) phase-engine game::effects::grant_permission::tests::plotted_permission_uses_parent_target_not_source_when_targets_are_present
        PASS [   0.072s] (2572/5512) phase-engine game::effects::grant_permission::tests::same_source_exile_invalidation_replaces_prior_permission
        PASS [   0.219s] (2573/5512) phase-engine game::effects::goad::tests::maximum_carnage_chapter_one_creates_requirements_without_goading
        PASS [   0.075s] (2574/5512) phase-engine game::effects::grant_permission::tests::single_use_play_from_exile_grant_stamps_tracked_set_group
        PASS [   0.076s] (2575/5512) phase-engine game::effects::grant_permission::tests::untap_prune_retains_until_next_end_step_permissions
        PASS [   0.071s] (2576/5512) phase-engine game::effects::harness::tests::harness_is_idempotent
        PASS [   0.107s] (2577/5512) phase-engine game::effects::grant_permission::tests::rocco_end_step_prune_uses_effect_controller_not_object_owner
        PASS [   0.061s] (2578/5512) phase-engine game::effects::heist_tests::heist_clamps_look_count_to_available_nonland_pool
        PASS [   0.042s] (2579/5512) phase-engine game::effects::heist_tests::heist_exile_finalizer_skips_a_card_that_left_the_library
        PASS [   0.076s] (2580/5512) phase-engine game::effects::heist_tests::heist_exile_finalizer_exiles_chosen_face_down_links_and_grants
        PASS [   0.093s] (2581/5512) phase-engine game::effects::harness::tests::harness_sets_designation
        PASS [   0.048s] (2582/5512) phase-engine game::effects::incubate::tests::incubate_paused_counter_replacement_defers_zone_changed_until_resolved
        PASS [   0.090s] (2583/5512) phase-engine game::effects::heist_tests::heist_with_no_nonland_cards_is_a_noop
        PASS [   0.067s] (2584/5512) phase-engine game::effects::incubate::tests::incubate_records_zone_change_for_etb_triggers
        PASS [   0.096s] (2585/5512) phase-engine game::effects::heist_tests::heist_offers_random_nonland_candidates_from_opponent_library
        PASS [   0.083s] (2586/5512) phase-engine game::effects::incubate::tests::incubate_creates_artifact_token_with_counters
        PASS [   0.059s] (2587/5512) phase-engine game::effects::incubate::tests::incubate_zero_creates_token_without_counters
        PASS [   0.043s] (2588/5512) phase-engine game::effects::intensify_tests::owned_same_name_intensifies_every_copy_across_zones
        PASS [   0.039s] (2589/5512) phase-engine game::effects::intensify_tests::owned_subtype_intensifies_every_matching_card
        PASS [   0.090s] (2590/5512) phase-engine game::effects::incubate::tests::incubate_multiple_creates_separate_tokens
        PASS [   0.079s] (2591/5512) phase-engine game::effects::incubate::tests::sunfall_incubates_once_for_each_creature_exiled_this_way
        PASS [   0.041s] (2592/5512) phase-engine game::effects::intensify_tests::starting_intensity_is_stamped_from_the_keyword_once
        PASS [   0.050s] (2593/5512) phase-engine game::effects::intensify_tests::source_scope_intensifies_only_the_source
        PASS [   0.047s] (2594/5512) phase-engine game::effects::learn::tests::learn_with_empty_hand_auto_skips
        PASS [   0.600s] (2595/5512) phase-engine game::effects::gain_control::tests::bucknards_everfull_purse_full_chain_rolls_treasures_and_passes_right
        PASS [   0.055s] (2596/5512) phase-engine game::effects::life::tests::apply_damage_life_loss_short_circuits_on_cant_lose
        PASS [   0.049s] (2597/5512) phase-engine game::effects::life::tests::apply_life_gain_reports_interactive_substitution_continuation
        PASS [   0.063s] (2598/5512) phase-engine game::effects::learn::tests::learn_with_cards_sets_waiting_for
        PASS [   0.033s] (2599/5512) phase-engine game::effects::life::tests::each_opponent_loses_own_life_lost_uses_scoped_player
        PASS [   0.056s] (2600/5512) phase-engine game::effects::life::tests::cant_gain_life_only_affects_matching_player
        PASS [   0.038s] (2601/5512) phase-engine game::effects::life::tests::gain_life_blocked_by_cant_gain_life
        PASS [   0.070s] (2602/5512) phase-engine game::effects::life::tests::apply_life_gain_short_circuits_on_cant_gain
        PASS [   0.157s] (2603/5512) phase-engine game::effects::incubate::tests::incubate_token_fires_another_permanent_enters_trigger
        PASS [   0.050s] (2604/5512) phase-engine game::effects::life::tests::gain_life_emits_positive_life_changed
        PASS [   0.063s] (2605/5512) phase-engine game::effects::life::tests::gain_life_increases_controller_life
        PASS [   0.047s] (2606/5512) phase-engine game::effects::life::tests::life_changed_reports_the_total_after_each_individual_change
        PASS [   0.064s] (2607/5512) phase-engine game::effects::life::tests::gain_life_scaling_shape_modifies_amount_does_not_substitute
        PASS [   0.060s] (2608/5512) phase-engine game::effects::life::tests::interactive_gain_life_substitution_defers_original_completion
        PASS [   0.073s] (2609/5512) phase-engine game::effects::life::tests::gain_life_target_player_uses_declared_target
        PASS [   0.051s] (2610/5512) phase-engine game::effects::life::tests::lose_life_amount_target_relative_life_lost_this_turn
        PASS [   0.075s] (2611/5512) phase-engine game::effects::life::tests::genesis_each_opponent_loses_life_drains_opponent
        PASS [   0.040s] (2612/5512) phase-engine game::effects::life::tests::lose_life_blocked_by_cant_lose_life
        PASS [   0.090s] (2613/5512) phase-engine game::effects::life::tests::lich_gain_life_substituted_by_draw_cards_instead
        PASS [   0.049s] (2614/5512) phase-engine game::effects::life::tests::lose_life_emits_negative_life_changed
        PASS [   0.050s] (2615/5512) phase-engine game::effects::life::tests::lose_life_parent_target_controller_uses_attack_event_source
        PASS [   0.100s] (2616/5512) phase-engine game::effects::life::tests::life_total_assignment_resumes_tail_after_replacement_choice
        PASS [   0.059s] (2617/5512) phase-engine game::effects::life::tests::lose_life_decreases_target_life
        PASS [   0.069s] (2618/5512) phase-engine game::effects::life::tests::lose_life_controller_filter_does_not_inherit_parent_player_target
        PASS [   0.053s] (2619/5512) phase-engine game::effects::life::tests::set_life_total_blocked_by_both_locks
        PASS [   0.052s] (2620/5512) phase-engine game::effects::life::tests::set_life_total_both_directions_without_locks
        PASS [   0.057s] (2621/5512) phase-engine game::effects::life::tests::player_scope_opponent_lose_life_targets_each_opponent
        PASS [   0.057s] (2622/5512) phase-engine game::effects::life::tests::set_life_total_all_players_sets_every_player_no_target
        PASS [   0.101s] (2623/5512) phase-engine game::effects::life::tests::lose_life_attached_to_resolves_player_host
        PASS [   0.657s] (2624/5512) phase-engine game::effects::gain_control::tests::issue_1987_bucknards_parsed_ability_chain_shape
        PASS [   0.055s] (2625/5512) phase-engine game::effects::mana::tests::any_combination_of_object_colors_uses_target_colors_and_empty_when_colorless
        PASS [   0.048s] (2626/5512) phase-engine game::effects::mana::tests::any_one_color_effect_prompts_when_multiple_options
        PASS [   0.079s] (2627/5512) phase-engine game::effects::life::tests::set_life_total_downward_blocked_by_cant_lose_only
        PASS [   0.062s] (2628/5512) phase-engine game::effects::mana::tests::any_combination_effect_prompts_and_resumes_sub_ability
        PASS [   0.053s] (2629/5512) phase-engine game::effects::mana::tests::any_type_produceable_by_includes_colorless
        PASS [   0.069s] (2630/5512) phase-engine game::effects::mana::tests::any_type_produceable_by_empty_union_produces_nothing
        PASS [   0.080s] (2631/5512) phase-engine game::effects::mana::tests::any_combination_effect_rejects_wrong_choice_count
        PASS [   0.085s] (2632/5512) phase-engine game::effects::life::tests::skemfar_shadowsage_gain_life_mode_uses_shared_creature_type_count
        PASS [   0.071s] (2633/5512) phase-engine game::effects::mana::tests::any_type_produceable_by_recursive_yields_empty
        PASS [   0.089s] (2634/5512) phase-engine game::effects::life::tests::set_life_total_upward_blocked_by_cant_gain_only
        PASS [   0.071s] (2635/5512) phase-engine game::effects::mana::tests::any_type_produceable_by_you_control_unions_types
        PASS [   0.061s] (2636/5512) phase-engine game::effects::mana::tests::chosen_color_count_derivation_independent_of_color
        PASS [   0.040s] (2637/5512) phase-engine game::effects::mana::tests::exotic_orchard_with_opponent_reflecting_pool_no_panic
        PASS [   0.066s] (2638/5512) phase-engine game::effects::mana::tests::colorless_production_counts_creatures_sharing_type_with_triggering_source
        PASS [   0.072s] (2639/5512) phase-engine game::effects::mana::tests::chosen_color_unresolved_is_noop
        PASS [   0.077s] (2640/5512) phase-engine game::effects::mana::tests::chosen_color_resolves_from_object_attribute
        PASS [   0.078s] (2641/5512) phase-engine game::effects::mana::tests::chosen_player_mana_prompt_and_deposit_go_to_the_recipient
        PASS [   0.044s] (2642/5512) phase-engine game::effects::mana::tests::firebending_marker_does_not_record_firebend_for_zero_mana
        PASS [   0.059s] (2643/5512) phase-engine game::effects::mana::tests::empty_produced_adds_no_mana
        PASS [   0.064s] (2644/5512) phase-engine game::effects::mana::tests::emits_effect_resolved
        PASS [   0.090s] (2645/5512) phase-engine game::effects::mana::tests::chosen_color_dynamic_count_reads_current_named_choice
        PASS [   0.064s] (2646/5512) phase-engine game::effects::mana::tests::emits_mana_added_per_unit
        PASS [   0.069s] (2647/5512) phase-engine game::effects::mana::tests::context_ref_recipient_with_real_count_source_reads_the_count_slot
        PASS [   0.042s] (2648/5512) phase-engine game::effects::mana::tests::firebending_marker_records_firebend_when_mana_is_produced
        PASS [   0.044s] (2649/5512) phase-engine game::effects::mana::tests::grants_flow_through_to_mana_unit
        PASS [   0.056s] (2650/5512) phase-engine game::effects::mana::tests::gate_land_mana_ability_offers_fixed_or_chosen
        PASS [   0.059s] (2651/5512) phase-engine game::effects::mana::tests::opponent_land_colors_prompts_choice_when_multiple_colors_available
        PASS [   0.069s] (2652/5512) phase-engine game::effects::mana::tests::mana_units_track_source
        PASS [   0.065s] (2653/5512) phase-engine game::effects::mana::tests::opponent_land_colors_produces_from_opponent_lands
        PASS [   0.067s] (2654/5512) phase-engine game::effects::mana::tests::opponent_land_colors_no_opponent_lands_produces_nothing
        PASS [   0.042s] (2655/5512) phase-engine game::effects::mana::tests::produce_colorless_mana
        PASS [   0.040s] (2656/5512) phase-engine game::effects::mana::tests::produce_empty_is_noop
        PASS [   0.082s] (2657/5512) phase-engine game::effects::mana::tests::mana_role_separates_recipient_from_count_source
        PASS [   0.080s] (2658/5512) phase-engine game::effects::mana::tests::opponent_land_colors_mirror_exotic_orchard_no_recursion
        PASS [   0.092s] (2659/5512) phase-engine game::effects::mana::tests::illegal_recipient_target_deposits_no_mana_anywhere
        PASS [   0.036s] (2660/5512) phase-engine game::effects::mana::tests::produce_single_red_mana
        PASS [   0.041s] (2661/5512) phase-engine game::effects::mana::tests::produce_multi_color_fixed
        PASS [   0.066s] (2662/5512) phase-engine game::effects::mana::tests::produce_event_context_amount_of_one_color
        PASS [   0.058s] (2663/5512) phase-engine game::effects::mana::tests::produce_multiple_of_same_color
        PASS [   0.062s] (2664/5512) phase-engine game::effects::mana::tests::restriction_chosen_creature_type_drops_when_no_choice
        PASS [   0.053s] (2665/5512) phase-engine game::effects::mana::tests::target_player_recipient_mana_carries_spend_restriction
        PASS [   0.067s] (2666/5512) phase-engine game::effects::mana::tests::restriction_chosen_creature_type_resolves_from_source
        PASS [   0.061s] (2667/5512) phase-engine game::effects::mana::tests::target_player_recipient_deposits_into_the_target_not_controller
        PASS [   0.039s] (2668/5512) phase-engine game::effects::manifest::tests::manifest_multiple_cards
        PASS [   0.082s] (2669/5512) phase-engine game::effects::mana::tests::restriction_spell_type_attaches_to_produced_mana
        PASS [   0.074s] (2670/5512) phase-engine game::effects::manifest::tests::manifest_empty_library_does_nothing
        PASS [   0.053s] (2671/5512) phase-engine game::effects::manifest::tests::manifest_parent_target_controller_falls_back_to_effect_context_object
        PASS [   0.080s] (2672/5512) phase-engine game::effects::manifest::tests::manifest_more_than_library_manifests_available
        PASS [   0.057s] (2673/5512) phase-engine game::effects::manifest::tests::manifest_single_card
        PASS [   0.028s] (2674/5512) phase-engine game::effects::manifest_dread::tests::manifest_dread_sets_waiting_for_with_top_2
        PASS [   0.057s] (2675/5512) phase-engine game::effects::manifest::tests::manifest_with_profile_and_controller_override
        PASS [   0.081s] (2676/5512) phase-engine game::effects::manifest::tests::manifest_parent_target_controller_uses_target_owners_library
        PASS [   0.056s] (2677/5512) phase-engine game::effects::manifest_dread::tests::manifest_dread_engine_roundtrip_manifests_selected_graves_other
        PASS [   0.075s] (2678/5512) phase-engine game::effects::manifest::tests::manifest_without_overrides_is_vanilla_under_owner
        PASS [   0.051s] (2679/5512) phase-engine game::effects::manifest_dread::tests::manifest_dread_single_card_auto_manifests
        PASS [   0.093s] (2680/5512) phase-engine game::effects::manifest_dread::tests::manifest_dread_empty_library_does_nothing
        PASS [   0.125s] (2681/5512) phase-engine game::effects::manifest::tests::manifest_triggering_player_uses_damaged_players_library
        PASS [   0.075s] (2682/5512) phase-engine game::effects::mill::tests::apply_mill_after_replacement_reports_per_card_pause_to_caller
        PASS [   0.053s] (2683/5512) phase-engine game::effects::mill::tests::mill_negative_count_clamps_to_zero
        PASS [   0.063s] (2684/5512) phase-engine game::effects::mill::tests::mill_3_moves_top_3_from_library_to_graveyard
        PASS [   0.083s] (2685/5512) phase-engine game::effects::mill::tests::a_replacement_that_returns_the_card_to_the_library_is_not_a_mill
        PASS [   0.066s] (2686/5512) phase-engine game::effects::mill::tests::mill_emits_the_action_event_only_for_a_graveyard_destination
        PASS [   0.045s] (2687/5512) phase-engine game::effects::mill::tests::mill_with_empty_library_does_nothing
        PASS [   0.054s] (2688/5512) phase-engine game::effects::mill::tests::mill_with_fewer_cards_than_requested_mills_available
        PASS [   0.171s] (2689/5512) phase-engine game::effects::manifest_dread::tests::manifest_dread_continuation_executes_after_choice
        PASS [   0.130s] (2690/5512) phase-engine game::effects::mill::tests::a_mill_rider_in_the_same_window_stamps_each_card_exactly_once
        PASS [   0.073s] (2691/5512) phase-engine game::effects::mill::tests::opponent_mill_replacement_does_not_apply_to_controller_mill
        PASS [   0.087s] (2692/5512) phase-engine game::effects::mill::tests::opponent_mill_replacement_doubles_resolved_mill_count
        PASS [   0.059s] (2693/5512) phase-engine game::effects::mill::tests::renegade_reaper_gains_life_only_when_angel_milled
        PASS [   0.092s] (2694/5512) phase-engine game::effects::mill::tests::player_scope_controller_count_scope_remains_caster_perspective
        PASS [   0.089s] (2695/5512) phase-engine game::effects::mill::tests::player_scope_opponent_mill_targets_each_opponent_not_controller
        PASS [   0.087s] (2696/5512) phase-engine game::effects::mill::tests::player_scope_opponent_mill_targets_each_opponent_three_player_apnap
        PASS [   0.087s] (2697/5512) phase-engine game::effects::mill::tests::player_scope_repeat_binds_each_mill_to_its_own_player_and_destination
        PASS [   0.066s] (2698/5512) phase-engine game::effects::monstrosity::tests::monstrosity_emits_effect_resolved_event
        PASS [   0.119s] (2699/5512) phase-engine game::effects::mill::tests::player_scope_opponent_mill_half_their_library_uses_iterated_library
        PASS [   0.067s] (2700/5512) phase-engine game::effects::monstrosity::tests::monstrosity_places_counters_and_sets_monstrous
        PASS [   0.084s] (2701/5512) phase-engine game::effects::monstrosity::tests::monstrosity_does_nothing_if_already_monstrous
        PASS [   0.039s] (2702/5512) phase-engine game::effects::opponent_guess::tests::references_target_scope_ignores_source_scope
        PASS [   0.064s] (2703/5512) phase-engine game::effects::monstrosity::tests::monstrous_clears_on_zone_change
        PASS [   0.057s] (2704/5512) phase-engine game::effects::overload::tests::bounce_becomes_bounce_all_with_destination_preserved
        PASS [   0.035s] (2705/5512) phase-engine game::effects::overload::tests::counter_preserved_unchanged
        PASS [   0.049s] (2706/5512) phase-engine game::effects::overload::tests::change_zone_self_ref_not_promoted
        PASS [   0.094s] (2707/5512) phase-engine game::effects::opponent_guess::tests::references_target_scope_detects_offset_wrapping_target_ref
        PASS [   0.098s] (2708/5512) phase-engine game::effects::opponent_guess::tests::references_target_scope_detects_sum_containing_target_ref
        PASS [   0.064s] (2709/5512) phase-engine game::effects::overload::tests::destroy_becomes_destroy_all
        PASS [   0.084s] (2710/5512) phase-engine game::effects::overload::tests::change_zone_becomes_change_zone_all
        PASS [   0.072s] (2711/5512) phase-engine game::effects::overload::tests::deal_damage_becomes_damage_all
        PASS [   0.059s] (2712/5512) phase-engine game::effects::overload::tests::mizzix_overload_tree_transforms_target_but_preserves_self_exile
        PASS [   0.056s] (2713/5512) phase-engine game::effects::overload::tests::pump_becomes_pump_all
        PASS [   0.056s] (2714/5512) phase-engine game::effects::overload::tests::tap_becomes_tap_all
        PASS [   0.062s] (2715/5512) phase-engine game::effects::paradigm::tests::arm_paradigm_primes_once_per_name
        PASS [   0.088s] (2716/5512) phase-engine game::effects::overload::tests::recurses_into_sub_ability
        PASS [   0.157s] (2717/5512) phase-engine game::effects::opponent_guess::tests::resolve_skips_guess_for_composed_target_scope_proposition_with_no_object_target
        PASS [   0.052s] (2718/5512) phase-engine game::effects::paradigm::tests::offers_scoped_to_player
        PASS [   0.063s] (2719/5512) phase-engine game::effects::paradigm::tests::cast_paradigm_copy_re_offers_remaining_sources
        PASS [   0.071s] (2720/5512) phase-engine game::effects::paradigm::tests::flush_pending_remaining_offers_resumes_cast_offer_at_priority
        PASS [   0.104s] (2721/5512) phase-engine game::effects::paradigm::tests::decorum_dissertation_combined_spell_chain_includes_draw_and_lose_life
        PASS [   0.101s] (2722/5512) phase-engine game::effects::paradigm::tests::paradigm_copy_resolves_draw_and_lose_life_chain
        PASS [   0.069s] (2723/5512) phase-engine game::effects::pay::tests::ability_cost_discard_choice_drains_continuation
        PASS [   0.073s] (2724/5512) phase-engine game::effects::paradigm::tests::waiting_after_accepted_offer_re_offers_remaining_sources
        PASS [   0.103s] (2725/5512) phase-engine game::effects::paradigm::tests::paradigm_not_primed_when_arm_not_called
        PASS [   0.073s] (2726/5512) phase-engine game::effects::pay::tests::ability_cost_random_discard_fails_instead_of_silent_paid
        PASS [   0.085s] (2727/5512) phase-engine game::effects::paradigm::tests::second_paradigm_primes_when_first_was_countered
        PASS [   1.369s] (2728/5512) phase-engine game::effects::gain_control::tests::issue_1335_kain_full_chain_transfers_control_and_riders
        PASS [   0.139s] (2729/5512) phase-engine game::effects::paradigm::tests::paradigm_copy_resets_cast_payment_stamps
        PASS [   0.061s] (2730/5512) phase-engine game::effects::pay::tests::composite_life_and_energy_payment_fails_when_energy_insufficient
        PASS [   0.105s] (2731/5512) phase-engine game::effects::pay::tests::ability_cost_discard_payment_enters_discard_choice
        PASS [   0.046s] (2732/5512) phase-engine game::effects::pay::tests::composite_life_and_energy_payment_pays_both_costs
        PASS [   0.036s] (2733/5512) phase-engine game::effects::pay::tests::composite_mana_and_life_payment_prechecks_before_mutating
        PASS [   0.040s] (2734/5512) phase-engine game::effects::pay::tests::energy_payment_stamps_last_effect_count
        PASS [   0.133s] (2735/5512) phase-engine game::effects::pay::tests::composite_discard_choice_does_not_pay_following_cost_before_choice
        PASS [   0.078s] (2736/5512) phase-engine game::effects::pay::tests::deferred_phyrexian_payment_resumes_composite_suffix_before_rider
        PASS [   0.058s] (2737/5512) phase-engine game::effects::pay::tests::life_payment_deducts_life
        PASS [   0.060s] (2738/5512) phase-engine game::effects::pay::tests::life_payment_fails_when_insufficient
        PASS [   0.095s] (2739/5512) phase-engine game::effects::pay::tests::direct_resolution_mana_payment_rejects_activation_only_mana
        PASS [   0.035s] (2740/5512) phase-engine game::effects::pay::tests::mana_payment_fails_when_insufficient
        PASS [   0.093s] (2741/5512) phase-engine game::effects::pay::tests::energy_payment_deducts_energy
        PASS [   0.090s] (2742/5512) phase-engine game::effects::pay::tests::energy_payment_fails_when_insufficient
        PASS [   0.075s] (2743/5512) phase-engine game::effects::pay::tests::life_payment_blocked_by_cant_lose_life
        PASS [   0.074s] (2744/5512) phase-engine game::effects::pay::tests::mana_payment_deducts_from_pool
        PASS [   0.127s] (2745/5512) phase-engine game::effects::pay::tests::composite_mana_and_life_payment_pays_both_costs
        PASS [   0.062s] (2746/5512) phase-engine game::effects::pay::tests::minds_aglow_caster_alone_pays_all
        PASS [   0.060s] (2747/5512) phase-engine game::effects::pay::tests::minds_aglow_refusal_path_zero_total_zero_draws
        PASS [   0.078s] (2748/5512) phase-engine game::effects::pay::tests::minds_aglow_four_player_loop_each_draws_total
        PASS [   0.038s] (2749/5512) phase-engine game::effects::pay::tests::pay_any_amount_of_life_optional_then_draw_that_many
        PASS [   0.031s] (2750/5512) phase-engine game::effects::pay::tests::pay_any_amount_of_life_pauses_for_choice
        PASS [   0.083s] (2751/5512) phase-engine game::effects::pay::tests::pay_any_amount_life_max_off_team_is_individual
        PASS [   0.086s] (2752/5512) phase-engine game::effects::pay::tests::pay_any_amount_life_max_is_team_total_in_2hg
        PASS [   0.035s] (2753/5512) phase-engine game::effects::pay::tests::pay_any_amount_of_life_under_lock_submit_zero_draws_zero
        PASS [   0.079s] (2754/5512) phase-engine game::effects::pay::tests::pay_any_amount_of_energy_pauses_for_choice
        PASS [   0.078s] (2755/5512) phase-engine game::effects::pay::tests::pay_any_amount_of_life_clamps_max_under_cant_lose_life
        PASS [   0.096s] (2756/5512) phase-engine game::effects::pay::tests::nested_pause_prepend_carries_first_pause_trigger_context
        PASS [   0.112s] (2757/5512) phase-engine game::effects::pay::tests::minds_aglow_starting_with_you_overrides_apnap
        PASS [   0.043s] (2758/5512) phase-engine game::effects::pay::tests::pay_x_mana_from_life_gain_trigger_draws_chosen_x_cards
        PASS [   0.121s] (2759/5512) phase-engine game::effects::pay::tests::pay_amount_game_action_waits_for_interactive_life_replacement
        PASS [   0.054s] (2760/5512) phase-engine game::effects::pay::tests::pay_any_amount_with_zero_energy_max_is_zero
        PASS [   0.065s] (2761/5512) phase-engine game::effects::pay::tests::pay_any_amount_then_deal_that_much_damage_flow
        PASS [   0.051s] (2762/5512) phase-engine game::effects::pay::tests::pay_x_optional_max_capped_by_event_amount_not_player_mana
        PASS [   0.064s] (2763/5512) phase-engine game::effects::pay::tests::pay_x_optional_may_pay_decline_does_not_draw_or_pay
        PASS [   0.057s] (2764/5512) phase-engine game::effects::pay::tests::pay_x_plus_colored_mana_with_payable_fixed_pip_offers_zero_max_choice
        PASS [   0.049s] (2765/5512) phase-engine game::effects::pay::tests::pay_x_plus_colored_mana_with_unpayable_fixed_pip_fails_without_impossible_choice
        PASS [   0.075s] (2766/5512) phase-engine game::effects::pay::tests::pay_x_optional_may_pay_with_if_you_do_draw_full_chain
        PASS [   0.046s] (2767/5512) phase-engine game::effects::pay::tests::power_leak_pattern_declining_payment_still_damages_correct_player
        PASS [   0.047s] (2768/5512) phase-engine game::effects::pay::tests::power_leak_pattern_deals_damage_to_correct_player_across_pay_amount_pause
        PASS [   0.082s] (2769/5512) phase-engine game::effects::pay::tests::pay_x_optional_may_pay_submit_zero_pays_zero_draws_zero
        PASS [   0.065s] (2770/5512) phase-engine game::effects::pay::tests::player_scope_pay_any_mana_accumulates_chosen_x_for_tail
        PASS [   0.097s] (2771/5512) phase-engine game::effects::pay::tests::pay_x_plus_colored_mana_requires_the_colored_pips
        PASS [   0.039s] (2772/5512) phase-engine game::effects::pay::tests::resolution_mana_pay_amount_choice_max_rejects_activation_only_sources
        PASS [   0.052s] (2773/5512) phase-engine game::effects::pay::tests::resolution_pay_energy_stamps_count_despite_stale_failed_flag
        PASS [   0.054s] (2774/5512) phase-engine game::effects::pay::tests::resolution_pay_success_clears_stale_failed_flag
        PASS [   0.098s] (2775/5512) phase-engine game::effects::pay::tests::resolution_ability_pay_life_failure_maps_to_flag
        PASS [   0.089s] (2776/5512) phase-engine game::effects::pay::tests::resolution_ability_pay_life_routes_through_authority
        PASS [   0.065s] (2777/5512) phase-engine game::effects::pay::tests::resolution_pay_energy_fixed_amount_fails_when_insufficient
        PASS [   0.073s] (2778/5512) phase-engine game::effects::pay::tests::resolution_mana_payment_auto_tap_skips_activation_only_source
        PASS [   0.066s] (2779/5512) phase-engine game::effects::pay::tests::resolution_pay_energy_fixed_amount_pays_when_affordable
        PASS [   0.060s] (2780/5512) phase-engine game::effects::pay::tests::resolution_time_ability_mana_cost_rejects_activation_only_mana
        PASS [   0.052s] (2781/5512) phase-engine game::effects::pay::tests::scale_mana_cost_scales_generic
        PASS [   0.053s] (2782/5512) phase-engine game::effects::pay::tests::scale_mana_cost_repeats_colored_pip
        PASS [   0.062s] (2783/5512) phase-engine game::effects::pay::tests::resolution_time_dynamic_mana_cost_pays_resolved_amount
        PASS [   0.036s] (2784/5512) phase-engine game::effects::pay::tests::scale_mana_cost_zero_times_is_empty
        PASS [   0.039s] (2785/5512) phase-engine game::effects::perpetual::tests::perpetual_base_pt_updates_live_pt_after_layer_flush
        PASS [   0.061s] (2786/5512) phase-engine game::effects::pay::tests::trigger_event_amount_for_x_payment_ignores_attackers_declared_count
        PASS [   0.066s] (2787/5512) phase-engine game::effects::pay::tests::warp_artifact_pattern_baseline_unaffected_by_fix
        PASS [   0.056s] (2788/5512) phase-engine game::effects::perpetual::tests::perpetual_grant_keywords_adds_to_object
        PASS [   0.083s] (2789/5512) phase-engine game::effects::perpetual::tests::perpetual_grant_ability_installs_nested_ability_and_survives_layer_flush
        PASS [   0.075s] (2790/5512) phase-engine game::effects::perpetual::tests::perpetual_grant_after_conjure_installs_on_conjured_object_not_source
        PASS [   0.094s] (2791/5512) phase-engine game::effects::perpetual::tests::empty_choose_from_zone_parent_target_perpetual_noops
        PASS [   0.087s] (2792/5512) phase-engine game::effects::perpetual::tests::perpetual_become_updates_types_pt_and_keywords_after_layer_flush
        PASS [   0.056s] (2793/5512) phase-engine game::effects::perpetual::tests::perpetual_grant_keywords_parent_target_overrides_source_only_propagation
        PASS [   0.054s] (2794/5512) phase-engine game::effects::perpetual::tests::perpetual_grant_keywords_survives_layer_flush
        PASS [   0.107s] (2795/5512) phase-engine game::effects::perpetual::tests::perpetual_grant_ability_installs_static_mode
        PASS [   0.067s] (2796/5512) phase-engine game::effects::perpetual::tests::perpetual_grant_keywords_parent_target_uses_stationed_event
        PASS [   0.065s] (2797/5512) phase-engine game::effects::perpetual::tests::perpetual_sets_base_power_toughness_and_records_it
        PASS [   0.074s] (2798/5512) phase-engine game::effects::perpetual::tests::perpetual_parent_target_base_pt_uses_propagated_chain_target
        PASS [   0.051s] (2799/5512) phase-engine game::effects::player_counter::tests::counter_accumulates
        PASS [   0.101s] (2800/5512) phase-engine game::effects::perpetual::tests::perpetual_grant_modify_cost_after_conjure_installs_on_conjured_object_and_reduces_cast_cost
        PASS [   0.092s] (2801/5512) phase-engine game::effects::phase_out::tests::pandorica_reentry_survives_cleanup_and_fires_on_later_untap
        PASS [   0.113s] (2802/5512) phase-engine game::effects::perpetual::tests::perpetual_modify_pt_adds_to_base_and_updates_live_pt
        PASS [   0.082s] (2803/5512) phase-engine game::effects::phase_out::tests::resolve_phase_in_respects_cant_phase_in_lock
        PASS [   0.085s] (2804/5512) phase-engine game::effects::phase_out::tests::phase_in_mass_filter_only_returns_matching_phased_out_objects
        PASS [   0.051s] (2805/5512) phase-engine game::effects::player_counter::tests::emits_counter_changed_event
        PASS [   0.068s] (2806/5512) phase-engine game::effects::player_counter::tests::experience_counter_uses_generic_map
        PASS [   0.238s] (2807/5512) phase-engine game::effects::perpetual::tests::parsed_conjure_its_perpetual_base_pt_binds_conjured_creature
        PASS [   0.049s] (2808/5512) phase-engine game::effects::player_counter::tests::lose_all_is_noop_when_no_counters
        PASS [   0.068s] (2809/5512) phase-engine game::effects::player_counter::tests::lose_all_clears_poison_and_generic_counters
        PASS [   0.074s] (2810/5512) phase-engine game::effects::player_counter::tests::lose_all_emits_per_kind_events
        PASS [   0.059s] (2811/5512) phase-engine game::effects::player_counter::tests::poison_counter_uses_dedicated_field
        PASS [   0.067s] (2812/5512) phase-engine game::effects::player_counter::tests::targeted_player_counter
        PASS [   0.069s] (2813/5512) phase-engine game::effects::player_counter::tests::player_counter_addition_is_prevented_by_global_replacement
        PASS [   0.039s] (2814/5512) phase-engine game::effects::populate::tests::populate_single_token_auto_copies
        PASS [   0.054s] (2815/5512) phase-engine game::effects::prepare::tests::battlefield_exit_clears_prepared_flag
        PASS [   0.072s] (2816/5512) phase-engine game::effects::populate::tests::populate_no_creature_tokens_is_noop
        PASS [   0.066s] (2817/5512) phase-engine game::effects::prepare::tests::become_prepared_idempotent_when_already_prepared
        PASS [   0.046s] (2818/5512) phase-engine game::effects::prepare::tests::become_prepared_parent_target_with_empty_targets_prepares_source
        PASS [   0.050s] (2819/5512) phase-engine game::effects::prepare::tests::become_prepared_noop_without_prepare_face
        PASS [   0.045s] (2820/5512) phase-engine game::effects::prepare::tests::cancel_pending_prepare_copy_restores_prepared_source
        PASS [   0.045s] (2821/5512) phase-engine game::effects::prepare::tests::cast_prepared_copy_requires_payable_mana_cost
        PASS [   0.092s] (2822/5512) phase-engine game::effects::prepare::tests::become_unprepared_cleans_linked_copy_and_is_idempotent
        PASS [   0.349s] (2823/5512) phase-engine game::effects::perpetual::tests::perpetual_grant_ability_rejects_agent_of_raffine_spend_any_color_to_cast_this_spell
        PASS [   0.073s] (2824/5512) phase-engine game::effects::prepare::tests::cast_time_unprepare_happens_before_resolution
        PASS [   0.068s] (2825/5512) phase-engine game::effects::prepare::tests::effect_zone_move_enters_prepared_replacement_marks_permanent
        PASS [   0.074s] (2826/5512) phase-engine game::effects::prepare::tests::enters_prepared_replacement_marks_permanent_before_priority_actions
        PASS [   0.076s] (2827/5512) phase-engine game::effects::prepare::tests::open_copy_target_selection_no_slots_returns_false
        PASS [   0.074s] (2828/5512) phase-engine game::effects::prepare::tests::parse_target_becomes_unprepared
        PASS [   0.034s] (2829/5512) phase-engine game::effects::prepare::tests::prepare_object_flips_and_emits_when_prepare_face_present
        PASS [   0.093s] (2830/5512) phase-engine game::effects::prepare::tests::parse_target_becomes_prepared
        PASS [   0.104s] (2831/5512) phase-engine game::effects::prepare::tests::open_copy_target_selection_arms_copy_retarget_with_legal_alternatives
        PASS [   0.033s] (2832/5512) phase-engine game::effects::prepare::tests::resolve_become_prepared_twice_emits_event_only_once
        PASS [   0.043s] (2833/5512) phase-engine game::effects::prepare::tests::prepared_sorcery_requires_payable_mana_even_at_sorcery_speed
        PASS [   0.069s] (2834/5512) phase-engine game::effects::prepare::tests::prepare_object_noop_without_prepare_face
        PASS [   0.083s] (2835/5512) phase-engine game::effects::prepare::tests::prepared_sorcery_not_castable_during_opponents_main_phase
        PASS [   0.047s] (2836/5512) phase-engine game::effects::prevent_damage::tests::bare_source_of_your_choice_prompt_offers_all_colors
        PASS [   0.054s] (2837/5512) phase-engine game::effects::prepare::tests::unprepare_object_flips_and_emits_event
        PASS [   0.076s] (2838/5512) phase-engine game::effects::prepare::tests::unprepare_and_battlefield_exit_cease_only_the_linked_idle_copy
        PASS [   0.105s] (2839/5512) phase-engine game::effects::prepare::tests::prepared_source_control_change_authorizes_current_controller_only
        PASS [   0.095s] (2840/5512) phase-engine game::effects::prepare::tests::synthesized_prepared_permanent_copy_becomes_token_only_on_resolution
        PASS [   0.283s] (2841/5512) phase-engine game::effects::populate::tests::determined_iteration_populate_chain_snapshots_token_for_delayed_sacrifice
        PASS [   0.069s] (2842/5512) phase-engine game::effects::prevent_damage::tests::circle_of_protection_red_prevents_only_chosen_red_source
        PASS [   0.056s] (2843/5512) phase-engine game::effects::prevent_damage::tests::circle_of_protection_red_prompt_options_are_color_filtered
        PASS [   0.094s] (2844/5512) phase-engine game::effects::prevent_damage::tests::circle_of_protection_red_no_legal_source_is_noop
        PASS [   0.101s] (2845/5512) phase-engine game::effects::prevent_damage::tests::chosen_damage_source_resolves_to_specific_source_and_rechecked_filter
        PASS [   0.427s] (2846/5512) phase-engine game::effects::perpetual::tests::three_tree_battalion_perpetual_duplicate_base_pt_end_to_end
        PASS [   0.060s] (2847/5512) phase-engine game::effects::prevent_damage::tests::combat_damage_scope_sets_combat_only
        PASS [   0.061s] (2848/5512) phase-engine game::effects::prevent_damage::tests::continuation_rider_binds_every_parent_referent
        PASS [   0.048s] (2849/5512) phase-engine game::effects::prevent_damage::tests::continuation_rider_with_a_parent_target_slot_anaphor_is_bound
        PASS [   0.053s] (2850/5512) phase-engine game::effects::prevent_damage::tests::continuation_rider_without_a_parent_anaphor_keeps_empty_targets
        PASS [   0.073s] (2851/5512) phase-engine game::effects::prevent_damage::tests::continuation_rider_pins_its_object_referent_incarnation
        PASS [   0.063s] (2852/5512) phase-engine game::effects::prevent_damage::tests::controller_relative_gate_follows_the_installer_not_the_live_host_controller
        PASS [   0.054s] (2853/5512) phase-engine game::effects::prevent_damage::tests::controller_scoped_instant_prevention_only_prevents_damage_to_controller
        PASS [   0.045s] (2854/5512) phase-engine game::effects::prevent_damage::tests::declared_recipient_without_targets_installs_nothing
        PASS [   0.061s] (2855/5512) phase-engine game::effects::prevent_damage::tests::declared_object_recipient_hosts_self_ref
        PASS [   0.060s] (2856/5512) phase-engine game::effects::prevent_damage::tests::emits_effect_resolved
        PASS [   0.056s] (2857/5512) phase-engine game::effects::prevent_damage::tests::floating_shield_survives_its_source_phasing_out
        PASS [   0.049s] (2858/5512) phase-engine game::effects::prevent_damage::tests::mercenaries_shaped_selfref_source_shield_still_matches_after_routing
        PASS [   0.078s] (2859/5512) phase-engine game::effects::prevent_damage::tests::dynamic_amount_resolves_to_static_next_shield
        PASS [   0.074s] (2860/5512) phase-engine game::effects::prevent_damage::tests::instant_sourced_shield_carries_no_source_object_anchor
        PASS [   0.053s] (2861/5512) phase-engine game::effects::prevent_damage::tests::parent_target_slot_source_is_not_captured_once_illegal_or_departed
        PASS [   0.057s] (2862/5512) phase-engine game::effects::prevent_damage::tests::other_permanents_exclusion_survives_routing
        PASS [   0.059s] (2863/5512) phase-engine game::effects::prevent_damage::tests::player_recipient_prevention_uses_damage_target_filter
        PASS [   0.046s] (2864/5512) phase-engine game::effects::prevent_damage::tests::prevent_damage_with_parent_target_hosts_shield_on_inherited_targets
        PASS [   0.062s] (2865/5512) phase-engine game::effects::prevent_damage::tests::prevent_all_creates_a_floating_shield_anchored_to_its_source
        PASS [   0.083s] (2866/5512) phase-engine game::effects::prevent_damage::tests::pending_valid_card_gate_matches_the_object_path
        PASS [   0.096s] (2867/5512) phase-engine game::effects::prevent_damage::tests::parent_target_slot_resolves_root_slot_in_nested_chain
        PASS [   0.062s] (2868/5512) phase-engine game::effects::prevent_damage::tests::prevent_next_n_creates_shield_with_amount
        PASS [   0.061s] (2869/5512) phase-engine game::effects::prevent_damage::tests::prevention_all_shield_persists_across_multiple_damage_events
        PASS [   0.067s] (2870/5512) phase-engine game::effects::prevent_damage::tests::prevention_duration_sets_shield_expiry
        PASS [   0.070s] (2871/5512) phase-engine game::effects::prevent_damage::tests::prevention_next_n_shield_depletes_with_each_use
        PASS [   0.043s] (2872/5512) phase-engine game::effects::prevent_damage::tests::self_ref_recipient_prevention_scopes_the_shield_to_its_host
        PASS [   0.065s] (2873/5512) phase-engine game::effects::prevent_damage::tests::recolored_chosen_source_defeats_color_qualified_shield
        PASS [   0.057s] (2874/5512) phase-engine game::effects::prevent_damage::tests::sequential_sibling_sub_is_not_installed_as_shield_rider
        PASS [   0.048s] (2875/5512) phase-engine game::effects::prevent_damage::tests::source_scoped_shield_only_prevents_chosen_spell_not_other_sources
        PASS [   0.076s] (2876/5512) phase-engine game::effects::prevent_damage::tests::replacement_choice_prompt_names_the_anchored_source_of_a_registry_shield
        PASS [   0.073s] (2877/5512) phase-engine game::effects::prevent_damage::tests::rune_of_protection_lands_prompt_options_are_type_filtered
        PASS [   0.053s] (2878/5512) phase-engine game::effects::prevent_damage::tests::stated_host_duration_does_not_install_a_prevention_shield
        PASS [   0.231s] (2879/5512) phase-engine game::effects::prevent_damage::tests::energy_arc_cast_pipeline_scopes_to_and_by_damage_to_selected_creature
        PASS [   0.078s] (2880/5512) phase-engine game::effects::prevent_damage::tests::tracked_set_recipient_resolves_to_concrete_id_immune_to_later_chain_overwrite
        PASS [   0.069s] (2881/5512) phase-engine game::effects::prevent_damage::tests::typed_recipient_prevention_only_blocks_matching_creatures
        PASS [   0.065s] (2882/5512) phase-engine game::effects::prevent_damage::tests::untargeted_parent_with_an_anaphoric_descendant_installs_an_empty_referent_set
        PASS [   0.071s] (2883/5512) phase-engine game::effects::proliferate::tests::apply_proliferate_adds_counters
        PASS [   0.073s] (2884/5512) phase-engine game::effects::proliferate::tests::apply_proliferate_after_counter_removal_does_not_restore_lost_type
        PASS [   0.083s] (2885/5512) phase-engine game::effects::proliferate::tests::apply_proliferate_adds_all_player_counter_kinds_and_energy
        PASS [   0.105s] (2886/5512) phase-engine game::effects::prevent_damage::tests::two_shields_on_one_damage_event_prevent_it_exactly_once
        PASS [   0.056s] (2887/5512) phase-engine game::effects::proliferate::tests::apply_proliferate_energy_counter_is_prevented_by_solemnity
        PASS [   0.100s] (2888/5512) phase-engine game::effects::proliferate::tests::apply_proliferate_emits_counter_added_events
        PASS [   0.061s] (2889/5512) phase-engine game::effects::proliferate::tests::apply_proliferate_object_counter_is_prevented_by_solemnity
        PASS [   0.054s] (2890/5512) phase-engine game::effects::proliferate::tests::apply_proliferate_player_counter_is_prevented_by_solemnity
        PASS [   0.082s] (2891/5512) phase-engine game::effects::proliferate::tests::apply_proliferate_multiple_counter_types
        PASS [   0.064s] (2892/5512) phase-engine game::effects::proliferate::tests::apply_proliferate_skips_zero_count_counter_types
        PASS [   0.063s] (2893/5512) phase-engine game::effects::proliferate::tests::proliferate_includes_players_with_energy
        PASS [   0.052s] (2894/5512) phase-engine game::effects::proliferate::tests::resolve_sets_proliferate_choice
        PASS [   0.106s] (2895/5512) phase-engine game::effects::proliferate::tests::apply_proliferate_replacement_choice_stashes_remaining_counter_additions
        PASS [   0.093s] (2896/5512) phase-engine game::effects::proliferate::tests::proliferate_includes_poisoned_players
        PASS [   0.069s] (2897/5512) phase-engine game::effects::proliferate::tests::proliferate_replacement_doubles_action_count
        PASS [   0.066s] (2898/5512) phase-engine game::effects::proliferate::tests::resolve_excludes_permanent_with_only_zero_count_entries
        PASS [   0.105s] (2899/5512) phase-engine game::effects::proliferate::tests::proliferate_includes_players_with_generic_player_counters
        PASS [   0.095s] (2900/5512) phase-engine game::effects::proliferate::tests::proliferate_offer_excludes_eliminated_and_phased_out_seats_and_keeps_the_rest
        PASS [   0.090s] (2901/5512) phase-engine game::effects::proliferate::tests::resolve_skips_choice_when_no_eligible
        PASS [   0.054s] (2902/5512) phase-engine game::effects::pump::tests::base_pt_dynamic_sets_power_from_cost_x_paid_and_counters_add
        PASS [   0.099s] (2903/5512) phase-engine game::effects::proliferate::tests::resolve_skips_choice_when_only_zero_count_permanents_exist
        PASS [   0.060s] (2904/5512) phase-engine game::effects::pump::tests::double_pt_factor_two_doubles_power_and_toughness
        PASS [   0.089s] (2905/5512) phase-engine game::effects::proliferate::tests::resolve_target_adds_one_of_each_kind_without_prompt
        PASS [   0.098s] (2906/5512) phase-engine game::effects::proliferate::tests::resolve_target_adds_to_targeted_player
        PASS [   0.110s] (2907/5512) phase-engine game::effects::pump::tests::double_pt_factor_three_power_only_leaves_toughness
        PASS [   0.121s] (2908/5512) phase-engine game::effects::pump::tests::double_pt_factor_three_triples_power_and_toughness
        PASS [   0.065s] (2909/5512) phase-engine game::effects::pump::tests::pump_all_for_each_other_creature_excludes_each_recipient
        PASS [   0.111s] (2910/5512) phase-engine game::effects::pump::tests::double_pt_selfref_overrides_propagated_parent_targets
        PASS [   0.056s] (2911/5512) phase-engine game::effects::pump::tests::pump_all_your_creatures
        PASS [   0.085s] (2912/5512) phase-engine game::effects::pump::tests::pump_all_excludes_a_phased_out_creature_from_the_population_and_the_pump
        PASS [   0.083s] (2913/5512) phase-engine game::effects::pump::tests::pump_all_same_name_excludes_parent_target
        PASS [   0.059s] (2914/5512) phase-engine game::effects::pump::tests::pump_expires_at_end_of_turn
        PASS [   0.111s] (2915/5512) phase-engine game::effects::pump::tests::pump_all_affected_objects_is_the_filtered_population_that_resolve_all_pumps
        PASS [   0.033s] (2916/5512) phase-engine game::effects::pump::tests::pump_selfref_overrides_propagated_parent_targets
        PASS [   0.054s] (2917/5512) phase-engine game::effects::pump::tests::pump_for_each_other_creature_excludes_pumped_recipient
        PASS [   0.042s] (2918/5512) phase-engine game::effects::pump::tests::pump_resolves_variable_pt_against_chosen_x
        PASS [   0.064s] (2919/5512) phase-engine game::effects::pump::tests::pump_increases_power_and_toughness
        PASS [   0.045s] (2920/5512) phase-engine game::effects::pump::tests::pump_with_negative_values
        PASS [   0.090s] (2921/5512) phase-engine game::effects::pump::tests::pump_for_each_creature_shared_path_counts_self
        PASS [   0.050s] (2922/5512) phase-engine game::effects::put_chosen_counter::tests::adds_one_counter_of_chosen_kind
        PASS [   0.048s] (2923/5512) phase-engine game::effects::put_chosen_counter::tests::no_chosen_kind_is_noop
        PASS [   0.063s] (2924/5512) phase-engine game::effects::put_chosen_counter::tests::does_not_read_a_stale_counter_kind_from_the_source
        PASS [   0.053s] (2925/5512) phase-engine game::effects::put_chosen_counter::tests::parent_target_slot_condition_and_placement_share_chain_root
        PASS [   0.590s] (2926/5512) phase-engine game::effects::prevent_damage::tests::mutational_advantage_shield_freezes_population_at_resolution
        PASS [   0.083s] (2927/5512) phase-engine game::effects::pump::tests::pump_survives_layer_recalculation
        PASS [   0.099s] (2928/5512) phase-engine game::effects::pump::tests::pump_selfref_with_empty_targets_pumps_source
        PASS [   0.045s] (2929/5512) phase-engine game::effects::put_chosen_counter::tests::target_condition_allows_absent_chosen_kind
        PASS [   0.045s] (2930/5512) phase-engine game::effects::put_chosen_counter::tests::target_condition_blocks_present_chosen_kind
        PASS [   0.047s] (2931/5512) phase-engine game::effects::put_chosen_counter::tests::target_condition_filters_each_resolved_object_independently
        PASS [   0.068s] (2932/5512) phase-engine game::effects::put_chosen_counter::tests::placement_uses_counter_replacement_pipeline
        PASS [   0.060s] (2933/5512) phase-engine game::effects::put_on_top::tests::count_zero_places_all_selected_cards_on_top_in_target_order
        PASS [   0.058s] (2934/5512) phase-engine game::effects::put_on_top::tests::count_zero_with_no_selected_cards_is_noop
        PASS [   0.058s] (2935/5512) phase-engine game::effects::put_on_top::tests::producer_falls_back_to_library_for_a_tracked_set_filter
        PASS [   0.070s] (2936/5512) phase-engine game::effects::put_on_top::tests::producer_reports_exile_for_an_exiled_by_source_composed_filter
        PASS [   0.075s] (2937/5512) phase-engine game::effects::put_on_top::tests::exiled_by_source_bottom_cleanup_uses_last_revealed_library_cards
        PASS [   0.065s] (2938/5512) phase-engine game::effects::put_on_top::tests::stale_dig_found_nothing_does_not_suppress_unrelated_ltb_self_return
        PASS [   0.079s] (2939/5512) phase-engine game::effects::put_on_top::tests::put_on_top_selfref_overrides_propagated_parent_targets
        PASS [   0.062s] (2940/5512) phase-engine game::effects::put_on_top::tests::test_put_on_top_ltb_self_from_graveyard
        PASS [   0.084s] (2941/5512) phase-engine game::effects::put_on_top::tests::test_put_on_top_ltb_reentry_does_not_follow_new_object
        PASS [   0.055s] (2942/5512) phase-engine game::effects::put_on_top::tests::test_put_on_top_ltb_self_ref_from_graveyard
        PASS [   0.103s] (2943/5512) phase-engine game::effects::put_on_top::tests::test_put_on_top_ltb_pipeline_returns_to_top_of_library
        PASS [   0.068s] (2944/5512) phase-engine game::effects::put_on_top::tests::test_put_on_top_none_fallback_does_not_follow_new_source_incarnation
        PASS [   0.053s] (2945/5512) phase-engine game::effects::put_on_top::tests::test_resolution_time_hand_selection_emits_effect_zone_choice
        PASS [   0.086s] (2946/5512) phase-engine game::effects::put_on_top::tests::test_put_on_top_stale_self_ref_ignores_propagated_targets
        PASS [   0.064s] (2947/5512) phase-engine game::effects::put_on_top::tests::test_resolve_puts_card_on_top_of_library
        PASS [   0.076s] (2948/5512) phase-engine game::effects::put_on_top::tests::test_resolve_does_not_shuffle_library
        PASS [   0.051s] (2949/5512) phase-engine game::effects::put_on_top::tests::tracked_set_filtered_library_bottom_honors_inner_filter
        PASS [   0.098s] (2950/5512) phase-engine game::effects::put_on_top::tests::test_resolve_puts_card_nth_from_top
        PASS [   0.030s] (2951/5512) phase-engine game::effects::rad_counters::tests::empty_library_no_effect
        PASS [   0.095s] (2952/5512) phase-engine game::effects::put_on_top::tests::test_resolve_puts_card_on_bottom
        PASS [   0.059s] (2953/5512) phase-engine game::effects::rad_counters::tests::all_lands_no_life_loss
        PASS [   0.043s] (2954/5512) phase-engine game::effects::rad_counters::tests::mills_and_loses_life_for_nonland
        PASS [   0.093s] (2955/5512) phase-engine game::effects::put_on_top_or_bottom::tests::chooser_serde_defaults_and_omits_owner_form
        PASS [   0.052s] (2956/5512) phase-engine game::effects::rad_counters::tests::zero_rad_counters_noop
        PASS [   0.036s] (2957/5512) phase-engine game::effects::rebound::tests::arm_rebound_pushes_delayed_trigger_with_optional_cast
        PASS [   0.088s] (2958/5512) phase-engine game::effects::put_on_top_or_bottom::tests::test_resolve_uses_chooser_not_destination_owner
        PASS [   0.098s] (2959/5512) phase-engine game::effects::put_on_top_or_bottom::tests::test_resolve_stack_spell_prompts_owner
        PASS [   0.055s] (2960/5512) phase-engine game::effects::redistribute_life_totals::tests::cant_gain_receiver_blocks_swap_auto_noop
        PASS [   0.072s] (2961/5512) phase-engine game::effects::rebound::tests::armed_cast_effect_casts_during_resolution_without_lingering_duration
        PASS [   0.107s] (2962/5512) phase-engine game::effects::rad_counters::tests::library_smaller_than_rad_count
        PASS [   0.076s] (2963/5512) phase-engine game::effects::rebound::tests::two_rebound_arms_push_independent_triggers
        PASS [   0.058s] (2964/5512) phase-engine game::effects::redistribute_life_totals::tests::out_of_range_index_is_rejected
        PASS [   0.086s] (2965/5512) phase-engine game::effects::redistribute_life_totals::tests::equal_totals_dedupe_to_identity_auto_noop
        PASS [   0.093s] (2966/5512) phase-engine game::effects::redistribute_life_totals::tests::chained_sub_ability_pauses_and_resumes_after_submit
        PASS [   0.084s] (2967/5512) phase-engine game::effects::redistribute_life_totals::tests::submit_identity_keeps_totals
        PASS [   0.086s] (2968/5512) phase-engine game::effects::redistribute_life_totals::tests::replacement_choice_during_submit_resumes_chained_continuation
        PASS [   0.066s] (2969/5512) phase-engine game::effects::redistribute_life_totals::tests::two_player_offers_keep_and_swap
        PASS [   0.071s] (2970/5512) phase-engine game::effects::redistribute_life_totals::tests::submit_swap_applies_permutation
        PASS [   0.071s] (2971/5512) phase-engine game::effects::reflexive_occurrence_verdict_tests::only_the_reveal_until_hit_guard_is_voided_by_a_whiff
        PASS [   0.080s] (2972/5512) phase-engine game::effects::regenerate::tests::cant_regenerate_suppresses_shield_creation
        PASS [   0.054s] (2973/5512) phase-engine game::effects::regenerate::tests::indestructible_creature_with_regen_shield_does_not_consume_shield
        PASS [   0.188s] (2974/5512) phase-engine game::effects::rebound::tests::armed_body_resolves_to_during_resolution_cast_with_no_lingering_permission
        PASS [   0.070s] (2975/5512) phase-engine game::effects::regenerate::tests::regenerate_creates_shield_on_target
        PASS [   0.074s] (2976/5512) phase-engine game::effects::regenerate::tests::regenerate_creates_shield_on_source
        PASS [   0.056s] (2977/5512) phase-engine game::effects::regenerate::tests::regenerate_emits_effect_resolved
        PASS [   0.073s] (2978/5512) phase-engine game::effects::regenerate::tests::regenerate_does_not_save_from_sacrifice
        PASS [   0.116s] (2979/5512) phase-engine game::effects::regenerate::tests::blight_mamba_regenerate_survives_lethal_combat_damage
        PASS [   0.068s] (2980/5512) phase-engine game::effects::regenerate::tests::regenerate_named_self_with_empty_targets
        PASS [   0.071s] (2981/5512) phase-engine game::effects::regenerate::tests::regenerate_self_with_any_and_empty_targets
        PASS [   0.053s] (2982/5512) phase-engine game::effects::regenerate::tests::regenerate_shield_only_consumes_once_per_turn
        PASS [   0.073s] (2983/5512) phase-engine game::effects::regenerate::tests::regenerate_self_branches_emit_identical_shield_shape
        PASS [   0.061s] (2984/5512) phase-engine game::effects::regenerate::tests::regenerate_shield_expires_at_cleanup
        PASS [   0.054s] (2985/5512) phase-engine game::effects::remove_from_combat::tests::remove_attacker_from_combat
        PASS [   0.065s] (2986/5512) phase-engine game::effects::regenerate::tests::regenerate_skips_off_battlefield
        PASS [   0.074s] (2987/5512) phase-engine game::effects::remove_from_combat::tests::remove_attacker_marks_layers_dirty
        PASS [   0.093s] (2988/5512) phase-engine game::effects::remove_all_damage::tests::remove_all_damage_clears_marked_damage_on_source
        PASS [   0.050s] (2989/5512) phase-engine game::effects::remove_from_combat::tests::remove_from_combat_self_ref_ignores_inherited_parent_target
        PASS [   0.055s] (2990/5512) phase-engine game::effects::renown::tests::renown_does_nothing_if_already_renowned
        PASS [   0.068s] (2991/5512) phase-engine game::effects::remove_from_combat::tests::remove_from_combat_self_ref
        PASS [   0.072s] (2992/5512) phase-engine game::effects::remove_from_combat::tests::remove_blocker_does_not_mark_layers_dirty
        PASS [   0.072s] (2993/5512) phase-engine game::effects::remove_from_combat::tests::remove_blocker_from_combat
        PASS [   0.169s] (2994/5512) phase-engine game::effects::regenerate::tests::regenerate_parsed_from_oracle_emits_self_ref_shield
        PASS [   0.066s] (2995/5512) phase-engine game::effects::renown::tests::renown_does_nothing_if_source_left_battlefield
        PASS [   0.138s] (2996/5512) phase-engine game::effects::regenerate::tests::regeneration_shield_survives_a_layer_pass_and_regenerates_exactly_once
        PASS [   0.059s] (2997/5512) phase-engine game::effects::renown::tests::renown_places_counters_and_sets_designation
        PASS [   0.058s] (2998/5512) phase-engine game::effects::renown::tests::renowned_clears_on_zone_change
        PASS [   1.028s] (2999/5512) phase-engine game::effects::prevent_damage::tests::prevention_shield_executes_prevented_damage_followup
        PASS [   0.050s] (3000/5512) phase-engine game::effects::return_as_aura::tests::single_legal_target_attaches_immediately
        PASS [   0.047s] (3001/5512) phase-engine game::effects::reveal::tests::reveal_records_last_revealed_ids_for_chained_riders
        PASS [   0.075s] (3002/5512) phase-engine game::effects::return_as_aura::tests::multi_target_installs_waiting_for_picker
        PASS [   0.053s] (3003/5512) phase-engine game::effects::reveal::tests::reveal_self_ref_emits_cards_revealed_with_source_object
        PASS [   0.044s] (3004/5512) phase-engine game::effects::reveal_from_hand::tests::eligible_hand_sets_optional_reveal_choice
        PASS [   0.055s] (3005/5512) phase-engine game::effects::reveal::tests::reveal_selfref_overrides_propagated_parent_targets
        PASS [   0.080s] (3006/5512) phase-engine game::effects::reveal::tests::reveal_does_not_mutate_game_state
        PASS [   0.092s] (3007/5512) phase-engine game::effects::return_as_aura::tests::no_legal_target_strips_live_trigger_without_mutating_baseline
        PASS [   0.096s] (3008/5512) phase-engine game::effects::return_as_aura::tests::self_attach_forbidden_when_no_other_candidate
        PASS [   0.061s] (3009/5512) phase-engine game::effects::reveal_from_hand::tests::empty_eligible_hand_runs_on_decline_and_taps_source
        PASS [   0.106s] (3010/5512) phase-engine game::effects::return_as_aura::tests::no_legal_target_goes_to_graveyard
        PASS [   0.057s] (3011/5512) phase-engine game::effects::reveal_from_hand::tests::reveal_from_hand_eligible_set_is_a_subset_of_the_controllers_hand
        PASS [   0.049s] (3012/5512) phase-engine game::effects::reveal_from_hand::tests::tarkir_reveal_land_taps_when_no_match_in_hand_or_battlefield
        PASS [   0.043s] (3013/5512) phase-engine game::effects::reveal_hand::tests::any_target_without_player_slot_still_missing_param
        PASS [   0.056s] (3014/5512) phase-engine game::effects::reveal_from_hand::tests::tarkir_reveal_land_skips_tap_when_controls_matching
        PASS [   0.050s] (3015/5512) phase-engine game::effects::reveal_hand::tests::look_at_an_opponents_hand_falls_back_to_opponent_controller_choice
        PASS [   0.061s] (3016/5512) phase-engine game::effects::reveal_hand::tests::explicit_player_target_wins_over_controller_filter
        PASS [   0.039s] (3017/5512) phase-engine game::effects::reveal_hand::tests::reveal_hand_emits_cards_revealed_event
        PASS [   0.057s] (3018/5512) phase-engine game::effects::reveal_hand::tests::look_at_hand_is_private_to_looker_and_skips_reveal_choice
        PASS [   0.039s] (3019/5512) phase-engine game::effects::reveal_hand::tests::reveal_hand_marks_cards_as_revealed
        PASS [   0.073s] (3020/5512) phase-engine game::effects::reveal_hand::tests::optional_reveal_hand_choice_decline_skips_continuation
        PASS [   0.045s] (3021/5512) phase-engine game::effects::reveal_hand::tests::reveal_hand_offset_count_truncates_to_inner_plus_one
        PASS [   0.038s] (3022/5512) phase-engine game::effects::reveal_hand::tests::reveal_hand_scoped_choice_is_made_by_printed_controller
        PASS [   0.087s] (3023/5512) phase-engine game::effects::reveal_hand::tests::look_at_own_hand_does_not_leak_to_opponent
        PASS [   0.082s] (3024/5512) phase-engine game::effects::reveal_hand::tests::reveal_empty_hand_does_nothing
        PASS [   0.087s] (3025/5512) phase-engine game::effects::reveal_hand::tests::random_count_reveal_limits_choice_to_one_card
        PASS [   0.046s] (3026/5512) phase-engine game::effects::reveal_hand::tests::reveal_hand_sets_reveal_choice_with_opponent_hand
        PASS [   0.047s] (3027/5512) phase-engine game::effects::reveal_hand::tests::reveal_hand_scoped_look_is_shown_to_printed_controller
        PASS [   0.050s] (3028/5512) phase-engine game::effects::reveal_top::tests::reveal_top_controller_filter_does_not_inherit_parent_player_target
        PASS [   0.026s] (3029/5512) phase-engine game::effects::reveal_top::tests::reveal_top_multiple_cards
        PASS [   0.045s] (3030/5512) phase-engine game::effects::reveal_top::tests::reveal_top_emits_cards_revealed_event
        PASS [   0.054s] (3031/5512) phase-engine game::effects::reveal_top::tests::reveal_top_empty_library_is_noop
        PASS [   0.050s] (3032/5512) phase-engine game::effects::reveal_until::tests::reveal_until_finds_creature_puts_to_hand
        PASS [   0.047s] (3033/5512) phase-engine game::effects::reveal_until::tests::reveal_until_kept_choice_planeswalker_enters_with_loyalty
        PASS [   0.176s] (3034/5512) phase-engine game::effects::reveal_hand::tests::deep_cavern_bat_reveal_choice_excludes_lands
        PASS [   0.078s] (3035/5512) phase-engine game::effects::reveal_until::tests::reveal_until_empty_library
        PASS [   0.077s] (3036/5512) phase-engine game::effects::reveal_until::tests::reveal_until_graveyard_rest_redirected_to_exile_by_rest_in_peace
        PASS [   0.077s] (3037/5512) phase-engine game::effects::reveal_until::tests::reveal_until_keep_each_collects_multiple_matches
        PASS [   0.072s] (3038/5512) phase-engine game::effects::reveal_until::tests::reveal_until_kept_choice_library_accept_does_not_shuffle
        PASS [   0.098s] (3039/5512) phase-engine game::effects::reveal_top::tests::reveal_top_marks_top_card_as_revealed
        PASS [   0.050s] (3040/5512) phase-engine game::effects::reveal_until::tests::reveal_until_kept_library_redirected_to_exile
        PASS [   0.073s] (3041/5512) phase-engine game::effects::reveal_until::tests::reveal_until_kept_hand_redirected_to_exile
        PASS [   0.043s] (3042/5512) phase-engine game::effects::reveal_until::tests::reveal_until_multi_hit_enters_under_override_keeps_owner
        PASS [   0.044s] (3043/5512) phase-engine game::effects::reveal_until::tests::reveal_until_library_rest_redirected_to_exile
        PASS [   0.059s] (3044/5512) phase-engine game::effects::reveal_until::tests::reveal_until_library_piles_honor_kept_destination_if_route
        PASS [   0.065s] (3045/5512) phase-engine game::effects::reveal_until::tests::reveal_until_no_match_all_to_rest
        PASS [   0.055s] (3046/5512) phase-engine game::effects::reveal_until::tests::reveal_until_rest_to_graveyard
        PASS [   0.070s] (3047/5512) phase-engine game::effects::reveal_until::tests::reveal_until_planeswalker_enters_with_intrinsic_loyalty
        PASS [   0.088s] (3048/5512) phase-engine game::effects::reveal_until::tests::reveal_until_multi_hit_routes_each_hit_by_kept_destination_if
        PASS [   0.054s] (3049/5512) phase-engine game::effects::reverse_turn_order::tests::reverse_turn_order_toggles_direction_and_emits_event
        PASS [   0.083s] (3050/5512) phase-engine game::effects::reveal_until::tests::reveal_until_optional_kept_pauses_and_routes_choice
        PASS [   0.089s] (3051/5512) phase-engine game::effects::reveal_until::tests::reveal_until_parent_target_controller_reveals_target_owner_library
        PASS [   0.078s] (3052/5512) phase-engine game::effects::reveal_until::tests::reveal_until_puts_to_battlefield
        PASS [   0.070s] (3053/5512) phase-engine game::effects::ring::tests::ring_bearer_cant_be_blocked_by_greater_power_creature
        PASS [   0.074s] (3054/5512) phase-engine game::effects::reveal_until::tests::verdict_is_this_reveals_own_outcome_regardless_of_the_prior_slot
        PASS [   0.049s] (3055/5512) phase-engine game::effects::ring::tests::ring_bearer_designation_clears_when_object_leaves_battlefield
        PASS [   0.044s] (3056/5512) phase-engine game::effects::ring::tests::ring_bearer_is_legendary_from_the_ring_emblem
        PASS [   0.045s] (3057/5512) phase-engine game::effects::ring::tests::ring_level_caps_at_four
        PASS [   0.038s] (3058/5512) phase-engine game::effects::ring::tests::ring_tempts_emits_effect_resolved_event
        PASS [   0.057s] (3059/5512) phase-engine game::effects::ring::tests::ring_level_two_attack_queues_draw_then_discard_trigger
        PASS [   0.069s] (3060/5512) phase-engine game::effects::ring::tests::ring_tempts_auto_selects_single_creature
        PASS [   0.083s] (3061/5512) phase-engine game::effects::ring::tests::ring_level_three_blocked_queues_delayed_sacrifice_trigger
        PASS [   0.086s] (3062/5512) phase-engine game::effects::ring::tests::ring_level_four_combat_damage_queues_each_opponent_loses_life_trigger
        PASS [   0.045s] (3063/5512) phase-engine game::effects::ripple::tests::empty_library_no_prompt
        PASS [   0.077s] (3064/5512) phase-engine game::effects::ring::tests::ring_tempts_no_creatures_still_increments_level
        PASS [   0.047s] (3065/5512) phase-engine game::effects::ripple::tests::no_match_opens_bottom_order_prompt
        PASS [   0.086s] (3066/5512) phase-engine game::effects::ring::tests::ring_tempts_prompts_choice_for_multiple_creatures
        PASS [   0.041s] (3067/5512) phase-engine game::effects::ripple::tests::resolve_opens_optional_reveal_prompt
        PASS [   0.040s] (3068/5512) phase-engine game::effects::roll_die::tests::ignored_rolls_emit_display_mirror_alongside_survivors
        PASS [   0.067s] (3069/5512) phase-engine game::effects::ripple::tests::offers_all_same_named_revealed_cards_before_misses
        PASS [   0.053s] (3070/5512) phase-engine game::effects::ripple::tests::offers_same_named_revealed_card
        PASS [   0.061s] (3071/5512) phase-engine game::effects::roll_die::tests::roll_die_add_modifier_shifts_result_upward
        PASS [   0.053s] (3072/5512) phase-engine game::effects::roll_die::tests::roll_die_conditional_subability_skipped_when_result_positive
        PASS [   0.140s] (3073/5512) phase-engine game::effects::ring::tests::ring_tempts_you_smeagol_observer_collects_with_opponent_target
        PASS [   0.080s] (3074/5512) phase-engine game::effects::roll_die::tests::roll_die_conditional_subability_fires_when_result_le_zero
        PASS [   0.056s] (3075/5512) phase-engine game::effects::roll_die::tests::roll_die_multi_count_subability_reads_total_results
        PASS [   0.156s] (3076/5512) phase-engine game::effects::ring::tests::ring_tempts_you_observer_trigger_is_collected_and_draws
        PASS [   0.074s] (3077/5512) phase-engine game::effects::roll_die::tests::roll_die_count_zero_clears_stale_die_result
        PASS [   0.094s] (3078/5512) phase-engine game::effects::roll_die::tests::roll_die_count_two_emits_two_rolls
        PASS [   0.053s] (3079/5512) phase-engine game::effects::roll_die::tests::roll_die_no_matching_branch
        PASS [   0.075s] (3080/5512) phase-engine game::effects::roll_die::tests::roll_die_emits_event_and_resolves_branch
        PASS [   0.077s] (3081/5512) phase-engine game::effects::roll_die::tests::roll_die_count_two_resolves_branch_per_die
        PASS [   0.056s] (3082/5512) phase-engine game::effects::roll_die::tests::roll_die_produces_value_in_range_for_each_die_size
        PASS [   0.510s] (3083/5512) phase-engine game::effects::reveal_hand::tests::deep_cavern_bat_empty_or_land_only_hand_does_not_exile_itself
        PASS [   0.050s] (3084/5512) phase-engine game::effects::roll_die::tests::roll_die_stamps_last_effect_amount_for_chain
        PASS [   0.048s] (3085/5512) phase-engine game::effects::roll_die::tests::roll_die_subability_reads_roll_not_trigger_event
        PASS [   0.068s] (3086/5512) phase-engine game::effects::roll_die::tests::roll_die_stamps_die_result_this_resolution
        PASS [   0.042s] (3087/5512) phase-engine game::effects::sacrifice::tests::cost_paid_object_sacrifice_effect_context_rung_departed_is_a_no_op
        PASS [   0.062s] (3088/5512) phase-engine game::effects::sacrifice::tests::cost_paid_object_sacrifice_effect_context_rung_present_is_sacrificed
        PASS [   0.065s] (3089/5512) phase-engine game::effects::roll_die::tests::roll_die_subtract_modifier_clamps_at_zero
        PASS [   0.070s] (3090/5512) phase-engine game::effects::roll_die::tests::roll_die_with_seeded_rng_is_deterministic
        PASS [   0.121s] (3091/5512) phase-engine game::effects::roll_die::tests::roll_die_result_branch_preserves_opponent_player_scope
        PASS [   0.066s] (3092/5512) phase-engine game::effects::sacrifice::tests::cost_paid_object_sacrifice_ignores_same_id_return_of_departed_referent
        PASS [   0.059s] (3093/5512) phase-engine game::effects::sacrifice::tests::cost_paid_object_sacrifice_sacrifices_referent_not_inherited_parent_target
        PASS [   0.104s] (3094/5512) phase-engine game::effects::roll_die::tests::roll_die_without_branches
        PASS [   0.062s] (3095/5512) phase-engine game::effects::sacrifice::tests::empty_targets_sets_effect_zone_choice_when_multiple_permanents_exist
        PASS [   0.078s] (3096/5512) phase-engine game::effects::sacrifice::tests::cost_paid_object_sacrifice_sacrifices_referent_that_never_left
        PASS [   0.077s] (3097/5512) phase-engine game::effects::sacrifice::tests::cost_paid_object_sacrifice_unbound_referent_is_a_no_op
        PASS [   0.116s] (3098/5512) phase-engine game::effects::sacrifice::tests::cost_paid_object_sacrifice_ignores_inherited_parent_target_when_referent_departed
        PASS [   0.083s] (3099/5512) phase-engine game::effects::sacrifice::tests::empty_targets_with_single_permanent_auto_sacrifices_and_records_count
        PASS [   0.052s] (3100/5512) phase-engine game::effects::sacrifice::tests::parent_target_controller_scope_routes_choice_to_parent_controller
        PASS [   0.054s] (3101/5512) phase-engine game::effects::sacrifice::tests::opponent_scope_routes_choice_to_opponent
        PASS [   0.085s] (3102/5512) phase-engine game::effects::sacrifice::tests::interactive_sacrifice_publishes_tracked_set_for_this_way_draw
        PASS [   0.086s] (3103/5512) phase-engine game::effects::sacrifice::tests::mandatory_empty_target_sacrifice_without_permanents_sets_failure_flag
        PASS [   0.069s] (3104/5512) phase-engine game::effects::sacrifice::tests::sacrifice_emits_permanent_sacrificed_event
        PASS [   0.075s] (3105/5512) phase-engine game::effects::sacrifice::tests::sacrifice_another_creature_effect_excludes_source_from_pool
        PASS [   0.108s] (3106/5512) phase-engine game::effects::sacrifice::tests::mandatory_sacrifice_if_you_do_rider_fires
        PASS [   0.103s] (3107/5512) phase-engine game::effects::sacrifice::tests::parent_target_controller_scope_uses_damage_event_source_controller
        PASS [   0.101s] (3108/5512) phase-engine game::effects::sacrifice::tests::player_scope_all_sacrifice_iterates_each_player
        PASS [   0.060s] (3109/5512) phase-engine game::effects::sacrifice::tests::scoped_player_scope_uses_trigger_event_player
        PASS [   0.106s] (3110/5512) phase-engine game::effects::sacrifice::tests::sacrifice_base_pt_filter_enforces_base_not_current
        PASS [   0.089s] (3111/5512) phase-engine game::effects::sacrifice::tests::sacrifice_greatest_power_offers_only_tied_highest_power_creatures
        PASS [   0.089s] (3112/5512) phase-engine game::effects::sacrifice::tests::sacrifice_moves_to_graveyard
        PASS [   0.047s] (3113/5512) phase-engine game::effects::sacrifice::tests::target_opponent_scope_excludes_self_and_routes_choice_to_target
        PASS [   0.042s] (3114/5512) phase-engine game::effects::saddle::tests::become_saddled_self_ref_targets_source
        PASS [   0.073s] (3115/5512) phase-engine game::effects::sacrifice::tests::targeted_path_skips_opponent_permanents
        PASS [   0.063s] (3116/5512) phase-engine game::effects::saddle::tests::become_saddled_marks_explicit_object_target
        PASS [   0.081s] (3117/5512) phase-engine game::effects::sacrifice::tests::target_player_scope_routes_choice_to_target_player
        PASS [   0.052s] (3118/5512) phase-engine game::effects::saddle::tests::mark_saddled_noop_off_battlefield
        PASS [   0.083s] (3119/5512) phase-engine game::effects::sacrifice::tests::up_to_empty_target_sacrifice_without_permanents_does_not_fail
        PASS [   0.109s] (3120/5512) phase-engine game::effects::sacrifice::tests::soul_shatter_offers_only_per_opponent_greatest_mv_permanents
        PASS [   0.062s] (3121/5512) phase-engine game::effects::saddle::tests::mark_saddled_records_payers_without_duplicates
        PASS [   0.167s] (3122/5512) phase-engine game::effects::sacrifice::tests::scapeshift_sacrifice_three_lands_searches_for_three
        PASS [   0.091s] (3123/5512) phase-engine game::effects::saddle::tests::become_saddled_resolves_announced_object_target
        PASS [   0.070s] (3124/5512) phase-engine game::effects::scoped_library_search::tests::eliminating_current_selection_player_advances_without_skipping
        PASS [   0.071s] (3125/5512) phase-engine game::effects::scoped_library_search::tests::conflicting_shared_object_dispositions_fail_without_mutation
        PASS [   0.072s] (3126/5512) phase-engine game::effects::scoped_library_search::tests::delivery_rider_fails_closed_to_the_sequential_scope_resolver
        PASS [   0.062s] (3127/5512) phase-engine game::effects::scoped_library_search::tests::nonoptional_scoped_search_records_each_searcher_once
        PASS [   0.090s] (3128/5512) phase-engine game::effects::scoped_library_search::tests::elimination_advances_the_current_acceptance_cursor
        PASS [   0.077s] (3129/5512) phase-engine game::effects::scoped_library_search::tests::optional_group_collects_every_answer_before_any_hidden_look
        PASS [   0.068s] (3130/5512) phase-engine game::effects::scoped_library_search::tests::ordinary_optional_frame_prevents_scoped_protocol_prompt_collision
        PASS [   0.069s] (3131/5512) phase-engine game::effects::scoped_library_search::tests::prepares_all_searchers_before_first_choice_and_moves_only_after_final_choice
        PASS [   0.114s] (3132/5512) phase-engine game::effects::scoped_library_search::tests::heterogeneous_scoped_dispositions_park_as_one_exact_simultaneous_batch
        PASS [   0.131s] (3133/5512) phase-engine game::effects::scoped_library_search::tests::eliminating_earlier_selection_player_preserves_current_cursor
        PASS [   0.066s] (3134/5512) phase-engine game::effects::scoped_library_search::tests::simultaneous_delivery_accepts_only_unrevealed_battlefield_or_revealed_hand
        PASS [   0.284s] (3135/5512) phase-engine game::effects::sacrifice::tests::scapeshift_sacrifice_zero_lands_searches_for_zero
        PASS [   0.095s] (3136/5512) phase-engine game::effects::scoped_library_search::tests::scoped_phase_deserialization_rejects_duplicate_delivery_keys
        PASS [   0.063s] (3137/5512) phase-engine game::effects::scry::tests::test_scry_2_sets_waiting_for_scry_choice
        PASS [   0.096s] (3138/5512) phase-engine game::effects::scoped_library_search::tests::reveal_waits_for_every_apnap_selection_and_shared_delivery
        PASS [   0.095s] (3139/5512) phase-engine game::effects::scoped_library_search::tests::successive_scoped_reveal_batches_replace_last_revealed_context
        PASS [   0.076s] (3140/5512) phase-engine game::effects::scry::tests::test_scry_1_single_card_still_requires_choice
        PASS [   0.094s] (3141/5512) phase-engine game::effects::scry::tests::test_scry_choice_records_positive_bottom_count
        PASS [   0.099s] (3142/5512) phase-engine game::effects::scry::tests::scry_replacement_to_draw_delivers_through_resolver
        PASS [   0.065s] (3143/5512) phase-engine game::effects::scry::tests::test_scry_with_empty_library_still_scries_without_prompt
        PASS [   0.050s] (3144/5512) phase-engine game::effects::scry::tests::test_scry_zero_emits_no_scry_event
        PASS [   0.073s] (3145/5512) phase-engine game::effects::scry::tests::test_scry_rejects_foreign_card_and_duplicate
        PASS [   0.049s] (3146/5512) phase-engine game::effects::search_library::tests::ashiok_muzzles_opponent_caused_search
        PASS [   0.051s] (3147/5512) phase-engine game::effects::search_library::tests::aven_cap_below_library_size_offers_all_cards
        PASS [   0.094s] (3148/5512) phase-engine game::effects::scry::tests::test_scry_keeps_reordered_subset_on_top_and_bottoms_rest
        PASS [   0.064s] (3149/5512) phase-engine game::effects::search_library::tests::aven_caps_only_library_portion_of_multi_zone_search
        PASS [   0.098s] (3150/5512) phase-engine game::effects::search_library::tests::ashiok_permits_own_controller_search
        PASS [   0.091s] (3151/5512) phase-engine game::effects::search_library::tests::aven_caps_by_searcher_not_library_owner
        PASS [   0.096s] (3152/5512) phase-engine game::effects::search_library::tests::aven_capped_search_still_tracks_and_preserves_whole_library
        PASS [   0.083s] (3153/5512) phase-engine game::effects::search_library::tests::aven_caps_opponent_search_to_top_four
        PASS [   0.094s] (3154/5512) phase-engine game::effects::search_library::tests::aven_does_not_cap_controllers_own_search
        PASS [   0.084s] (3155/5512) phase-engine game::effects::search_library::tests::cross_owner_graveyard_search_records_owner_without_hidden_tuples
        PASS [   0.090s] (3156/5512) phase-engine game::effects::search_library::tests::cross_owner_empty_hand_plus_graveyard_search_retains_owner_provenance
        PASS [   0.089s] (3157/5512) phase-engine game::effects::search_library::tests::cross_owner_search_library_face_down_exile_is_visible_only_to_searcher
        PASS [   0.047s] (3158/5512) phase-engine game::effects::search_library::tests::distinct_quality_selection_constraint_allows_missing_power_toughness
        PASS [   0.072s] (3159/5512) phase-engine game::effects::search_library::tests::match_each_filter_backtracks_on_overlapping_slots
        PASS [   0.074s] (3160/5512) phase-engine game::effects::search_library::tests::match_each_filter_permits_partial_and_empty_fail_to_find
        PASS [   0.090s] (3161/5512) phase-engine game::effects::search_library::tests::distinct_quality_selection_constraint_checks_power
        PASS [   0.071s] (3162/5512) phase-engine game::effects::search_library::tests::match_each_filter_selection_constraint_requires_distinct_assignments
        PASS [   0.062s] (3163/5512) phase-engine game::effects::search_library::tests::muzzled_mixed_search_keeps_hand_knowledge_without_library_provenance
        PASS [   0.070s] (3164/5512) phase-engine game::effects::search_library::tests::multi_zone_search_offers_cards_from_every_searched_zone
        PASS [   0.110s] (3165/5512) phase-engine game::effects::search_library::tests::distinct_quality_selection_constraint_checks_multiple_qualities
        PASS [   0.099s] (3166/5512) phase-engine game::effects::search_library::tests::multizone_tutor_moves_graveyard_pick_to_battlefield
        PASS [   0.075s] (3167/5512) phase-engine game::effects::search_library::tests::muzzled_mixed_zone_search_drops_library_provenance
        PASS [   0.076s] (3168/5512) phase-engine game::effects::search_library::tests::natures_rhythm_x_mana_value_restricts_search_targets
        PASS [   0.084s] (3169/5512) phase-engine game::effects::search_library::tests::nested_search_rejects_before_mutating_outer_session
        PASS [   0.097s] (3170/5512) phase-engine game::effects::search_library::tests::natures_rhythm_x_zero_restricts_to_cmc_zero_creatures
        PASS [   0.091s] (3171/5512) phase-engine game::effects::search_library::tests::opponent_direct_search_muzzled
        PASS [   0.045s] (3172/5512) phase-engine game::effects::search_library::tests::ordering_hint_accepts_when_every_branch_orders_selected_cards_on_top
        PASS [   0.093s] (3173/5512) phase-engine game::effects::search_library::tests::ordering_hint_accepts_fixed_one_for_a_one_card_search
        PASS [   0.102s] (3174/5512) phase-engine game::effects::search_library::tests::none_constraint_unaffected_by_partial_find_relaxation
        PASS [   0.044s] (3175/5512) phase-engine game::effects::search_library::tests::ordering_hint_accounts_for_optional_decline_after_condition_succeeds
        PASS [   0.078s] (3176/5512) phase-engine game::effects::search_library::tests::ordering_hint_accepts_fixed_two_for_a_two_card_search
        PASS [   0.046s] (3177/5512) phase-engine game::effects::search_library::tests::ordering_hint_is_unordered_when_later_shuffle_destroys_top_order
        PASS [   0.045s] (3178/5512) phase-engine game::effects::search_library::tests::ordering_hint_rejects_fixed_one_for_a_two_card_search
        PASS [   0.057s] (3179/5512) phase-engine game::effects::search_library::tests::ordering_hint_preserves_top_order_when_later_shuffle_targets_other_player
        PASS [   0.070s] (3180/5512) phase-engine game::effects::search_library::tests::ordering_hint_is_unordered_when_unless_payment_skips_ordering_chain
        PASS [   0.050s] (3181/5512) phase-engine game::effects::search_library::tests::ordering_hint_requires_optional_else_to_inherit_selected_targets
        PASS [   0.040s] (3182/5512) phase-engine game::effects::search_library::tests::ordering_hint_tracks_selected_cards_final_linear_placement
        PASS [   0.068s] (3183/5512) phase-engine game::effects::search_library::tests::ordering_hint_preserves_top_order_across_unrelated_optional_instruction
        PASS [   0.065s] (3184/5512) phase-engine game::effects::search_library::tests::ordering_hint_requires_every_branch_to_order_selected_cards_on_top
        PASS [   0.060s] (3185/5512) phase-engine game::effects::search_library::tests::ordinary_resolve_rejects_pending_scoped_protocol_but_pure_preparation_remains_available
        PASS [   0.365s] (3186/5512) phase-engine game::effects::search_library::tests::beseech_unbargained_search_exiles_then_moves_uncast_card_to_hand
        PASS [   0.056s] (3187/5512) phase-engine game::effects::search_library::tests::search_fail_to_find_no_ops_top_of_library_put
        PASS [   0.279s] (3188/5512) phase-engine game::effects::search_library::tests::multizone_search_face_down_exile_is_visible_only_to_searcher
        PASS [   0.061s] (3189/5512) phase-engine game::effects::search_library::tests::search_finds_matching_cards_sets_search_choice
        PASS [   0.088s] (3190/5512) phase-engine game::effects::search_library::tests::parent_target_controller_search_prompts_opponent
        PASS [   0.084s] (3191/5512) phase-engine game::effects::search_library::tests::search_empty_library_resolves_immediately
        PASS [   0.064s] (3192/5512) phase-engine game::effects::search_library::tests::search_library_with_x_count_picks_x_cards
        PASS [   0.101s] (3193/5512) phase-engine game::effects::search_library::tests::parent_target_controller_search_uses_lki_for_missing_target
        PASS [   0.098s] (3194/5512) phase-engine game::effects::search_library::tests::search_fail_to_find_preserves_shuffle_tail
        PASS [   0.103s] (3195/5512) phase-engine game::effects::search_library::tests::search_choice_change_zone_continuation_moves_selected_card_to_hand
        PASS [   0.063s] (3196/5512) phase-engine game::effects::search_library::tests::search_no_matches_resolves_immediately
        PASS [   0.055s] (3197/5512) phase-engine game::effects::search_library::tests::search_only_searches_controllers_library
        PASS [   0.067s] (3198/5512) phase-engine game::effects::search_library::tests::search_with_any_filter_shows_all_library_cards
        PASS [   0.077s] (3199/5512) phase-engine game::effects::search_library::tests::search_with_reveal_sets_reveal_flag
        PASS [   0.054s] (3200/5512) phase-engine game::effects::search_library::tests::target_opponent_library_search_keeps_caster_as_searcher
        PASS [   0.106s] (3201/5512) phase-engine game::effects::search_library::tests::search_up_to_propagates_flag_and_floors_sentinel_to_matching_len
        PASS [   0.058s] (3202/5512) phase-engine game::effects::search_library::tests::unprohibited_mixed_search_records_effective_library_and_real_tracking
        PASS [   0.090s] (3203/5512) phase-engine game::effects::search_library::tests::search_without_library_zone_does_not_mark_searched_library
        PASS [   0.074s] (3204/5512) phase-engine game::effects::search_library::tests::total_mana_value_selection_constraint_checks_chosen_set_sum
        PASS [   0.103s] (3205/5512) phase-engine game::effects::search_library::tests::stated_quality_library_search_can_fail_to_find_with_matches_present
        PASS [   0.092s] (3206/5512) phase-engine game::effects::search_library::tests::two_aven_sources_still_cap_to_top_four
        PASS [   0.104s] (3207/5512) phase-engine game::effects::search_library::tests::sequential_searches_forward_each_selection_and_run_shuffle_tail
        PASS [   0.056s] (3208/5512) phase-engine game::effects::search_outside_game::tests::ai_generates_duplicate_outside_game_indices_for_available_copies
        PASS [   0.055s] (3209/5512) phase-engine game::effects::search_outside_game::tests::duplicate_sideboard_selection_exceeding_available_count_is_rejected
        PASS [   0.088s] (3210/5512) phase-engine game::effects::search_outside_game::tests::a_wish_reaches_face_up_exile_only_under_the_pre_m10_scope
        PASS [   0.072s] (3211/5512) phase-engine game::effects::search_outside_game::tests::duplicate_sideboard_selection_up_to_available_count_is_accepted
        PASS [   0.079s] (3212/5512) phase-engine game::effects::search_outside_game::tests::choosing_sideboard_sorcery_preserves_match_sideboard_and_exiles_source
        PASS [   0.079s] (3213/5512) phase-engine game::effects::search_outside_game::tests::illegal_sideboard_selection_is_rejected
        PASS [   0.104s] (3214/5512) phase-engine game::effects::search_outside_game::tests::ai_generates_outside_game_choice_action
        PASS [   0.073s] (3215/5512) phase-engine game::effects::search_outside_game::tests::no_matching_sideboard_card_still_runs_continuation
        PASS [   0.053s] (3216/5512) phase-engine game::effects::search_outside_game::tests::the_pre_m10_scope_admits_no_card_the_modern_pool_would_refuse
        PASS [   0.081s] (3217/5512) phase-engine game::effects::search_outside_game::tests::karn_minus_two_pulls_sideboard_artifact_to_hand
        PASS [   0.084s] (3218/5512) phase-engine game::effects::search_outside_game::tests::karn_minus_two_pulls_face_up_exile_artifact_to_hand
        PASS [   0.081s] (3219/5512) phase-engine game::effects::search_outside_game::tests::single_copy_brought_into_game_is_not_offered_again
        PASS [   0.063s] (3220/5512) phase-engine game::effects::search_outside_game::tests::visibility_redacts_opponent_outside_game_choices
        PASS [   0.058s] (3221/5512) phase-engine game::effects::seek::tests::seek_empty_library_resolves_cleanly
        PASS [   0.086s] (3222/5512) phase-engine game::effects::search_outside_game::tests::the_pre_m10_scope_keeps_the_sideboard_half_of_the_pool
        PASS [   0.087s] (3223/5512) phase-engine game::effects::seek::tests::seek_count_two_moves_two_cards
        PASS [   0.074s] (3224/5512) phase-engine game::effects::seek::tests::seek_finds_matching_card_moves_to_hand
        PASS [   0.057s] (3225/5512) phase-engine game::effects::seek::tests::seek_no_matches_resolves_cleanly
        PASS [   0.065s] (3226/5512) phase-engine game::effects::seek::tests::seek_from_top_limits_candidate_pool_before_filtering
        PASS [   0.070s] (3227/5512) phase-engine game::effects::seek::tests::seek_of_chosen_kind_matches_nonland_choice
        PASS [   0.080s] (3228/5512) phase-engine game::effects::seek::tests::seek_of_chosen_kind_matches_land_choice
        PASS [   0.064s] (3229/5512) phase-engine game::effects::seek::tests::seek_only_searches_controllers_library
        PASS [   0.104s] (3230/5512) phase-engine game::effects::seek::tests::seek_from_top_can_find_matching_card_inside_limit
        PASS [   0.724s] (3231/5512) phase-engine game::effects::search_library::tests::beseech_bargained_accept_grants_cast_without_hand_fallback
        PASS [   0.081s] (3232/5512) phase-engine game::effects::seek::tests::seek_to_battlefield_tapped
        PASS [   0.101s] (3233/5512) phase-engine game::effects::seek::tests::seek_to_battlefield_moves_card
        PASS [   0.105s] (3234/5512) phase-engine game::effects::seek::tests::seek_parks_on_per_card_replacement_choice_and_stashes_tail
        PASS [   0.055s] (3235/5512) phase-engine game::effects::separate_piles::tests::separate_piles_offer_excludes_a_phased_out_opponent_at_both_pile_sources
        PASS [   0.078s] (3236/5512) phase-engine game::effects::separate_piles::tests::empty_pile_choice_sacrifices_nothing
        PASS [   0.071s] (3237/5512) phase-engine game::effects::separate_piles::tests::make_an_example_parks_on_opponent_partition
        PASS [   0.096s] (3238/5512) phase-engine game::effects::separate_piles::tests::empty_opponent_pools_skip_to_completion
        PASS [   0.073s] (3239/5512) phase-engine game::effects::set_class_level::tests::class_level_ge_condition_evaluates_correctly
        PASS [   0.118s] (3240/5512) phase-engine game::effects::separate_piles::tests::discriminator_make_an_example_sacrifices_chosen_pile
        PASS [   0.084s] (3241/5512) phase-engine game::effects::set_class_level::tests::class_enters_at_level_1
        PASS [   0.063s] (3242/5512) phase-engine game::effects::set_class_level::tests::class_level_is_restriction_permits_correct_level
        PASS [   0.066s] (3243/5512) phase-engine game::effects::set_room_door_lock::tests::no_target_is_noop
        PASS [   0.072s] (3244/5512) phase-engine game::effects::set_room_door_lock::tests::no_eligible_door_is_noop
        PASS [   0.072s] (3245/5512) phase-engine game::effects::set_room_door_lock::tests::lock_removes_designation
        PASS [   0.060s] (3246/5512) phase-engine game::effects::set_room_door_lock::tests::unlock_two_locked_doors_prompts_choice
        PASS [   0.081s] (3247/5512) phase-engine game::effects::set_class_level::tests::set_class_level_updates_level_and_marks_dirty
        PASS [   0.082s] (3248/5512) phase-engine game::effects::set_class_level::tests::class_resets_to_level_1_on_zone_reentry
        PASS [   0.051s] (3249/5512) phase-engine game::effects::shuffle::tests::cant_shuffle_preserves_library_order
        PASS [   0.050s] (3250/5512) phase-engine game::effects::shuffle::tests::shuffle_controller_filter_does_not_inherit_parent_player_target
        PASS [   0.074s] (3251/5512) phase-engine game::effects::set_room_door_lock::tests::unlock_single_locked_door_applies_directly
        PASS [   0.046s] (3252/5512) phase-engine game::effects::shuffle::tests::shuffle_parent_target_controller_shuffles_target_objects_controller
        PASS [   0.084s] (3253/5512) phase-engine game::effects::shuffle::tests::shuffle_emits_effect_resolved
        PASS [   0.054s] (3254/5512) phase-engine game::effects::shuffle::tests::shuffle_preserves_library_size
        PASS [   0.049s] (3255/5512) phase-engine game::effects::skip_next_step::tests::skip_combat_phase_expands_to_all_five_combat_steps
        PASS [   0.061s] (3256/5512) phase-engine game::effects::skip_next_step::tests::all_of_next_turn_arms_pending_and_leaves_steps_empty
        PASS [   0.056s] (3257/5512) phase-engine game::effects::skip_next_step::tests::stacked_all_of_next_turn_skips_accumulate_pending
        PASS [   0.096s] (3258/5512) phase-engine game::effects::shuffle::tests::shuffle_owner_routes_to_source_objects_owner_not_controller
        PASS [   0.045s] (3259/5512) phase-engine game::effects::skip_next_turn::tests::skip_next_turn_increments_counter
        PASS [   0.091s] (3260/5512) phase-engine game::effects::shuffle::tests::shuffle_targets_specified_player
        PASS [   0.043s] (3261/5512) phase-engine game::effects::skip_next_turn::tests::skip_next_turn_targeted_player
        PASS [   0.051s] (3262/5512) phase-engine game::effects::skip_next_turn::tests::skip_next_turn_stacks
        PASS [   0.089s] (3263/5512) phase-engine game::effects::skip_next_turn::tests::skip_next_turn_count_greater_than_one
        PASS [   0.050s] (3264/5512) phase-engine game::effects::skip_next_turn::tests::skip_next_turn_zero_count_is_noop
        PASS [   0.098s] (3265/5512) phase-engine game::effects::skip_next_step::tests::skip_next_step_increments_step_counter
        PASS [   0.053s] (3266/5512) phase-engine game::effects::speed_effects::tests::all_except_parent_target_controller_excludes_target_controller
        PASS [   0.057s] (3267/5512) phase-engine game::effects::skip_next_turn::tests::two_hg_skip_next_turn_uses_team_representative_once
        PASS [   0.048s] (3268/5512) phase-engine game::effects::speed_effects::tests::all_except_parent_target_owner_excludes_zone_change_owner
        PASS [   0.070s] (3269/5512) phase-engine game::effects::skip_next_turn::tests::standard_skip_next_turn_targeted_player_is_not_normalized
        PASS [   0.065s] (3270/5512) phase-engine game::effects::speed_effects::tests::player_attribute_life_total_reads_team_total_in_2hg
        PASS [   0.075s] (3271/5512) phase-engine game::effects::speed_effects::tests::player_attribute_starting_life_threshold_binds_each_speed_recipient
        PASS [   0.090s] (3272/5512) phase-engine game::effects::speed_effects::tests::all_except_parent_target_owner_without_anchor_returns_no_players
        PASS [   0.046s] (3273/5512) phase-engine game::effects::spellbook_tests::resolve_chain_stashes_spellbook_continuation_until_choice_resolves
        PASS [   0.081s] (3274/5512) phase-engine game::effects::spellbook_tests::complete_draft_rejects_a_card_not_in_the_offered_list
        PASS [   0.084s] (3275/5512) phase-engine game::effects::spellbook_tests::complete_draft_conjures_the_chosen_card_into_the_destination
        PASS [   0.069s] (3276/5512) phase-engine game::effects::spellbook_tests::parser_maps_draft_clauses_to_the_right_destination
        PASS [   0.084s] (3277/5512) phase-engine game::effects::spellbook_tests::parser_honours_the_tapped_rider
        PASS [   0.053s] (3278/5512) phase-engine game::effects::spellbook_tests::resolve_is_a_noop_when_the_source_has_no_spellbook
        PASS [   0.216s] (3279/5512) phase-engine game::effects::shuffle::tests::visions_shuffle_resolves_to_targeted_player_not_caster
        PASS [   0.046s] (3280/5512) phase-engine game::effects::spellbook_tests::resolve_raises_choice_from_the_sources_spellbook
        PASS [   0.096s] (3281/5512) phase-engine game::effects::spellbook_tests::random_spellbook_draft_conjures_without_pausing
        PASS [   0.053s] (3282/5512) phase-engine game::effects::surveil::tests::test_surveil_rejects_foreign_card_and_duplicate
        PASS [   0.028s] (3283/5512) phase-engine game::effects::suspect::tests::suspect_already_suspected_is_gated
        PASS [   0.079s] (3284/5512) phase-engine game::effects::surveil::tests::test_surveil_keeps_chosen_cards_on_top_in_order_and_mills_rest
        PASS [   0.056s] (3285/5512) phase-engine game::effects::surveil::tests::test_surveil_with_empty_library_still_surveils_without_prompt
        PASS [   0.051s] (3286/5512) phase-engine game::effects::suspect::tests::cant_become_suspected_static_blocks_suspect
        PASS [   0.085s] (3287/5512) phase-engine game::effects::surveil::tests::test_surveil_negative_count_emits_no_surveil_event
        PASS [   0.057s] (3288/5512) phase-engine game::effects::surveil::tests::test_surveil_zero_emits_no_surveil_event
        PASS [   0.090s] (3289/5512) phase-engine game::effects::surveil::tests::test_surveil_2_sets_waiting_for_surveil_choice
        PASS [   0.102s] (3290/5512) phase-engine game::effects::spellbook_tests::spellbook_draft_offers_only_the_activated_sources_list
        PASS [   0.051s] (3291/5512) phase-engine game::effects::suspect::tests::suspect_last_created_token
        PASS [   0.078s] (3292/5512) phase-engine game::effects::suspect::tests::suspect_derives_abilities_on_layer_recalc
        PASS [   0.049s] (3293/5512) phase-engine game::effects::suspect::tests::unsuspect_through_dispatch_removes_designation_and_abilities
        PASS [   0.051s] (3294/5512) phase-engine game::effects::suspect::tests::unsuspect_idempotent_when_not_suspected
        PASS [   0.065s] (3295/5512) phase-engine game::effects::swap_chosen_labels::tests::swap_ignores_unrelated_label
        PASS [   0.165s] (3296/5512) phase-engine game::effects::spellbook_tests::spellbook_pick_drives_the_draft_and_conjures_the_chosen_card
        PASS [   0.063s] (3297/5512) phase-engine game::effects::switch_pt::tests::switch_pt_selfref_overrides_propagated_parent_targets
        PASS [   0.072s] (3298/5512) phase-engine game::effects::swap_chosen_labels::tests::swap_flips_matching_labels_and_leaves_others
        PASS [   0.100s] (3299/5512) phase-engine game::effects::suspect::tests::suspect_gate_zero_scans
        PASS [   0.100s] (3300/5512) phase-engine game::effects::suspect::tests::suspect_sets_designation_without_touching_base
        PASS [   0.059s] (3301/5512) phase-engine game::effects::tap_untap::tests::effect_untap_blocked_stun_removal_has_no_counter_command
        PASS [   0.047s] (3302/5512) phase-engine game::effects::tap_untap::tests::set_tap_state_routes_all_four_quadrants
        PASS [   0.057s] (3303/5512) phase-engine game::effects::tap_untap::tests::resolution_timed_multi_untap_prompts_for_battlefield_lands
        PASS [   0.064s] (3304/5512) phase-engine game::effects::tap_untap::tests::host_duration_on_non_untap_replacement_fails_closed
        PASS [   0.083s] (3305/5512) phase-engine game::effects::tap_untap::tests::effect_untap_removes_one_stun_counter_and_leaves_permanent_tapped
        PASS [   0.089s] (3306/5512) phase-engine game::effects::tap_untap::tests::effect_untap_final_stun_retires_started_duration
        PASS [   0.309s] (3307/5512) phase-engine game::effects::spellbook_tests::parser_rejects_unmodeled_riders_as_unimplemented
        PASS [   0.043s] (3308/5512) phase-engine game::effects::tap_untap::tests::tap_all_creatures
        PASS [   0.029s] (3309/5512) phase-engine game::effects::tap_untap::tests::tap_self_ref_with_empty_targets_taps_source
        PASS [   0.145s] (3310/5512) phase-engine game::effects::tap_untap::tests::spider_woman_cant_untap_dead_on_host_blink
        PASS [   0.030s] (3311/5512) phase-engine game::effects::tap_untap::tests::tap_sets_tapped_true
        PASS [   0.190s] (3312/5512) phase-engine game::effects::tap_untap::tests::locked_host_copiable_values_exclude_control_gated_lock
        PASS [   0.226s] (3313/5512) phase-engine game::effects::tap_untap::tests::blossombind_enchanted_creature_cant_be_untapped_by_an_effect
        PASS [   0.033s] (3314/5512) phase-engine game::effects::tap_untap::tests::tap_untap_choice_with_eligible_permanents_still_prompts
        PASS [   0.028s] (3315/5512) phase-engine game::effects::tap_untap::tests::tap_untap_choice_with_unresolved_x_count_is_not_treated_as_resolved
        PASS [   0.166s] (3316/5512) phase-engine game::effects::tap_untap::tests::spider_woman_secret_agent_cant_untap_for_as_long_as_controlled
        PASS [   0.045s] (3317/5512) phase-engine game::effects::tap_untap::tests::tap_untap_choice_with_no_eligible_permanents_does_not_deadlock
        PASS [   0.189s] (3318/5512) phase-engine game::effects::tap_untap::tests::spider_woman_cant_untap_dead_on_source_reentry
        PASS [   0.043s] (3319/5512) phase-engine game::effects::tap_untap::tests::untap_all_nonland_permanents_you_control
        PASS [   0.039s] (3320/5512) phase-engine game::effects::tap_untap::tests::untap_parent_target_with_chosen_object_does_not_untap_source
        PASS [   0.029s] (3321/5512) phase-engine game::effects::tap_untap::tests::untap_parent_target_with_empty_targets_is_noop
        PASS [   0.188s] (3322/5512) phase-engine game::effects::tap_untap::tests::spider_woman_cant_untap_survives_layer_pass
        PASS [   0.031s] (3323/5512) phase-engine game::effects::tests::a_declined_gate_skips_a_kept_producer_with_its_skipped_rider
        PASS [   0.042s] (3324/5512) phase-engine game::effects::tests::a_condition_without_the_anaphor_is_not_deferred
        PASS [   0.047s] (3325/5512) phase-engine game::effects::tap_untap::tests::untap_self_ref_with_empty_targets_untaps_source
        PASS [   0.045s] (3326/5512) phase-engine game::effects::tap_untap::tests::untap_triggering_source_with_empty_targets_is_noop
        PASS [   0.039s] (3327/5512) phase-engine game::effects::tests::a_counter_with_the_exile_rider_stamps_its_countered_card_exiled
        PASS [   0.247s] (3328/5512) phase-engine game::effects::tap_untap::tests::spider_woman_cant_untap_dead_on_phase_out_no_revive
        PASS [   0.051s] (3329/5512) phase-engine game::effects::tap_untap::tests::untap_sets_tapped_false
        PASS [   0.229s] (3330/5512) phase-engine game::effects::tap_untap::tests::spider_woman_cant_untap_lapses_on_control_swap
        PASS [   0.055s] (3331/5512) phase-engine game::effects::tests::a_declined_gate_keeps_each_ungoverned_instruction_and_skips_each_governed_one
        PASS [   0.261s] (3332/5512) phase-engine game::effects::tap_untap::tests::spider_woman_cant_untap_lapses_on_real_gain_control_no_revive
        PASS [   0.056s] (3333/5512) phase-engine game::effects::tests::a_declined_gate_that_would_repeat_its_later_instructions_keeps_none
        PASS [   0.055s] (3334/5512) phase-engine game::effects::tests::activation_and_resolution_tallies_read_separate_ledgers
        PASS [   0.058s] (3335/5512) phase-engine game::effects::tests::additional_cost_paid_default_shape_reads_legacy_bool
        PASS [   0.062s] (3336/5512) phase-engine game::effects::tests::additional_cost_paid_min_count_reads_kickers_paid_len
        PASS [   0.068s] (3337/5512) phase-engine game::effects::tests::activation_tally_gates_on_the_printed_threshold
        PASS [   0.078s] (3338/5512) phase-engine game::effects::tests::a_mandatory_parent_that_did_nothing_suppresses_its_reflexive
        PASS [   0.058s] (3339/5512) phase-engine game::effects::tests::additional_cost_paid_variant_reads_kickers_paid
        PASS [   0.094s] (3340/5512) phase-engine game::effects::tests::a_relay_that_re_anchors_x_must_keep_publishing_its_own_result
        PASS [   0.059s] (3341/5512) phase-engine game::effects::tests::airbend_chain_exiles_all_creatures_when_no_target_is_chosen
        PASS [   0.045s] (3342/5512) phase-engine game::effects::tests::auto_sacrifice_then_gain_life_reads_sacrificed_toughness
        PASS [   0.053s] (3343/5512) phase-engine game::effects::tests::an_exchange_verdict_binds_both_levels_of_a_two_level_if_you_do
        PASS [   0.112s] (3344/5512) phase-engine game::effects::tests::a_declined_if_you_do_gate_keeps_only_the_audited_later_instructions
        PASS [   0.035s] (3345/5512) phase-engine game::effects::tests::bound_attach_remainder_requires_exact_producer_provenance
        PASS [   0.056s] (3346/5512) phase-engine game::effects::tests::bounce_followup_skips_draw_when_opponent_controlled_parent_target
        PASS [   0.060s] (3347/5512) phase-engine game::effects::tests::bounce_followup_draws_when_caster_controlled_parent_target
        PASS [   0.039s] (3348/5512) phase-engine game::effects::tests::candidate_player_scalar_reads_each_attribute
        PASS [   0.057s] (3349/5512) phase-engine game::effects::tests::bribe_taker_empty_counter_set_no_prompt
        PASS [   0.109s] (3350/5512) phase-engine game::effects::tests::airbend_chain_preserves_chosen_target_and_exiles_other_creatures
        PASS [   0.039s] (3351/5512) phase-engine game::effects::tests::change_zone_then_lose_life_reads_moved_object_mana_value
        PASS [   0.434s] (3352/5512) phase-engine game::effects::tap_untap::tests::somnophore_untap_lock_keeps_its_gate_under_the_presence_wording
        PASS [   0.068s] (3353/5512) phase-engine game::effects::tests::carried_member_rebind_retains_independent_player_target
        PASS [   0.064s] (3354/5512) phase-engine game::effects::tests::change_zone_exile_then_manifest_parent_target_controller_chain
        PASS [   0.071s] (3355/5512) phase-engine game::effects::tests::chain_depth_exceeds_limit_returns_error
        PASS [   0.101s] (3356/5512) phase-engine game::effects::tests::bribe_taker_for_each_kind_interactive_choice_runtime
        PASS [   0.060s] (3357/5512) phase-engine game::effects::tests::clash_with_multiple_opponents_prompts_for_opponent_choice
        PASS [   0.071s] (3358/5512) phase-engine game::effects::tests::clash_offer_excludes_a_phased_out_opponent_and_still_offers_the_rest
        PASS [   0.101s] (3359/5512) phase-engine game::effects::tests::change_zone_all_battlefield_to_hand_publishes_chain_for_tracked_set_size_cr_609_3
        PASS [   0.057s] (3360/5512) phase-engine game::effects::tests::clash_with_no_opponents_does_not_default_to_invalid_player
        PASS [   0.101s] (3361/5512) phase-engine game::effects::tests::city_blessing_race_grants_sub_ability_token_same_resolution
        PASS [   0.069s] (3362/5512) phase-engine game::effects::tests::compound_zone_change_chain_unifies_tracked_set
        PASS [   0.074s] (3363/5512) phase-engine game::effects::tests::clash_with_single_opponent_needs_no_choice
        PASS [   0.069s] (3364/5512) phase-engine game::effects::tests::condition_contains_designation_recurses_through_condition_instead
        PASS [   0.080s] (3365/5512) phase-engine game::effects::tests::concrete_parent_target_remains_feasible_for_optional_cast
        PASS [   0.081s] (3366/5512) phase-engine game::effects::tests::condition_instead_not_swap_tail_runner_honors_gates
        PASS [   0.068s] (3367/5512) phase-engine game::effects::tests::condition_instead_swap_clears_parent_condition
        PASS [   0.059s] (3368/5512) phase-engine game::effects::tests::condition_instead_swaps_when_met
        PASS [   0.058s] (3369/5512) phase-engine game::effects::tests::continuation_resume_preserves_live_delayed_trigger_firing
        PASS [   0.089s] (3370/5512) phase-engine game::effects::tests::condition_instead_runs_base_chain_when_not_met
        PASS [   0.067s] (3371/5512) phase-engine game::effects::tests::copy_spell_performed_tracks_stack_pushed_event
        PASS [   0.068s] (3372/5512) phase-engine game::effects::tests::copy_token_chain_grants_haste_to_all_created_tokens_not_sources
        PASS [   0.070s] (3373/5512) phase-engine game::effects::tests::copy_token_chain_no_created_tokens_clears_stale_last_created_before_followup
        PASS [   0.046s] (3374/5512) phase-engine game::effects::tests::damage_chain_controller_rider_ignores_parent_targets
        PASS [   0.071s] (3375/5512) phase-engine game::effects::tests::copy_token_chain_outer_target_only_grant_binds_created_token_not_source
        PASS [   0.060s] (3376/5512) phase-engine game::effects::tests::count_producer_installs_total_scalar_alongside_per_player_counts
        PASS [   0.068s] (3377/5512) phase-engine game::effects::tests::count_authority_producer_set_is_closed_over_effect_kind
        PASS [   0.051s] (3378/5512) phase-engine game::effects::tests::damaged_object_context_ignores_multi_target_damage
        PASS [   0.108s] (3379/5512) phase-engine game::effects::tests::copy_token_chain_grants_haste_to_created_token_not_copy_source
        PASS [   0.101s] (3380/5512) phase-engine game::effects::tests::counter_spell_damage_rider_hits_countered_spell_controller
        PASS [   0.050s] (3381/5512) phase-engine game::effects::tests::discard_hand_then_draw_event_context_amount_without_player_scope
        PASS [   0.089s] (3382/5512) phase-engine game::effects::tests::damaged_object_context_ignores_player_damage
        PASS [   0.093s] (3383/5512) phase-engine game::effects::tests::damaged_object_context_reads_single_object_damage
        PASS [   0.062s] (3384/5512) phase-engine game::effects::tests::distinct_colors_among_tracked_set_sources_references_tracked_set
        PASS [   0.060s] (3385/5512) phase-engine game::effects::tests::drain_active_repeat_for_reparks_on_synchronous_continuation
        PASS [   0.063s] (3386/5512) phase-engine game::effects::tests::drained_discard_batch_emits_its_terminal_marker_and_counts_across_the_pause
        PASS [   0.057s] (3387/5512) phase-engine game::effects::tests::drained_fan_out_returns_an_interactive_seat_to_the_continuation_path
        PASS [   0.042s] (3388/5512) phase-engine game::effects::tests::effect_parent_ref_slots_surfaces_context_ref_unattach_all_attachment
        PASS [   0.102s] (3389/5512) phase-engine game::effects::tests::distinct_counter_kinds_among_drives_repeat_for_count
        PASS [   0.114s] (3390/5512) phase-engine game::effects::tests::discard_choice_publishes_tracked_set_across_continuation
        PASS [   0.067s] (3391/5512) phase-engine game::effects::tests::effect_zone_choice_publishes_chosen_cards_for_plotted_continuation
        PASS [   0.084s] (3392/5512) phase-engine game::effects::tests::effect_event_subject_anaphor_is_node_local
        PASS [   0.095s] (3393/5512) phase-engine game::effects::tests::duplicate_tap_events_for_same_creature_still_capture_single_referent
        PASS [   0.119s] (3394/5512) phase-engine game::effects::tests::drained_fan_out_resets_the_cost_payment_failure_between_seats
        PASS [   0.078s] (3395/5512) phase-engine game::effects::tests::eliminating_a_seat_prunes_the_paused_roster_but_not_its_reduction_domain
        PASS [   0.102s] (3396/5512) phase-engine game::effects::tests::effect_zone_choice_sacrifice_then_gain_life_reads_sacrificed_toughness
        PASS [   0.066s] (3397/5512) phase-engine game::effects::tests::empty_non_parent_cast_shapes_remain_feasible_without_missing_provenance
        PASS [   0.090s] (3398/5512) phase-engine game::effects::tests::empty_forward_result_replaces_a_stale_context_before_an_any_rider
        PASS [   0.221s] (3399/5512) phase-engine game::effects::tests::dichotomancy_member_driven_search_uses_target_players_library
        PASS [   0.066s] (3400/5512) phase-engine game::effects::tests::evaluate_cast_during_main_phase_checks_cast_phase_context
        PASS [   0.111s] (3401/5512) phase-engine game::effects::tests::effect_zone_choice_then_lose_life_reads_chosen_object_mana_value
        PASS [   0.073s] (3402/5512) phase-engine game::effects::tests::empty_targets_record_empty_tracked_set_for_downstream_context
        PASS [   0.112s] (3403/5512) phase-engine game::effects::tests::empty_forward_result_pruning_replaces_a_stale_context_before_an_any_rider
        PASS [   0.054s] (3404/5512) phase-engine game::effects::tests::evaluate_condition_additional_cost_paid_target_reads_target_object
        PASS [   0.040s] (3405/5512) phase-engine game::effects::tests::evaluate_condition_and_all_true
        PASS [   0.065s] (3406/5512) phase-engine game::effects::tests::evaluate_condition_and_one_false
        PASS [   0.058s] (3407/5512) phase-engine game::effects::tests::evaluate_condition_cast_variant_paid_target_reads_target_object
        PASS [   0.051s] (3408/5512) phase-engine game::effects::tests::evaluate_condition_city_blessing_checks_ability_controller
        PASS [   0.046s] (3409/5512) phase-engine game::effects::tests::evaluate_condition_first_combat_phase_checks_turn_counter
        PASS [   0.066s] (3410/5512) phase-engine game::effects::tests::evaluate_condition_is_monarch_checks_ability_controller
        PASS [   0.091s] (3411/5512) phase-engine game::effects::tests::evaluate_condition_bare_current_phase_is_reads_live_phase
        PASS [   0.071s] (3412/5512) phase-engine game::effects::tests::evaluate_condition_commander_ownership_arms_are_distinct
        PASS [   0.037s] (3413/5512) phase-engine game::effects::tests::evelyn_chain_exiles_each_players_top_card_with_collection_counter_and_permission
        PASS [   0.071s] (3414/5512) phase-engine game::effects::tests::evaluate_condition_current_phase_is_your_main_phase_dose_gate
        PASS [   0.076s] (3415/5512) phase-engine game::effects::tests::evaluate_condition_coin_flip_outcome_is_controller_relative
        PASS [   0.047s] (3416/5512) phase-engine game::effects::tests::exchange_control_performed_tracks_controller_changed_event
        PASS [   0.050s] (3417/5512) phase-engine game::effects::tests::every_filter_bearing_condition_sees_the_last_created_anaphor
        PASS [   0.091s] (3418/5512) phase-engine game::effects::tests::evaluate_controller_controlled_as_cast_reads_spell_context_snapshot
        PASS [   0.072s] (3419/5512) phase-engine game::effects::tests::event_outcome_won_reads_clash_result_for_ability_controller
        PASS [   0.047s] (3420/5512) phase-engine game::effects::tests::exile_face_down_pile_tracked_count_marks_effect_as_referencing_tracked_set
        PASS [   0.051s] (3421/5512) phase-engine game::effects::tests::expand_per_counter_composite_recurses
        PASS [   0.052s] (3422/5512) phase-engine game::effects::tests::expand_per_counter_one_of_unfolds_to_composite_of_one_ofs
        PASS [   0.064s] (3423/5512) phase-engine game::effects::tests::expand_per_counter_discard_scales_count
        PASS [   0.064s] (3424/5512) phase-engine game::effects::tests::expand_per_counter_mana_scales
        PASS [   0.062s] (3425/5512) phase-engine game::effects::tests::expand_per_counter_top_library_exile_scales_count
        PASS [   0.048s] (3426/5512) phase-engine game::effects::tests::expand_per_counter_zero_returns_zero_mana
        PASS [   0.067s] (3427/5512) phase-engine game::effects::tests::expand_per_counter_pay_life_multiplies
        PASS [   0.077s] (3428/5512) phase-engine game::effects::tests::expand_per_counter_sacrifice_multiplies_count
        PASS [   0.064s] (3429/5512) phase-engine game::effects::tests::expand_the_sphere_two_lands_proliferates_zero_times
        PASS [   0.037s] (3430/5512) phase-engine game::effects::tests::fill_zero_contributors_fills_an_entirely_empty_table
        PASS [   0.043s] (3431/5512) phase-engine game::effects::tests::fill_zero_contributors_adds_the_absent_player_as_zero
        PASS [   0.077s] (3432/5512) phase-engine game::effects::tests::exploit_follow_up_requires_an_announced_battlefield_departure_record
        PASS [   0.068s] (3433/5512) phase-engine game::effects::tests::exploit_follow_up_uses_the_actual_departure_record_once_in_any_event_order
        PASS [   0.093s] (3434/5512) phase-engine game::effects::tests::expand_the_sphere_zero_lands_proliferates_twice
        PASS [   0.047s] (3435/5512) phase-engine game::effects::tests::fill_zero_contributors_preserves_existing_counts
        PASS [   0.049s] (3436/5512) phase-engine game::effects::tests::filter_refs_parent_target_detects_parent_target_slot
        PASS [   0.091s] (3437/5512) phase-engine game::effects::tests::false_ordinal_parent_suppresses_true_non_ordinal_dependent_sibling
        PASS [   0.185s] (3438/5512) phase-engine game::effects::tests::exile_top_three_impulse_grant_applies_once_per_card
        PASS [   0.061s] (3439/5512) phase-engine game::effects::tests::gain_control_all_publishes_tracked_set_for_those_creatures_tail
        PASS [   0.056s] (3440/5512) phase-engine game::effects::tests::generic_effect_publish_defers_to_a_later_producer_in_the_chain
        PASS [   0.079s] (3441/5512) phase-engine game::effects::tests::forward_result_non_attach_parent_target_binds_moved_object
        PASS [   0.072s] (3442/5512) phase-engine game::effects::tests::generic_effect_population_filter_skips_an_earlier_static_with_no_application_filter
        PASS [   0.088s] (3443/5512) phase-engine game::effects::tests::forward_result_attach_to_last_created_uses_moved_object_as_attachment
        PASS [   0.097s] (3444/5512) phase-engine game::effects::tests::forward_result_with_parent_targets_binds_moved_object
        PASS [   0.051s] (3445/5512) phase-engine game::effects::tests::graveyard_count_predicate_covers_each_quantity_spelling
        PASS [   0.073s] (3446/5512) phase-engine game::effects::tests::give_control_performed_tracks_controller_changed_event
        PASS [   0.057s] (3447/5512) phase-engine game::effects::tests::graveyard_to_hand_move_binds_referent_with_move_time_mana_value
        PASS [   0.067s] (3448/5512) phase-engine game::effects::tests::hand_off_identity_triple_rejects_a_foreign_batch
        PASS [   0.080s] (3449/5512) phase-engine game::effects::tests::if_you_do_gate_resets_tracked_set_so_choice_excludes_gating_discard
        PASS [   0.076s] (3450/5512) phase-engine game::effects::tests::is_known_effect_rejects_unimplemented
        PASS [   0.071s] (3451/5512) phase-engine game::effects::tests::issue_1972_extort_accept_without_payable_mana_does_not_drain
        PASS [   0.082s] (3452/5512) phase-engine game::effects::tests::issue_1972_extort_optional_accept_drains_all_opponents_and_gains
        PASS [   0.119s] (3453/5512) phase-engine game::effects::tests::hand_to_library_shuffle_local_continuation_requires_exact_scoped_pair
        PASS [   0.051s] (3454/5512) phase-engine game::effects::tests::library_to_hand_move_establishes_no_parent_referent
        PASS [   0.280s] (3455/5512) phase-engine game::effects::tests::expressive_iteration_dig_chain_reaches_library_bottom_and_exile
        PASS [   0.130s] (3456/5512) phase-engine game::effects::tests::inherited_unrelated_targets_do_not_restore_a_missing_exact_parent
        PASS [   0.114s] (3457/5512) phase-engine game::effects::tests::issue_2403_sin_spira_random_exile_copy_token_from_tracked_set
        PASS [   0.043s] (3458/5512) phase-engine game::effects::tests::mass_population_effects_surface_event_subject_targets
        PASS [   0.065s] (3459/5512) phase-engine game::effects::tests::lose_life_iteration_bound_recipient_classification
        PASS [   0.068s] (3460/5512) phase-engine game::effects::tests::mana_pay_cost_does_not_zero_the_previous_chain_steps_amount
        PASS [   0.039s] (3461/5512) phase-engine game::effects::tests::missing_parent_target_blocks_optional_cast_and_play_for_every_driver
        PASS [   0.047s] (3462/5512) phase-engine game::effects::tests::may_trigger_origin_stamps_optional_sub_abilities
        PASS [   0.096s] (3463/5512) phase-engine game::effects::tests::look_then_cast_chain_filters_injected_targets_by_cast_filter
        PASS [   0.054s] (3464/5512) phase-engine game::effects::tests::member_driven_unless_loop_prompts_for_its_first_bound_member
        PASS [   0.052s] (3465/5512) phase-engine game::effects::tests::mode_boundary_reset_is_edge_triggered_and_survives_re_entry
        PASS [   0.053s] (3466/5512) phase-engine game::effects::tests::moved_object_context_ignores_ambiguous_multiple_zone_changes
        PASS [   0.170s] (3467/5512) phase-engine game::effects::tests::issue_2405_broken_bond_land_put_does_not_consume_land_drop
        PASS [   0.055s] (3468/5512) phase-engine game::effects::tests::nested_carriers_still_reach_the_last_created_anaphor
        PASS [   0.056s] (3469/5512) phase-engine game::effects::tests::multiple_tapped_creatures_yield_no_singular_referent
        PASS [   0.062s] (3470/5512) phase-engine game::effects::tests::multiple_qualifying_moves_bind_no_parent_referent
        PASS [   0.079s] (3471/5512) phase-engine game::effects::tests::multi_target_opponents_resume_before_controller_sequential_tail
        PASS [   0.108s] (3472/5512) phase-engine game::effects::tests::moved_object_context_reads_single_zone_change_record
        PASS [   0.056s] (3473/5512) phase-engine game::effects::tests::nonzero_damage_is_still_read_by_the_next_clause
        PASS [   0.075s] (3474/5512) phase-engine game::effects::tests::no_tracked_set_without_flag
        PASS [   0.071s] (3475/5512) phase-engine game::effects::tests::nonzero_counters_removed_is_still_read_by_the_next_clause
        PASS [   0.066s] (3476/5512) phase-engine game::effects::tests::nth_resolution_counter_is_per_ability_index
        PASS [   0.058s] (3477/5512) phase-engine game::effects::tests::nth_resolution_increments_per_resolution_and_gates_correctly
        PASS [   0.073s] (3478/5512) phase-engine game::effects::tests::nth_resolution_counter_resets_on_turn_start
        PASS [   0.082s] (3479/5512) phase-engine game::effects::tests::nth_resolution_counter_is_per_source
        PASS [   0.054s] (3480/5512) phase-engine game::effects::tests::only_pruned_empty_target_slots_do_not_inherit_parent_targets
        PASS [   0.082s] (3481/5512) phase-engine game::effects::tests::nth_resolution_gates_sequential_sibling_subability
        PASS [   0.055s] (3482/5512) phase-engine game::effects::tests::opponent_of_triggering_player_excludes_two_headed_giant_teammate
        PASS [   0.313s] (3483/5512) phase-engine game::effects::tests::issue_2400_doubling_chant_member_driven_search_iterations
        PASS [   0.064s] (3484/5512) phase-engine game::effects::tests::opponent_of_triggering_player_matches_casters_opponents
        PASS [   0.089s] (3485/5512) phase-engine game::effects::tests::nth_resolution_no_index_does_not_increment_or_match
        PASS [   0.044s] (3486/5512) phase-engine game::effects::tests::optional_decline_runs_only_nested_decline_clause_not_accept_body
        PASS [   0.051s] (3487/5512) phase-engine game::effects::tests::optional_and_decline_branch_still_evaluates_sibling_conjunct
        PASS [   0.059s] (3488/5512) phase-engine game::effects::tests::optional_and_decline_branch_accepts_after_stripping_consumed_not_leaf
        PASS [   0.049s] (3489/5512) phase-engine game::effects::tests::optional_decision_subject_supports_only_audited_single_object_roles
        PASS [   0.030s] (3490/5512) phase-engine game::effects::tests::optional_member_move_declines_only_impossible_member_and_reaches_later_prompt
        PASS [   0.162s] (3491/5512) phase-engine game::effects::tests::nth_resolution_ordinal_siblings_resolve_exclusively_in_written_order
        PASS [   0.072s] (3492/5512) phase-engine game::effects::tests::optional_discard_if_you_do_not_blocked_by_stale_flag
        PASS [   0.092s] (3493/5512) phase-engine game::effects::tests::optional_discard_if_you_do_draw_fires_after_choice
        PASS [   0.109s] (3494/5512) phase-engine game::effects::tests::optional_cast_feasibility_preserves_valid_graveyard_and_exile_spells
        PASS [   0.061s] (3495/5512) phase-engine game::effects::tests::optional_empty_hand_discard_does_not_create_reflexive_target_choice
        PASS [   0.062s] (3496/5512) phase-engine game::effects::tests::optional_move_counter_feasibility_uses_validated_target_slots
        PASS [   0.067s] (3497/5512) phase-engine game::effects::tests::optional_move_counter_feasibility_hydrates_target_dependent_quantity
        PASS [   0.096s] (3498/5512) phase-engine game::effects::tests::optional_discard_if_you_do_draw_fires_after_interactive_choice
        PASS [  10.937s] (3499/5512) phase-engine game::effects::deal_damage::tests::damage_record_snapshots_fused_split_source_combined_mana_value_and_colors
        PASS [   0.053s] (3500/5512) phase-engine game::effects::tests::optional_move_with_counter_prevention_remains_offerable
        PASS [   0.158s] (3501/5512) phase-engine game::effects::tests::opponent_scoped_hand_shuffle_stays_inside_each_iteration
        PASS [   0.074s] (3502/5512) phase-engine game::effects::tests::optional_negative_or_decline_branch_accepts_when_sibling_true
        PASS [   0.076s] (3503/5512) phase-engine game::effects::tests::optional_negative_or_decline_branch_accepts_when_sibling_false
        PASS [   0.074s] (3504/5512) phase-engine game::effects::tests::optional_prompt_hydrates_post_replacement_subject_before_latching
        PASS [   0.071s] (3505/5512) phase-engine game::effects::tests::optional_prompt_latches_subject_from_the_exact_hydrated_frame_ability
        PASS [   0.084s] (3506/5512) phase-engine game::effects::tests::optional_parent_target_move_is_infeasible_only_without_a_referent
        PASS [   0.075s] (3507/5512) phase-engine game::effects::tests::optional_put_chosen_counter_respects_target_condition
        PASS [   0.080s] (3508/5512) phase-engine game::effects::tests::optional_resolution_pay_ability_cost_if_you_do_draws_after_composite_payment
        PASS [   0.100s] (3509/5512) phase-engine game::effects::tests::optional_private_zone_placement_preserves_zero_selection_choices
        PASS [   0.042s] (3510/5512) phase-engine game::effects::tests::optional_zone_choice_after_mill_can_return_milled_land
        PASS [   0.106s] (3511/5512) phase-engine game::effects::tests::optional_single_target_node_is_the_antecedent_of_a_parent_target_grant
        PASS [   1.087s] (3512/5512) phase-engine game::effects::tests::destroy_all_chain_counts_filtered_tracked_set_for_token_followup
        PASS [   0.100s] (3513/5512) phase-engine game::effects::tests::optional_tidus_move_suppresses_only_impossible_prompt_and_runs_else
        PASS [   0.060s] (3514/5512) phase-engine game::effects::tests::ordinary_postlude_clears_stale_per_player_counts_before_scalar_fallback
        PASS [   0.069s] (3515/5512) phase-engine game::effects::tests::optional_trigger_prompt_includes_may_trigger_key
        PASS [   0.067s] (3516/5512) phase-engine game::effects::tests::override_instead_condition_met_swaps_effect
        PASS [   0.072s] (3517/5512) phase-engine game::effects::tests::override_instead_condition_not_met_runs_parent
        PASS [   0.060s] (3518/5512) phase-engine game::effects::tests::parent_chain_handoff_keeps_the_childs_cr610_3b_latch
        PASS [   0.065s] (3519/5512) phase-engine game::effects::tests::parent_referent_prefers_sacrifice_over_reveal
        PASS [   0.050s] (3520/5512) phase-engine game::effects::tests::performed_action_this_way_player_count_excludes_controller
        PASS [   0.037s] (3521/5512) phase-engine game::effects::tests::player_attribute_threshold_binds_starting_life_to_candidate
        PASS [   0.080s] (3522/5512) phase-engine game::effects::tests::parent_target_controller_prefers_inherited_targets_over_trigger_source
        PASS [   0.073s] (3523/5512) phase-engine game::effects::tests::parent_target_controller_search_puts_chosen_card_onto_that_players_battlefield
        PASS [   0.140s] (3524/5512) phase-engine game::effects::tests::optional_triggering_source_zone_move_survives_optional_prompt
        PASS [   0.056s] (3525/5512) phase-engine game::effects::tests::player_chosen_numbers_clear_at_chain_boundary
        PASS [   0.082s] (3526/5512) phase-engine game::effects::tests::per_opponent_cant_discard_consequence_draws_for_zero_count_players
        PASS [   0.088s] (3527/5512) phase-engine game::effects::tests::paused_fan_out_excludes_the_seat_that_has_not_answered_its_choice
        PASS [   0.064s] (3528/5512) phase-engine game::effects::tests::player_scope_discard_then_dark_deal_draws_per_players_discard_count_minus_one
        PASS [   0.087s] (3529/5512) phase-engine game::effects::tests::player_actions_this_way_clears_at_top_level_chain_entry
        PASS [   0.104s] (3530/5512) phase-engine game::effects::tests::player_actions_this_way_accumulates_across_player_scope_iterations
        PASS [   0.069s] (3531/5512) phase-engine game::effects::tests::player_scope_fan_out_publishes_a_zero_for_the_empty_handed_seat
        PASS [   0.070s] (3532/5512) phase-engine game::effects::tests::player_scope_opponent_counter_then_unscoped_draw
        PASS [   0.109s] (3533/5512) phase-engine game::effects::tests::player_scope_discard_then_draw_greatest_uses_max_aggregate
        PASS [   0.104s] (3534/5512) phase-engine game::effects::tests::player_scope_discard_then_draw_total_uses_sum_aggregate
        PASS [   0.099s] (3535/5512) phase-engine game::effects::tests::player_scope_exile_links_for_exiled_by_source_tail_without_tracked_set
        PASS [  15.601s] (3536/5512) phase-engine game::effects::cascade::tests::fused_split_spell_cascades_from_combined_mana_value
        PASS [   0.100s] (3537/5512) phase-engine game::effects::tests::player_scope_exile_until_links_for_exiled_by_source_tail
        PASS [   0.097s] (3538/5512) phase-engine game::effects::tests::player_scope_preserves_controller_for_you_quantities
        PASS [   0.093s] (3539/5512) phase-engine game::effects::tests::player_scope_runs_unscoped_tail_once_after_scoped_iterations
        PASS [   0.144s] (3540/5512) phase-engine game::effects::tests::player_scope_interactive_exile_tracks_for_exiled_by_source_tail
        PASS [   0.080s] (3541/5512) phase-engine game::effects::tests::player_scope_split_carries_a_detached_publisher_into_the_gate
        PASS [   0.077s] (3542/5512) phase-engine game::effects::tests::previous_effect_counts_change_zone_all_uses_terminal_window_and_empty_map
        PASS [   0.085s] (3543/5512) phase-engine game::effects::tests::population_predicate_sees_filters_the_wildcard_arm_used_to_swallow
        PASS [   0.092s] (3544/5512) phase-engine game::effects::tests::previous_effect_counts_discard_uses_its_terminal_window_and_causal_source
        PASS [   0.108s] (3545/5512) phase-engine game::effects::tests::player_scope_zone_changed_this_way_filters_by_owner
        PASS [   0.062s] (3546/5512) phase-engine game::effects::tests::publish_fresh_tracked_set_never_extends_ancestor
        PASS [   0.103s] (3547/5512) phase-engine game::effects::tests::previous_effect_amount_for_damage_ignores_counter_side_effects
        PASS [   0.105s] (3548/5512) phase-engine game::effects::tests::player_scope_zone_changed_this_way_includes_both_when_both_own
        PASS [   0.071s] (3549/5512) phase-engine game::effects::tests::publish_fresh_tracked_set_empty_selection
        PASS [   0.046s] (3550/5512) phase-engine game::effects::tests::pure_peek_parent_target_put_at_library_position_moves_looked_card
        PASS [   0.055s] (3551/5512) phase-engine game::effects::tests::pure_peek_parent_target_cast_injects_looked_library_card
        PASS [   0.054s] (3552/5512) phase-engine game::effects::tests::put_counter_all_publishes_countered_objects_for_tracked_set_followup
        PASS [   0.053s] (3553/5512) phase-engine game::effects::tests::put_counter_publishes_tracked_set_for_goad_all_tail
        PASS [   0.046s] (3554/5512) phase-engine game::effects::tests::random_reflexive_materializes_on_stack_before_effect
        PASS [   0.053s] (3555/5512) phase-engine game::effects::tests::quantity_condition_uses_original_controller_during_player_scope
        PASS [   0.089s] (3556/5512) phase-engine game::effects::tests::pure_peek_preserves_explicit_cast_from_zone_child_target
        PASS [   0.092s] (3557/5512) phase-engine game::effects::tests::reflexive_construction_preserves_same_controller_ordering_timestamps
        PASS [   0.095s] (3558/5512) phase-engine game::effects::tests::reflexive_target_chooser_differs_from_stack_controller
        PASS [   0.109s] (3559/5512) phase-engine game::effects::tests::reflexive_constructor_preserves_unassigned_distribution_metadata
        PASS [   0.074s] (3560/5512) phase-engine game::effects::tests::reflexive_with_no_legal_required_target_is_dropped_by_shared_dispatch
        PASS [   0.502s] (3561/5512) phase-engine game::effects::tests::optional_resolution_pay_mana_if_you_do_creates_token
        PASS [   0.082s] (3562/5512) phase-engine game::effects::tests::repeat_for_does_not_rebind_when_effect_lacks_parent_ref
        PASS [   0.070s] (3563/5512) phase-engine game::effects::tests::repeat_for_draws_multiple_cards
        PASS [   0.137s] (3564/5512) phase-engine game::effects::tests::reflexive_typed_resolution_choice_keeps_parent_referent
        PASS [   0.085s] (3565/5512) phase-engine game::effects::tests::repeat_for_player_count_over_tracked_set_possessors_references_tracked_set
        PASS [   0.075s] (3566/5512) phase-engine game::effects::tests::repeat_for_rebinds_parent_target_to_tracked_set_member_per_iteration
        PASS [   0.074s] (3567/5512) phase-engine game::effects::tests::repeat_for_tracked_set_marks_ability_as_referencing_tracked_set
        PASS [   0.065s] (3568/5512) phase-engine game::effects::tests::repeat_until_paused_resume_resets_prompt_after_inner_choice
        PASS [   0.227s] (3569/5512) phase-engine game::effects::tests::read_the_runes_declining_sacrifice_discards_per_card_drawn
        PASS [   0.044s] (3570/5512) phase-engine game::effects::tests::resolve_ability_chain_condition_blocks_optional_prompt
        PASS [   0.236s] (3571/5512) phase-engine game::effects::tests::random_graveyard_exile_chain_grants_play_from_exile_permission
        PASS [   0.062s] (3572/5512) phase-engine game::effects::tests::repeated_optional_payment_admits_only_synchronous_mana_cost
        PASS [   0.060s] (3573/5512) phase-engine game::effects::tests::resolution_window_batch_reaches_a_chained_consumer
        PASS [   0.111s] (3574/5512) phase-engine game::effects::tests::repeat_until_controller_choice_prompts_each_iteration
        PASS [   0.056s] (3575/5512) phase-engine game::effects::tests::resolve_ability_chain_gates_on_source_mana_color_spent
        PASS [   0.060s] (3576/5512) phase-engine game::effects::tests::resolve_ability_chain_evaluates_condition_per_scoped_player
        PASS [   0.145s] (3577/5512) phase-engine game::effects::tests::repeat_for_resumes_iteration_after_search_choice_resolves
        PASS [   0.046s] (3578/5512) phase-engine game::effects::tests::resolve_ability_chain_impossible_choice_does_not_wedge_chain
        PASS [   0.162s] (3579/5512) phase-engine game::effects::tests::repeat_for_resumed_iteration_runs_full_sub_ability_chain
        PASS [   0.044s] (3580/5512) phase-engine game::effects::tests::resolve_ability_chain_player_scope_opponent_sacrifice_uses_scoped_controller
        PASS [   0.237s] (3581/5512) phase-engine game::effects::tests::reflexive_typed_zone_change_resolves_inherited_parent_object
        PASS [   0.033s] (3582/5512) phase-engine game::effects::tests::resolve_unless_payer_scoped_player_reads_ability_scoped_player
        PASS [   0.048s] (3583/5512) phase-engine game::effects::tests::resolve_ability_chain_with_typed_sub_ability
        PASS [   0.067s] (3584/5512) phase-engine game::effects::tests::resolve_ability_chain_player_scope_all_draw
        PASS [   0.069s] (3585/5512) phase-engine game::effects::tests::resolve_ability_chain_player_scope_opponent_discard
        PASS [   0.052s] (3586/5512) phase-engine game::effects::tests::resolve_effect_returns_ok_for_unimplemented
        PASS [   0.073s] (3587/5512) phase-engine game::effects::tests::resolve_ability_chain_single_effect
        PASS [   0.047s] (3588/5512) phase-engine game::effects::tests::resumed_discard_stamp_rejects_a_later_incarnation_of_the_paused_card
        PASS [   0.048s] (3589/5512) phase-engine game::effects::tests::reveal_top_publishes_cards_revealed_for_tracked_set
        PASS [   0.056s] (3590/5512) phase-engine game::effects::tests::resolve_unless_payer_uses_player_action_event_player
        PASS [   0.045s] (3591/5512) phase-engine game::effects::tests::revealed_chosen_creature_type_matches_a_changeling_card_in_the_library
        PASS [   0.509s] (3592/5512) phase-engine game::effects::tests::player_scope_owners_of_cards_exiled_by_source_uses_ltb_snapshot
        PASS [   0.053s] (3593/5512) phase-engine game::effects::tests::reveal_until_exile_kept_publishes_only_kept_card_for_tracked_set
        PASS [   0.079s] (3594/5512) phase-engine game::effects::tests::resolve_unless_payer_uses_parent_target_controller
        PASS [   0.062s] (3595/5512) phase-engine game::effects::tests::revealed_has_card_type_accepts_chosen_land_nonland_property_without_type_list
        PASS [   0.083s] (3596/5512) phase-engine game::effects::tests::reveal_until_conditional_kept_publishes_both_destinations_for_tracked_set
        PASS [   0.081s] (3597/5512) phase-engine game::effects::tests::revealed_has_card_type_falls_back_to_last_zone_changed_when_no_reveal
        PASS [   0.035s] (3598/5512) phase-engine game::effects::tests::saved_accept_for_may_trigger_resolves_without_prompt
        PASS [   0.072s] (3599/5512) phase-engine game::effects::tests::revealed_object_context_ignores_two_reveal_events
        PASS [   0.077s] (3600/5512) phase-engine game::effects::tests::revealed_object_context_ignores_multi_card_reveal
        PASS [   0.104s] (3601/5512) phase-engine game::effects::tests::revealed_has_card_type_context_uses_event_snapshot_across_incarnations
        PASS [   0.086s] (3602/5512) phase-engine game::effects::tests::revealed_object_context_reads_single_revealed_card
        PASS [   0.093s] (3603/5512) phase-engine game::effects::tests::sacrificed_referent_binds_zone_changed_record_on_lki_cache_miss
        PASS [   0.109s] (3604/5512) phase-engine game::effects::tests::sacrifice_effect_context_feeds_non_interactive_downstream_quantities
        PASS [   0.063s] (3605/5512) phase-engine game::effects::tests::saved_decline_for_may_trigger_resolves_without_prompt
        PASS [   0.058s] (3606/5512) phase-engine game::effects::tests::saved_may_trigger_choice_is_scoped_to_prompt_player
        PASS [   0.101s] (3607/5512) phase-engine game::effects::tests::same_card_remembered_may_choice_uses_live_printed_identity_and_continues
        PASS [   0.063s] (3608/5512) phase-engine game::effects::tests::scoped_zero_count_producer_prevents_scalar_event_context_fallback
        PASS [   0.027s] (3609/5512) phase-engine game::effects::tests::shared_card_types_over_any_of_tracked_set_references_tracked_set
        PASS [   0.086s] (3610/5512) phase-engine game::effects::tests::scoped_postlude_clears_stale_per_player_counts_before_scalar_fallback
        PASS [   0.089s] (3611/5512) phase-engine game::effects::tests::scoped_player_matches_filter_uses_team_opponents_and_original_controller
        PASS [   0.088s] (3612/5512) phase-engine game::effects::tests::search_filter_dynamic_property_axes_consume_the_tracked_set
        PASS [   0.696s] (3613/5512) phase-engine game::effects::tests::player_scope_owners_of_cards_exiled_by_source_creates_owner_sized_tokens
        PASS [   0.049s] (3614/5512) phase-engine game::effects::tests::source_attacked_this_turn_player_filter_is_per_creature
        PASS [   0.068s] (3615/5512) phase-engine game::effects::tests::skipped_empty_forward_result_attach_replaces_a_stale_context_before_an_any_rider
        PASS [   0.095s] (3616/5512) phase-engine game::effects::tests::second_consumer_of_a_shared_x_reads_the_relay_not_the_anchor
        PASS [   0.047s] (3617/5512) phase-engine game::effects::tests::source_chosen_player_reads_live_source_then_lki
        PASS [   0.046s] (3618/5512) phase-engine game::effects::tests::split_player_scope_keeps_reveal_choice_consumer_in_iteration
        PASS [   0.047s] (3619/5512) phase-engine game::effects::tests::split_player_scope_keeps_reveal_anaphora_chain_but_detaches_aggregate
        PASS [   0.085s] (3620/5512) phase-engine game::effects::tests::sequential_sibling_failure_walk_resolves_selected_chain_once
        PASS [   0.215s] (3621/5512) phase-engine game::effects::tests::s07_longstalk_brawl_counter_gated_on_gift_promised
        PASS [   0.066s] (3622/5512) phase-engine game::effects::tests::split_player_scope_runs_the_choice_pass_after_every_reveal
        PASS [   0.053s] (3623/5512) phase-engine game::effects::tests::stack_pushed_parent_referent_requires_singular_copy
        PASS [   0.057s] (3624/5512) phase-engine game::effects::tests::stalled_repeat_answered_by_a_stored_may_choice_ends_without_a_draw
        PASS [   0.051s] (3625/5512) phase-engine game::effects::tests::structurally_nested_event_subject_is_detected
        PASS [   0.077s] (3626/5512) phase-engine game::effects::tests::strip_consumed_decline_gate_absorbs_negative_or_to_none
        PASS [   0.076s] (3627/5512) phase-engine game::effects::tests::strip_consumed_decline_gate_leaves_positive_or_unchanged
        PASS [   0.082s] (3628/5512) phase-engine game::effects::tests::strip_consumed_decline_gate_removes_not_leaf_from_and_keeps_sibling
        PASS [   0.075s] (3629/5512) phase-engine game::effects::tests::tapped_creature_is_captured_as_anaphoric_referent
        PASS [   0.086s] (3630/5512) phase-engine game::effects::tests::tap_chain_publishes_filtered_tracked_set_for_counter_followup
        PASS [   0.068s] (3631/5512) phase-engine game::effects::tests::tergrid_style_sacrifice_trigger_reanimates_sacrificed_permanent
        PASS [   0.075s] (3632/5512) phase-engine game::effects::tests::targetless_reflexive_is_deferred_and_root_gate_is_consumed
        PASS [   0.063s] (3633/5512) phase-engine game::effects::tests::thassas_oracle_win_condition_runtime_discriminator
        PASS [   0.107s] (3634/5512) phase-engine game::effects::tests::targeted_counter_adjust_add_and_remove_per_kind
        PASS [   0.082s] (3635/5512) phase-engine game::effects::tests::tergrid_style_trigger_reanimates_permanent_selected_for_sacrifice_prompt
        PASS [   0.059s] (3636/5512) phase-engine game::effects::tests::the_counter_rider_tail_allowlist_admits_only_the_families_a_test_drives
        PASS [   0.047s] (3637/5512) phase-engine game::effects::tests::token_choice_seed_waits_for_the_resolution_stack_to_drain
        PASS [   0.062s] (3638/5512) phase-engine game::effects::tests::the_declined_gate_audit_names_each_player_recipient_as_its_referent
        PASS [   0.056s] (3639/5512) phase-engine game::effects::tests::this_way_cause_for_mill_follows_the_declared_destination
        PASS [   0.039s] (3640/5512) phase-engine game::effects::tests::token_power_toughness_tracked_set_marks_ability_as_referencing_tracked_set
        PASS [   0.053s] (3641/5512) phase-engine game::effects::tests::token_tracked_entry_counter_marks_ability_as_referencing_tracked_set
        PASS [   0.089s] (3642/5512) phase-engine game::effects::tests::the_rider_tail_allowlist_admits_only_the_families_a_test_drives
        PASS [   0.053s] (3643/5512) phase-engine game::effects::tests::tracked_set_sentinel_does_not_reuse_prior_non_empty_set_when_current_move_is_empty
        PASS [   0.049s] (3644/5512) phase-engine game::effects::tests::triggering_source_on_a_mill_trigger_binds_the_milled_card
        PASS [   0.070s] (3645/5512) phase-engine game::effects::tests::tracked_set_recorded_for_delayed_trigger
        PASS [   0.048s] (3646/5512) phase-engine game::effects::tests::unless_pay_any_player_arms_apnap_poll
        PASS [   0.421s] (3647/5512) phase-engine game::effects::tests::s07_coiling_rebirth_token_gated_on_gift_and_nonlegendary
        PASS [   0.098s] (3648/5512) phase-engine game::effects::tests::triggered_uneven_land_search_detaches_shuffle_before_batch_admission
        PASS [   0.051s] (3649/5512) phase-engine game::effects::tests::unless_pay_per_counter_expands_against_source_counter_total
        PASS [   0.064s] (3650/5512) phase-engine game::effects::tests::unless_cost_with_nested_no_cost_is_unpayable
        PASS [   0.091s] (3651/5512) phase-engine game::effects::tests::unimplemented_effect_records_source_in_game_summary
        PASS [   0.056s] (3652/5512) phase-engine game::effects::tests::unless_pay_bare_x_threads_chosen_x_into_resolved_cost
        PASS [   0.469s] (3653/5512) phase-engine game::effects::tests::revealed_has_card_type_chain_uses_card_moved_by_parent_change_zone
        PASS [   0.094s] (3654/5512) phase-engine game::effects::tests::unless_cost_resolves_self_mana_inside_composite
        PASS [   0.055s] (3655/5512) phase-engine game::effects::tests::unless_pay_triggering_player_hydrates_before_prompt
        PASS [   0.042s] (3656/5512) phase-engine game::effects::tests::unless_pay_wrench_mind_discard_artifact_prompts_payment
        PASS [   0.060s] (3657/5512) phase-engine game::effects::tests::when_you_do_non_paycost_parent_fires_despite_stale_cost_failed_flag
        PASS [   0.066s] (3658/5512) phase-engine game::effects::tests::when_you_do_is_suppressed_for_an_exchange_that_exchanged_nothing
        PASS [   0.070s] (3659/5512) phase-engine game::effects::tests::voted_for_filter_matches_only_recorded_choosers
        PASS [   0.064s] (3660/5512) phase-engine game::effects::tests::when_you_do_reads_the_optional_performed_record_not_the_effect_type
        PASS [   0.068s] (3661/5512) phase-engine game::effects::tests::when_you_do_skipped_when_embedded_energy_cost_unpayable
        PASS [   0.052s] (3662/5512) phase-engine game::effects::tests::zero_counters_removed_overwrites_the_previous_chain_steps_amount
        PASS [   0.079s] (3663/5512) phase-engine game::effects::tests::when_you_do_runs_when_embedded_energy_cost_paid
        PASS [   0.113s] (3664/5512) phase-engine game::effects::tests::voted_for_filter_clears_at_chain_boundary
        PASS [   0.113s] (3665/5512) phase-engine game::effects::tests::wheel_of_fortune_each_player_discards_hand_then_draws_seven
        PASS [   0.047s] (3666/5512) phase-engine game::effects::tests::zero_life_gain_overwrites_the_previous_chain_steps_amount
        PASS [   0.055s] (3667/5512) phase-engine game::effects::tests::zero_damage_overwrites_the_previous_chain_steps_amount
        PASS [   0.056s] (3668/5512) phase-engine game::effects::tests::zero_life_loss_overwrites_the_previous_chain_steps_amount
        PASS [   0.071s] (3669/5512) phase-engine game::effects::tests::zero_life_pay_cost_overwrites_the_preceding_amount
        PASS [   0.063s] (3670/5512) phase-engine game::effects::tests::zone_changed_this_way_requires_named_destination
        PASS [   0.047s] (3671/5512) phase-engine game::effects::time_travel::tests::no_eligible_is_noop
        PASS [   0.078s] (3672/5512) phase-engine game::effects::tests::zone_change_object_ability_condition_checks_current_trigger_event_object
        PASS [   0.069s] (3673/5512) phase-engine game::effects::time_travel::tests::eligible_covers_controlled_perm_and_owned_exile_only
        PASS [   0.045s] (3674/5512) phase-engine game::effects::token::attach_host_authority_tests::art_descriptor_has_abilities_covers_every_base_ability_store
        PASS [   0.052s] (3675/5512) phase-engine game::effects::token::attach_host_authority_tests::a_composite_carrying_the_exile_anaphor_is_not_a_selected_target
        PASS [   0.046s] (3676/5512) phase-engine game::effects::token::attach_host_authority_tests::art_descriptor_ignores_display_mirror_rules_text
        PASS [   0.060s] (3677/5512) phase-engine game::effects::time_travel::tests::resolve_sets_remove_phase_and_apply_adjusts_counter
        PASS [   0.043s] (3678/5512) phase-engine game::effects::token::attach_host_authority_tests::art_descriptor_ignores_live_grants_and_modifications
        PASS [   0.043s] (3679/5512) phase-engine game::effects::token::attach_host_authority_tests::art_descriptor_reports_the_printed_body
        PASS [   0.062s] (3680/5512) phase-engine game::effects::token::attach_host_authority_tests::art_descriptor_names_keyword_families_and_passes_unknown_payloads_through
        PASS [   0.054s] (3681/5512) phase-engine game::effects::token::attach_host_authority_tests::selected_target_filters_are_never_context_refs
        PASS [   0.056s] (3682/5512) phase-engine game::effects::token::attach_host_authority_tests::context_references_never_classify_as_a_selected_target
        PASS [   0.050s] (3683/5512) phase-engine game::effects::token::tests::an_unhosted_liminal_aura_token_is_not_created_and_reaches_no_zone
        PASS [   0.538s] (3684/5512) phase-engine game::effects::tests::second_harvest_copies_each_controlled_token_not_the_source
        PASS [   0.234s] (3685/5512) phase-engine game::effects::tests::volcanic_vision_deals_returned_cards_mana_value_after_return_to_hand
        PASS [   0.064s] (3686/5512) phase-engine game::effects::token::tests::applies_keywords
        PASS [   0.052s] (3687/5512) phase-engine game::effects::token::tests::apply_create_token_does_not_materialize_conditional_grant_ability
        PASS [   0.075s] (3688/5512) phase-engine game::effects::token::tests::a_card_backed_liminal_projection_is_never_placed_by_the_token_entry_seam
        PASS [   0.072s] (3689/5512) phase-engine game::effects::token::tests::all_seven_role_token_variants_are_implemented
        PASS [   0.053s] (3690/5512) phase-engine game::effects::token::tests::apply_create_token_does_not_materialize_non_equip_grant_ability
        PASS [   0.072s] (3691/5512) phase-engine game::effects::token::tests::apply_create_token_materializes_intrinsic_equip_ability
        PASS [   0.066s] (3692/5512) phase-engine game::effects::token::tests::apply_create_token_mirrors_static_abilities_to_base
        PASS [   0.066s] (3693/5512) phase-engine game::effects::token::tests::apply_create_token_populates_last_created_token_ids
        PASS [   0.383s] (3694/5512) phase-engine game::effects::tests::turtle_van_does_not_double_counters_on_nonmatching_crewer
        PASS [   0.083s] (3695/5512) phase-engine game::effects::token::tests::asinine_antics_attaches_one_role_per_opponent_creature
        PASS [   0.078s] (3696/5512) phase-engine game::effects::token::tests::asinine_antics_no_creatures_creates_no_roles
        PASS [   0.155s] (3697/5512) phase-engine game::effects::token::tests::catalog_galactus_preset_trigger_subject_normalizes
        PASS [   0.146s] (3698/5512) phase-engine game::effects::token::tests::catalog_mechtitan_preset_cda_subject_normalizes
        PASS [   0.139s] (3699/5512) phase-engine game::effects::token::tests::catalog_rules_text_abilities_never_leaks_the_placeholder
        PASS [   0.429s] (3700/5512) phase-engine game::effects::token::tests::catalog_council_of_reeds_preset_copy_effect_normalizes
        PASS [   0.305s] (3701/5512) phase-engine game::effects::token::tests::catalog_rules_text_routes_all_ability_kinds
        PASS [   0.084s] (3702/5512) phase-engine game::effects::token::tests::catalog_synthetic_equipment_grant_trigger_renders_the_granter_name
        PASS [   0.461s] (3703/5512) phase-engine game::effects::token::tests::catalog_pilot_preset_grants_crew_contribution_static
        PASS [   0.631s] (3704/5512) phase-engine game::effects::token::tests::catalog_cragflame_preset_grants_static_and_equip
        PASS [   0.090s] (3705/5512) phase-engine game::effects::token::tests::classify_quoted_inner_equip_line_is_activated_ability_static_line_unchanged
        PASS [   0.692s] (3706/5512) phase-engine game::effects::token::tests::catalog_pest_dies_trigger_fires_through_zone_pipeline
        PASS [   0.056s] (3707/5512) phase-engine game::effects::token::tests::controller_owned_token_ignores_scoped_player
        PASS [   0.044s] (3708/5512) phase-engine game::effects::token::tests::creates_creature_with_correct_types
        PASS [   0.799s] (3709/5512) phase-engine game::effects::token::tests::catalog_pest_dies_trigger_fires_after_lethal_damage_sba
        PASS [   0.115s] (3710/5512) phase-engine game::effects::token::tests::creates_artifact_without_creature_type
        PASS [   0.036s] (3711/5512) phase-engine game::effects::token::tests::creates_multiple_tokens_with_count
        PASS [   0.880s] (3712/5512) phase-engine game::effects::token::tests::catalog_injection_keeps_single_predefined_treasure_ability
        PASS [   0.032s] (3713/5512) phase-engine game::effects::token::tests::emits_effect_resolved_event
        PASS [   0.056s] (3714/5512) phase-engine game::effects::token::tests::duration_until_end_of_combat_creates_sacrifice_triggers
        PASS [   0.398s] (3715/5512) phase-engine game::effects::token::tests::catalog_toggo_rock_sacrifice_cost_binds_to_rock_not_host
        PASS [   0.463s] (3716/5512) phase-engine game::effects::token::tests::catalog_toggo_rock_preset_grants_equip
        PASS [   0.026s] (3717/5512) phase-engine game::effects::token::tests::emitted_liminal_entry_records_exactly_one_row
        PASS [   0.053s] (3718/5512) phase-engine game::effects::token::tests::emits_token_created_event
        PASS [   0.049s] (3719/5512) phase-engine game::effects::token::tests::emits_zone_changed_from_none_to_battlefield
        PASS [   0.905s] (3720/5512) phase-engine game::effects::token::tests::catalog_pest_dies_trigger_uses_battlefield_lki_zone
        PASS [   0.033s] (3721/5512) phase-engine game::effects::token::tests::explicit_artifact_token_uses_typed_fields
        PASS [   0.040s] (3722/5512) phase-engine game::effects::token::tests::fallback_for_plain_name
        PASS [   0.046s] (3723/5512) phase-engine game::effects::token::tests::explicit_token_can_enter_tapped
        PASS [   0.045s] (3724/5512) phase-engine game::effects::token::tests::flushing_a_parked_entry_records_and_emits_exactly_once
        PASS [   0.049s] (3725/5512) phase-engine game::effects::token::tests::flushing_a_foreign_object_id_is_a_no_op
        PASS [   0.044s] (3726/5512) phase-engine game::effects::token::tests::flushing_after_the_object_left_the_battlefield_records_nothing
        PASS [   0.039s] (3727/5512) phase-engine game::effects::token::tests::folded_for_each_token_applies_xorn_once_to_the_batch
        PASS [   0.043s] (3728/5512) phase-engine game::effects::token::tests::inject_adds_abilities_to_token
        PASS [   0.040s] (3729/5512) phase-engine game::effects::token::tests::inject_adds_cursed_role_static_to_token
        PASS [   0.042s] (3730/5512) phase-engine game::effects::token::tests::inject_adds_map_ability_to_map_token
        PASS [   0.047s] (3731/5512) phase-engine game::effects::token::tests::inject_adds_royal_role_static_to_token
        PASS [   0.039s] (3732/5512) phase-engine game::effects::token::tests::junk_ability_runtime_exiles_top_card_and_grants_play_permission
        PASS [   0.042s] (3733/5512) phase-engine game::effects::token::tests::junk_token_injection_attaches_ability_and_rules_text
        PASS [   0.041s] (3734/5512) phase-engine game::effects::token::tests::lander_token_created_with_ability_and_rules_text
        PASS [   0.065s] (3735/5512) phase-engine game::effects::token::tests::lander_search_chain_resolves_basic_land_tapped
        PASS [   0.049s] (3736/5512) phase-engine game::effects::token::tests::liminal_copy_token_trigger_state_serializes
        PASS [   0.037s] (3737/5512) phase-engine game::effects::token::tests::non_predefined_token_gets_no_abilities
        PASS [   0.053s] (3738/5512) phase-engine game::effects::token::tests::parent_target_controller_owns_created_tokens
        PASS [   0.037s] (3739/5512) phase-engine game::effects::token::tests::parse_artifact_creature
        PASS [   0.040s] (3740/5512) phase-engine game::effects::token::tests::parse_colorless_treasure
        PASS [   1.546s] (3741/5512) phase-engine game::effects::tests::turtle_van_doubles_counters_on_matching_crewer
        PASS [   0.037s] (3742/5512) phase-engine game::effects::token::tests::parse_comma_separated_scripts_uses_first
        PASS [   0.048s] (3743/5512) phase-engine game::effects::token::tests::parse_enchantment
        PASS [   0.037s] (3744/5512) phase-engine game::effects::token::tests::parse_green_elf_warrior
        PASS [   0.036s] (3745/5512) phase-engine game::effects::token::tests::parse_multi_subtype_with_keyword
        PASS [   0.074s] (3746/5512) phase-engine game::effects::token::tests::parse_keywords
        PASS [   1.255s] (3747/5512) phase-engine game::effects::token::tests::catalog_pest_dies_trigger_fires_after_tragic_slip_zero_toughness
        PASS [   1.229s] (3748/5512) phase-engine game::effects::token::tests::catalog_pest_preset_grants_attack_life_trigger
        PASS [   0.034s] (3749/5512) phase-engine game::effects::token::tests::parse_returns_none_for_named_tokens
        PASS [   0.035s] (3750/5512) phase-engine game::effects::token::tests::parse_variable_pt
        PASS [   0.074s] (3751/5512) phase-engine game::effects::token::tests::parse_multicolor
        PASS [   0.037s] (3752/5512) phase-engine game::effects::token::tests::parse_white_soldier
        PASS [   0.067s] (3753/5512) phase-engine game::effects::token::tests::paused_liminal_copy_token_counter_finalizes_entry_after_choice
        PASS [   0.035s] (3754/5512) phase-engine game::effects::token::tests::predefined_blood_has_draw_ability
        PASS [   0.050s] (3755/5512) phase-engine game::effects::token::tests::pending_token_battlefield_entry_round_trips
        PASS [   0.059s] (3756/5512) phase-engine game::effects::token::tests::paused_token_etb_counters_preserve_batch_ledger_and_effect_resolution
        PASS [   0.837s] (3757/5512) phase-engine game::effects::token::tests::catalog_token_trigger_carries_printed_occurrence_and_serializes
        PASS [   1.379s] (3758/5512) phase-engine game::effects::token::tests::catalog_cragflame_equip_attaches_and_buffs_creature
        PASS [   0.031s] (3759/5512) phase-engine game::effects::token::tests::predefined_clue_has_draw_ability
        PASS [   0.568s] (3760/5512) phase-engine game::effects::token::tests::dfc_monster_role_resolves_the_monster_face_art
        PASS [   0.049s] (3761/5512) phase-engine game::effects::token::tests::predefined_cursed_role_sets_base_pt_one_one
        PASS [   0.043s] (3762/5512) phase-engine game::effects::token::tests::predefined_food_has_gain_life_ability
        PASS [   0.032s] (3763/5512) phase-engine game::effects::token::tests::predefined_junk_has_exile_top_and_play_permission_chain
        PASS [   0.044s] (3764/5512) phase-engine game::effects::token::tests::predefined_incubator_back_face_is_artifact_creature
        PASS [   0.049s] (3765/5512) phase-engine game::effects::token::tests::predefined_incubator_has_transform_cost
        PASS [   0.061s] (3766/5512) phase-engine game::effects::token::tests::predefined_lander_has_search_land_ability
        PASS [   0.042s] (3767/5512) phase-engine game::effects::token::tests::predefined_map_has_targeted_explore_ability
        PASS [   0.052s] (3768/5512) phase-engine game::effects::token::tests::predefined_lander_rules_text_present
        PASS [   0.043s] (3769/5512) phase-engine game::effects::token::tests::predefined_mutagen_has_counter_ability
        PASS [   0.041s] (3770/5512) phase-engine game::effects::token::tests::predefined_powerstone_has_colorless_mana
        PASS [   0.058s] (3771/5512) phase-engine game::effects::token::tests::predefined_monster_role_pumps_and_grants_trample
        PASS [   0.040s] (3772/5512) phase-engine game::effects::token::tests::predefined_sorcerer_role_grants_attacks_scry_trigger
        PASS [   0.049s] (3773/5512) phase-engine game::effects::token::tests::predefined_royal_role_has_pump_and_ward
        PASS [   0.527s] (3774/5512) phase-engine game::effects::token::tests::jace_token_abilities_come_from_the_predefined_registry
        PASS [   0.036s] (3775/5512) phase-engine game::effects::token::tests::predefined_virtuous_role_dynamic_pump_per_enchantment
        PASS [   0.103s] (3776/5512) phase-engine game::effects::token::tests::predefined_shard_has_scry_then_draw
        PASS [   0.061s] (3777/5512) phase-engine game::effects::token::tests::predefined_treasure_has_mana_ability
        PASS [   0.099s] (3778/5512) phase-engine game::effects::token::tests::predefined_spawn_has_colorless_sacrifice_mana_ability
        PASS [   0.039s] (3779/5512) phase-engine game::effects::token::tests::predefined_wicked_role_has_pump_static_and_self_dies_trigger
        PASS [   0.040s] (3780/5512) phase-engine game::effects::token::tests::predefined_young_hero_role_grants_attacks_trigger_with_intervening_if
        PASS [   0.034s] (3781/5512) phase-engine game::effects::token::tests::suppressed_liminal_entry_parks_instead_of_recording
        PASS [   0.052s] (3782/5512) phase-engine game::effects::token::tests::single_target_role_token_attaches_to_chosen_creature
        PASS [   0.048s] (3783/5512) phase-engine game::effects::token::tests::suppress_does_not_emit_the_entry_pair
        PASS [   0.050s] (3784/5512) phase-engine game::effects::token::tests::the_settled_gate_realizes_only_a_settled_action_and_drops_a_departed_token
        PASS [   0.038s] (3785/5512) phase-engine game::effects::token::tests::token_creation_records_creature_etb_after_attributes_are_applied
        PASS [   1.367s] (3786/5512) phase-engine game::effects::token::tests::catalog_skips_functional_injection_when_effect_already_granted_crew_static
        PASS [   0.034s] (3787/5512) phase-engine game::effects::token_copy::tests::copy_token_add_counter_on_enter_unconditional
        PASS [   0.054s] (3788/5512) phase-engine game::effects::token_copy::tests::copy_token_add_counter_on_enter_if_type_mismatch_skips
        PASS [   0.059s] (3789/5512) phase-engine game::effects::token_copy::tests::copy_token_count_doubling_replacement_applies
        PASS [   0.064s] (3790/5512) phase-engine game::effects::token_copy::tests::copy_token_add_supertype_grants_legendary_to_nonlegendary_source
        PASS [   0.042s] (3791/5512) phase-engine game::effects::token_copy::tests::copy_token_count_without_doubler_is_exact
        PASS [   0.072s] (3792/5512) phase-engine game::effects::token_copy::tests::copy_token_creation_applies_etb_counter_replacement_payload
        PASS [   0.039s] (3793/5512) phase-engine game::effects::token_copy::tests::copy_token_dynamic_pt_exception_uses_copied_values
        PASS [   0.807s] (3794/5512) phase-engine game::effects::token::tests::monster_role_on_animated_foundry_dies_during_cleanup
        PASS [   0.055s] (3795/5512) phase-engine game::effects::token_copy::tests::copy_token_exceptions_stamp_pt_color_and_subtype
        PASS [   0.953s] (3796/5512) phase-engine game::effects::token::tests::focused_writhing_chrysalis_spawn_token_sacrifice_adds_mana_and_triggers_counter
        PASS [   0.079s] (3797/5512) phase-engine game::effects::token_copy::tests::copy_token_enters_tapped_and_attacking
        PASS [   0.031s] (3798/5512) phase-engine game::effects::token_copy::tests::copy_token_keeps_spell_cast_triggers_strips_payment_gated_triggers
        PASS [   0.047s] (3799/5512) phase-engine game::effects::token_copy::tests::copy_token_extra_keywords_grant_haste
        PASS [   0.035s] (3800/5512) phase-engine game::effects::token_copy::tests::copy_token_multi_target_creates_one_per_target
        PASS [   0.044s] (3801/5512) phase-engine game::effects::token_copy::tests::copy_token_of_cost_paid_object_creates_requested_copies
        PASS [   0.043s] (3802/5512) phase-engine game::effects::token_copy::tests::copy_token_of_empty_host_is_clean_no_op
        PASS [   0.048s] (3803/5512) phase-engine game::effects::token_copy::tests::copy_token_of_default_owner_is_controller
        PASS [   0.044s] (3804/5512) phase-engine game::effects::token_copy::tests::copy_token_of_planeswalker_seeds_loyalty_counters
        PASS [   0.064s] (3805/5512) phase-engine game::effects::token_copy::tests::copy_token_of_owner_creates_under_chosen_player
        PASS [   0.090s] (3806/5512) phase-engine game::effects::token_copy::tests::copy_token_of_name_only_card_does_not_bind_catalog_preset
        PASS [   0.061s] (3807/5512) phase-engine game::effects::token_copy::tests::copy_token_of_parent_target_from_graveyard
        PASS [   0.627s] (3808/5512) phase-engine game::effects::token::tests::predefined_monster_role_full_name_grants_role_static
        PASS [   0.043s] (3809/5512) phase-engine game::effects::token_copy::tests::copy_token_of_self_creates_copy
        PASS [   0.621s] (3810/5512) phase-engine game::effects::token::tests::predefined_royal_role_create_token_pipeline_has_exactly_one_role_static
        PASS [   0.057s] (3811/5512) phase-engine game::effects::token_copy::tests::copy_token_of_target_creates_copy
        PASS [   0.049s] (3812/5512) phase-engine game::effects::token_copy::tests::copy_token_remove_supertype_strips_legendary_from_token
        PASS [   0.045s] (3813/5512) phase-engine game::effects::token_copy::tests::copy_token_source_filter_copies_graveyard_quest_counter_creature_card
        PASS [   0.068s] (3814/5512) phase-engine game::effects::token_copy::tests::copy_token_set_card_types_replaces_core_types_and_drops_uncorrelated_subtype
        PASS [   0.063s] (3815/5512) phase-engine game::effects::token_copy::tests::copy_token_source_filter_copies_each_matching_graveyard_source
        PASS [   0.141s] (3816/5512) phase-engine game::effects::token_copy::tests::copy_token_of_tracked_set_source_from_exile
        PASS [   0.044s] (3817/5512) phase-engine game::effects::token_copy::tests::copy_token_starting_loyalty_exception_overrides_seeded_loyalty
        PASS [   0.046s] (3818/5512) phase-engine game::effects::token_copy::tests::copy_token_source_filter_ignores_wrong_zone_and_wrong_counter
        PASS [   0.873s] (3819/5512) phase-engine game::effects::token::tests::pest_infestation_linked_create_token_grants_catalog_dies_trigger
        PASS [   0.594s] (3820/5512) phase-engine game::effects::token::tests::zabu_landfall_ignores_opponents_land
        PASS [   0.077s] (3821/5512) phase-engine game::effects::token_copy::tests::copy_token_source_filter_copies_matching_tokens_not_source
        PASS [   0.050s] (3822/5512) phase-engine game::effects::token_copy::tests::copy_token_zero_match_clears_stale_last_created_before_cleanup
        PASS [   0.054s] (3823/5512) phase-engine game::effects::token_copy::tests::helm_of_the_host_token_copy_strips_legendary_from_equipped_creature
        PASS [   0.060s] (3824/5512) phase-engine game::effects::token_copy::tests::legend_rule_does_not_fire_when_copy_token_drops_legendary
        PASS [   0.807s] (3825/5512) phase-engine game::effects::token::tests::predefined_treasure_create_token_pipeline_has_exactly_one_mana_ability
        PASS [   0.083s] (3826/5512) phase-engine game::effects::token_copy::tests::legend_rule_does_not_fire_when_copy_token_is_renamed
        PASS [   0.053s] (3827/5512) phase-engine game::effects::token_copy::tests::offspring_token_is_1_1_not_copy_pt
        PASS [   0.169s] (3828/5512) phase-engine game::effects::token_copy::tests::fractured_identity_three_player_excludes_exiled_controller
        PASS [   0.057s] (3829/5512) phase-engine game::effects::transform_effect::tests::delayed_self_transform_does_not_follow_a_blinked_source
        PASS [   0.119s] (3830/5512) phase-engine game::effects::token_copy::tests::mishra_shaped_copy_token_surfaces_liminal_enter_as_copy_choice
        PASS [   0.046s] (3831/5512) phase-engine game::effects::transform_effect::tests::delayed_self_transform_ignores_an_intervening_transform
        PASS [   0.768s] (3832/5512) phase-engine game::effects::token::tests::zabu_landfall_counter_targets_zabu_not_kazar
        PASS [   0.375s] (3833/5512) phase-engine game::effects::token_copy::tests::copy_token_propagates_printed_ref_for_image_lookup
        PASS [   0.126s] (3834/5512) phase-engine game::effects::token_copy::tests::paused_copy_token_add_counter_on_enter_preserves_remaining_batch
        PASS [   0.058s] (3835/5512) phase-engine game::effects::transform_effect::tests::mass_transform_exposes_no_target_slot
        PASS [   0.239s] (3836/5512) phase-engine game::effects::token_copy::tests::fractured_identity_its_controller_excludes_controller_not_owner
        PASS [   0.075s] (3837/5512) phase-engine game::effects::transform_effect::tests::mass_transform_skips_single_faced_human_without_error
        PASS [   0.063s] (3838/5512) phase-engine game::effects::transform_effect::tests::repeated_activated_self_transform_ignores_the_stale_instruction
        PASS [   0.049s] (3839/5512) phase-engine game::effects::transform_effect::tests::self_transform_does_not_follow_a_blinked_source
        PASS [   0.081s] (3840/5512) phase-engine game::effects::transform_effect::tests::self_ref_subject_resolution_preserves_the_stale_source_guard
        PASS [   0.058s] (3841/5512) phase-engine game::effects::transform_effect::tests::self_ref_transform_with_only_a_player_target_transforms_its_source
        PASS [   0.059s] (3842/5512) phase-engine game::effects::transform_effect::tests::stale_foreign_pin_does_not_veto_a_live_self_transform
        PASS [   0.054s] (3843/5512) phase-engine game::effects::transform_effect::tests::transform_effect_uses_explicit_object_target
        PASS [   0.035s] (3844/5512) phase-engine game::effects::tribute::tests::apply_declined_records_outcome_without_counters
        PASS [   0.061s] (3845/5512) phase-engine game::effects::transform_effect::tests::two_object_targets_still_reject_a_single_scope_transform
        PASS [   0.134s] (3846/5512) phase-engine game::effects::transform_effect::tests::moonmist_transforms_all_humans_without_a_prompt
        PASS [   0.067s] (3847/5512) phase-engine game::effects::transform_effect::tests::transform_effect_uses_source_when_no_explicit_target
        PASS [   0.044s] (3848/5512) phase-engine game::effects::turn_face_down::tests::double_faced_permanent_cannot_be_turned_face_down
        PASS [   0.062s] (3849/5512) phase-engine game::effects::tribute::tests::apply_paid_records_outcome_and_adds_counters
        PASS [   0.065s] (3850/5512) phase-engine game::effects::turn_face_down::tests::already_face_down_permanent_is_unchanged
        PASS [   0.472s] (3851/5512) phase-engine game::effects::token_copy::tests::copy_token_replacement_choice_resumes_with_copy_payload
        PASS [   0.046s] (3852/5512) phase-engine game::effects::turn_face_down::tests::meld_permanent_cannot_be_turned_face_down
        PASS [   0.072s] (3853/5512) phase-engine game::effects::turn_face_down::tests::default_profile_is_vanilla_2_2_creature
        PASS [   0.061s] (3854/5512) phase-engine game::effects::turn_face_down::tests::snapshot_uses_base_not_live_under_continuous_modifier
        PASS [   0.065s] (3855/5512) phase-engine game::effects::turn_face_down::tests::turns_face_up_creature_into_specified_cyberman_body
        PASS [   0.071s] (3856/5512) phase-engine game::effects::turn_face_down::tests::multi_target_zero_chosen_turns_nothing_face_down
        PASS [   0.051s] (3857/5512) phase-engine game::effects::turn_face_up::tests::turn_face_up_does_not_emit_event_for_already_face_up_card
        PASS [   0.033s] (3858/5512) phase-engine game::effects::venture::tests::take_initiative_retake_still_ventures
        PASS [   0.079s] (3859/5512) phase-engine game::effects::turn_face_up::tests::granted_turn_face_up_ability_flips_source_face_up
        PASS [   0.071s] (3860/5512) phase-engine game::effects::turn_face_up::tests::turn_face_up_chain_feeds_creature_card_condition_and_target
        PASS [   0.052s] (3861/5512) phase-engine game::effects::turn_face_up::tests::turn_face_up_resolves_implicit_exiled_by_source_and_reveals_it
        PASS [   0.086s] (3862/5512) phase-engine game::effects::turn_face_up::tests::reveal_then_turn_face_up_chain_turns_up_creature_card
        PASS [   0.071s] (3863/5512) phase-engine game::effects::turn_face_up::tests::turn_face_up_targets_battlefield_face_down_creature_via_filter
        PASS [   0.046s] (3864/5512) phase-engine game::effects::venture::tests::take_initiative_sets_designation_and_ventures
        PASS [   0.053s] (3865/5512) phase-engine game::effects::venture::tests::venture_advances_through_linear_path
        PASS [   0.049s] (3866/5512) phase-engine game::effects::venture::tests::venture_at_branch_presents_choice
        PASS [   0.048s] (3867/5512) phase-engine game::effects::venture::tests::venture_with_no_dungeon_offers_afr_trio
        PASS [   0.051s] (3868/5512) phase-engine game::effects::venture::tests::venture_into_undercity_auto_selects
        PASS [   0.047s] (3869/5512) phase-engine game::effects::vote::tests::controller_labels_acting_player_returns_actor_not_subject
        PASS [   0.083s] (3870/5512) phase-engine game::effects::venture::tests::venture_at_bottommost_completes_and_offers_new_dungeon
        PASS [   0.063s] (3871/5512) phase-engine game::effects::vote::tests::controller_labels_actor_is_set_to_controller
        PASS [   0.052s] (3872/5512) phase-engine game::effects::vote::tests::controller_labels_with_solo_controller_queues_just_controller
        PASS [   0.197s] (3873/5512) phase-engine game::effects::turn_face_up::tests::etrata_granted_turn_face_up_blocked_exiles
        PASS [   0.073s] (3874/5512) phase-engine game::effects::vote::tests::controller_labels_builds_apnap_player_queue
        PASS [   0.071s] (3875/5512) phase-engine game::effects::vote::tests::controller_labels_rejects_choose_option_from_non_delegate
        PASS [   0.224s] (3876/5512) phase-engine game::effects::turn_face_up::tests::etrata_granted_turn_face_up_success_does_not_exile
        PASS [   0.068s] (3877/5512) phase-engine game::effects::vote::tests::object_vote_rejects_choose_option_and_oob_index
        PASS [   0.088s] (3878/5512) phase-engine game::effects::vote::tests::object_vote_exiles_most_voted_not_others
        PASS [   0.103s] (3879/5512) phase-engine game::effects::vote::tests::per_ballot_resume_parks_below_complete_per_player_choice_child_stack
        PASS [   0.139s] (3880/5512) phase-engine game::effects::vote::tests::object_vote_tie_exiles_each_tied_winner_not_others
        PASS [   0.183s] (3881/5512) phase-engine game::effects::vote::tests::expropriate_money_votes_suspend_and_resume_per_ballot
        PASS [   0.673s] (3882/5512) phase-engine game::effects::token_copy::tests::issue_2402_copy_token_of_token_target_creates_copy
        PASS [   0.053s] (3883/5512) phase-engine game::effects::vote::tests::threshold_tally_resolves_strict_winner_once
        PASS [   0.149s] (3884/5512) phase-engine game::effects::vote::tests::pirs_whim_resolves_friend_label_then_foe_label_then_tally
        PASS [   0.059s] (3885/5512) phase-engine game::effects::vote::tests::threshold_tally_routes_tie_to_tie_breaker
        PASS [   0.042s] (3886/5512) phase-engine game::effects::vote::tests::vote_definition_routes_preserve_unassigned_distribution_unit
        PASS [   0.054s] (3887/5512) phase-engine game::effects::vote::tests::top_votes_all_tied_zero_votes_resolves_no_outcome
        PASS [   0.248s] (3888/5512) phase-engine game::effects::vote::tests::hoisted_choose_vote_suffix_aggregate_resolves_chosen_player_damage
        PASS [   0.167s] (3889/5512) phase-engine game::effects::vote::tests::secret_vote_suppresses_votecast_and_scrubs_tally
        PASS [   0.058s] (3890/5512) phase-engine game::effects::vote::tests::vote_each_opponent_no_opponents_emits_effect_resolved_no_pause
        PASS [   0.045s] (3891/5512) phase-engine game::effects::vote::tests::vote_order_reverses_with_turn_direction
        PASS [   0.052s] (3892/5512) phase-engine game::effects::vote::tests::vote_with_each_opponent_scope_skips_controller
        PASS [   0.342s] (3893/5512) phase-engine game::effects::vote::tests::controller_labels_three_player_walkthrough_records_apnap_ballot_order
        PASS [   0.310s] (3894/5512) phase-engine game::effects::vote::tests::object_vote_last_candidate_above_u8_max_is_selectable
        PASS [   0.072s] (3895/5512) phase-engine game::effects::win_lose::tests::lose_the_game_eliminates_controller_when_untargeted
        PASS [   0.106s] (3896/5512) phase-engine game::effects::vote::tests::vote_initiates_with_controller_first
        PASS [   0.062s] (3897/5512) phase-engine game::effects::win_lose::tests::lose_the_game_eliminates_targeted_player
        PASS [   0.107s] (3898/5512) phase-engine game::effects::vote::tests::vote_with_each_opponent_in_three_player_game_queues_two_voters
        PASS [   0.072s] (3899/5512) phase-engine game::effects::win_lose::tests::lose_the_game_with_triggering_player_target_eliminates_damaged_player_not_controller
        PASS [   0.110s] (3900/5512) phase-engine game::effects::win_lose::tests::lose_effect_blocked_by_cant_lose_static
        PASS [   0.062s] (3901/5512) phase-engine game::effects::win_lose::tests::win_effect_blocked_mirrors_platinum_angel_clause
        PASS [   0.074s] (3902/5512) phase-engine game::effects::win_lose::tests::win_the_game_eliminates_all_opponents
        PASS [   0.079s] (3903/5512) phase-engine game::effects::win_lose::tests::win_effect_blocked_when_controller_has_cant_win
        PASS [   0.072s] (3904/5512) phase-engine game::engine::auto_pass_decision_tests::another_canonical_representative_can_continue_a_rechecking_session
        PASS [   0.081s] (3905/5512) phase-engine game::effects::win_lose::tests::win_effect_not_blocked_when_cant_win_affects_other_player
        PASS [   1.505s] (3906/5512) phase-engine game::effects::token::tests::zabu_landfall_puts_counter_on_zabu_for_controllers_land
        PASS [   0.078s] (3907/5512) phase-engine game::engine::auto_pass_decision_tests::blockers_auto_submit_when_all_attackers_left_play
        PASS [   0.123s] (3908/5512) phase-engine game::engine::auto_pass_decision_tests::apply_reconciles_eliminated_two_player_game_to_game_over
        PASS [   0.067s] (3909/5512) phase-engine game::engine::auto_pass_decision_tests::declare_attackers_own_turn_stop_pauses_empty_attacker_submit
        PASS [   1.621s] (3910/5512) phase-engine game::effects::token::tests::single_target_role_spell_targets_and_attaches_to_chosen_creature
        PASS [   0.076s] (3911/5512) phase-engine game::engine::auto_pass_decision_tests::declare_attackers_opponents_turns_stop_does_not_pause_on_own_turn
        PASS [   0.081s] (3912/5512) phase-engine game::engine::auto_pass_decision_tests::declare_blockers_opponents_turns_stop_pauses_empty_blocker_submit
        PASS [   0.127s] (3913/5512) phase-engine game::engine::auto_pass_decision_tests::declare_attackers_accepts_turn_boundary_auto_pass_but_rejects_stack_empty
        PASS [   0.088s] (3914/5512) phase-engine game::engine::auto_pass_decision_tests::declare_blockers_accepts_turn_boundary_auto_pass_but_rejects_stack_empty
        PASS [   0.140s] (3915/5512) phase-engine game::engine::auto_pass_decision_tests::begin_combat_phase_stop_interrupts_auto_pass_with_usable_priority
        PASS [   0.079s] (3916/5512) phase-engine game::engine::auto_pass_decision_tests::declare_blockers_own_turn_stop_does_not_pause_on_opponents_turn
        PASS [   0.072s] (3917/5512) phase-engine game::engine::auto_pass_decision_tests::direct_until_stack_empty_installs_a_fenced_session_before_auto_resolving
        PASS [   0.052s] (3918/5512) phase-engine game::engine::auto_pass_decision_tests::empty_attacker_set_auto_submits_without_any_auto_pass_mode
        PASS [   0.084s] (3919/5512) phase-engine game::engine::auto_pass_decision_tests::emit_resolution_halt_settles_priority_and_emits_event
        PASS [   0.073s] (3920/5512) phase-engine game::engine::auto_pass_decision_tests::explicit_pass_advances_the_recheck_session_cursor_at_one_resolution_boundary
        PASS [   0.085s] (3921/5512) phase-engine game::engine::auto_pass_decision_tests::fenced_session_stops_after_the_matching_top_when_a_lower_entry_changes
        PASS [   0.101s] (3922/5512) phase-engine game::engine::auto_pass_decision_tests::exit_when_no_auto_pass_set
        PASS [  14.979s] (3923/5512) phase-engine game::effects::delayed_trigger::tests::snapshot_that_spells_mana_value_uses_combined_for_fused_split_spell
        PASS [   0.097s] (3924/5512) phase-engine game::engine::auto_pass_decision_tests::fenced_session_stops_before_passing_when_the_top_entry_changes
        PASS [   0.133s] (3925/5512) phase-engine game::engine::auto_pass_decision_tests::fenced_session_budget_caps_the_resolver_before_a_natural_batch_can_escape
        PASS [   0.114s] (3926/5512) phase-engine game::engine::auto_pass_decision_tests::fenced_session_uses_the_captured_entry_when_its_source_id_is_reused
        PASS [   0.122s] (3927/5512) phase-engine game::engine::auto_pass_decision_tests::fenced_session_tears_down_when_resolution_ends_the_game
        PASS [   0.042s] (3928/5512) phase-engine game::engine::auto_pass_decision_tests::no_legal_blockers_auto_submit_without_a_turn_boundary_preference
        PASS [   0.073s] (3929/5512) phase-engine game::engine::auto_pass_decision_tests::loop_gate_probes_all_living_players_not_just_current_holder
        PASS [   0.078s] (3930/5512) phase-engine game::engine::auto_pass_decision_tests::my_next_turn_start_window_behavior_matches_end_of_current_turn
        PASS [   0.137s] (3931/5512) phase-engine game::engine::auto_pass_decision_tests::fenced_session_with_a_new_top_entry_preserves_the_current_priority_window
        PASS [   0.124s] (3932/5512) phase-engine game::engine::auto_pass_decision_tests::fenced_session_with_an_empty_stack_preserves_the_current_priority_window
        PASS [   0.047s] (3933/5512) phase-engine game::engine::auto_pass_decision_tests::phase_stop_hit_reads_per_player_preferences
        PASS [   0.067s] (3934/5512) phase-engine game::engine::auto_pass_decision_tests::phase_stop_hit_is_independent_of_auto_pass_mode
        PASS [   0.045s] (3935/5512) phase-engine game::engine::auto_pass_decision_tests::priority_probe_false_when_only_pass_available
        PASS [   0.104s] (3936/5512) phase-engine game::engine::auto_pass_decision_tests::nonrepresentative_cancel_does_not_resurrect_at_session_teardown
        PASS [   0.105s] (3937/5512) phase-engine game::engine::auto_pass_decision_tests::nonrepresentative_set_auto_pass_survives_later_session_teardown
        PASS [   0.095s] (3938/5512) phase-engine game::engine::auto_pass_decision_tests::phase_stop_hit_scope_resolves_against_active_player
        PASS [   0.100s] (3939/5512) phase-engine game::engine::auto_pass_decision_tests::priority_probe_skips_spell_cost_sweep
        PASS [   0.089s] (3940/5512) phase-engine game::engine::auto_pass_decision_tests::resolve_all_supersedes_a_rechecking_ai_session_and_retains_auto_pass_baseline
        PASS [   0.070s] (3941/5512) phase-engine game::engine::auto_pass_decision_tests::set_auto_pass_carries_requested_boundary_via_dispatch
        PASS [   0.090s] (3942/5512) phase-engine game::engine::auto_pass_decision_tests::turn_boundary_auto_pass_does_not_bypass_must_attack
        PASS [   0.174s] (3943/5512) phase-engine game::engine::auto_pass_decision_tests::nonrepresentative_deliberate_action_does_not_resurrect_at_session_teardown
        PASS [   0.122s] (3944/5512) phase-engine game::engine::auto_pass_decision_tests::representative_mana_action_ends_session_without_resolving_frozen_entry
        PASS [   0.096s] (3945/5512) phase-engine game::engine::auto_pass_decision_tests::stale_verified_ai_pass_does_not_install_a_session
        PASS [   0.050s] (3946/5512) phase-engine game::engine::auto_pass_decision_tests::turn_boundary_auto_pass_submits_a_legal_empty_attacker_declaration
        PASS [   0.081s] (3947/5512) phase-engine game::engine::auto_pass_decision_tests::turn_boundary_auto_pass_does_not_bypass_must_block
        PASS [   0.071s] (3948/5512) phase-engine game::engine::auto_pass_decision_tests::turn_boundary_auto_pass_retains_optional_blocker_declaration_for_both_boundaries
        PASS [   0.057s] (3949/5512) phase-engine game::engine::auto_pass_decision_tests::turn_boundary_session_resumes_after_opponent_stack_entry_resolves
        PASS [   0.036s] (3950/5512) phase-engine game::engine::auto_pass_decision_tests::until_end_of_turn_passes_through_own_stack_activity
        PASS [   0.049s] (3951/5512) phase-engine game::engine::auto_pass_decision_tests::until_end_of_turn_passes_through_empty_stack_without_phase_stop
        PASS [   0.056s] (3952/5512) phase-engine game::engine::auto_pass_decision_tests::until_end_of_turn_finishes_at_configured_phase_stop
        PASS [   0.062s] (3953/5512) phase-engine game::engine::auto_pass_decision_tests::until_end_of_turn_breaks_on_unyielded_opponent_stack_activity
        PASS [   0.079s] (3954/5512) phase-engine game::engine::auto_pass_decision_tests::two_hg_session_uses_team_representatives_in_the_live_runner
        PASS [   0.116s] (3955/5512) phase-engine game::engine::auto_pass_decision_tests::turn_controller_action_ends_controlled_representative_session_without_resolving
        PASS [   0.092s] (3956/5512) phase-engine game::engine::auto_pass_decision_tests::until_end_of_turn_scope_gates_session_owner_auto_pass
        PASS [   0.066s] (3957/5512) phase-engine game::engine::auto_pass_decision_tests::until_stack_empty_stops_on_interactive_waiting_for
        PASS [   0.102s] (3958/5512) phase-engine game::engine::auto_pass_decision_tests::until_stack_empty_does_not_advance_phase_after_stack_empties
        PASS [   0.074s] (3959/5512) phase-engine game::engine::auto_pass_decision_tests::until_stack_empty_stops_on_stack_growth
        PASS [   0.107s] (3960/5512) phase-engine game::engine::auto_pass_decision_tests::until_stack_empty_non_requester_own_stack_shortcut_does_not_hide_action
        PASS [   0.853s] (3961/5512) phase-engine game::effects::vote::tests::tally_populates_last_vote_ballots
        PASS [   0.097s] (3962/5512) phase-engine game::engine::auto_pass_decision_tests::until_stack_empty_stops_on_non_requester_meaningful_action
        PASS [   0.090s] (3963/5512) phase-engine game::engine::auto_pass_decision_tests::verified_ai_pass_cache_never_passes_an_unverified_representative
        PASS [   0.069s] (3964/5512) phase-engine game::engine::auto_pass_decision_tests::verified_ai_pass_rejects_foreign_and_nonpass_submissions_without_mutation
        PASS [   0.810s] (3965/5512) phase-engine game::effects::vote::tests::top_votes_all_tied_resolves_all_tied_winners
        PASS [   0.051s] (3966/5512) phase-engine game::engine::bounded_declaration_tests::d4_an_empty_schema_publishes_no_declaration
        PASS [   0.072s] (3967/5512) phase-engine game::engine::bounded_declaration_tests::d1p_may_the_may_pin_follows_the_journal_not_a_constant
        PASS [   0.077s] (3968/5512) phase-engine game::engine::bounded_declaration_tests::d3_the_consumer_fail_closes_on_every_kind_the_bounded_publisher_cannot_mint
        PASS [   0.124s] (3969/5512) phase-engine game::engine::auto_pass_decision_tests::verified_ai_pass_installs_rechecking_session_and_pauses_for_unverified_priority
        PASS [   0.105s] (3970/5512) phase-engine game::engine::bounded_declaration_tests::d8_the_publisher_refuses_a_declaration_the_declare_handler_would_reject
        PASS [   0.072s] (3971/5512) phase-engine game::engine::bounded_offer_conjunct_tests::published_period_elapsed_is_total_over_the_axes_that_delimit_a_cycle
        PASS [   0.144s] (3972/5512) phase-engine game::engine::bounded_offer_conjunct_tests::arc_as_ptr_beat_identity_is_the_sample_not_one_of_its_halves
        PASS [   0.179s] (3973/5512) phase-engine game::engine::bounded_offer_conjunct_tests::a_zero_span_certifying_pair_never_publishes_a_zero_width_period
        PASS [   0.152s] (3974/5512) phase-engine game::engine::bounded_offer_conjunct_tests::r33_equality_certified_candidate_carries_no_frozen_exemption
        PASS [   0.237s] (3975/5512) phase-engine game::engine::bounded_offer_conjunct_tests::a_non_active_priority_holder_mints_no_bounded_offer
        PASS [   0.074s] (3976/5512) phase-engine game::engine::bounded_offer_conjunct_tests::the_period_delimiter_has_one_authority_and_both_frame_recording_arms_ask_it
        PASS [   0.224s] (3977/5512) phase-engine game::engine::bounded_offer_conjunct_tests::r20_an_over_budget_relief_path_refuses_instead_of_certifying
        PASS [   0.066s] (3978/5512) phase-engine game::engine::bounded_offer_conjunct_tests::the_period_touch_window_is_carried_by_the_live_half
        PASS [   0.087s] (3979/5512) phase-engine game::engine::cost_move_drain_priority_boundary_tests::a_parked_counter_addition_unless_payment_is_never_drained_at_the_priority_boundary
        PASS [   0.090s] (3980/5512) phase-engine game::engine::crew_tests::cancel_crew_selection_returns_to_priority_without_tapping_creatures
        PASS [   0.080s] (3981/5512) phase-engine game::engine::crew_tests::crew_contribution_power_delta_lets_low_power_creature_crew
        PASS [   0.092s] (3982/5512) phase-engine game::engine::crew_tests::crew_activation_excludes_cant_tap_creatures_from_threshold
        PASS [   0.375s] (3983/5512) phase-engine game::engine::bounded_offer_conjunct_tests::a_bound_of_zero_mints_no_bounded_offer
        PASS [   0.364s] (3984/5512) phase-engine game::engine::bounded_offer_conjunct_tests::a_self_mill_advantage_cycle_mints_no_bounded_offer
        PASS [   0.063s] (3985/5512) phase-engine game::engine::crew_tests::crew_contribution_toughness_substitution_and_action_scope
        PASS [   0.084s] (3986/5512) phase-engine game::engine::crew_tests::granted_crew_does_not_override_opponents_vehicle
        PASS [   0.065s] (3987/5512) phase-engine game::engine::crew_tests::test_crew_activation_enters_crew_vehicle_state
        PASS [   0.082s] (3988/5512) phase-engine game::engine::crew_tests::granted_crew_value_overrides_printed_value
        PASS [   0.346s] (3989/5512) phase-engine game::engine::bounded_offer_conjunct_tests::the_consumption_ceiling_agrees_with_the_count_the_offer_published
        PASS [   0.104s] (3990/5512) phase-engine game::engine::crew_tests::printed_crew_value_unchanged_without_granting_static
        PASS [   0.105s] (3991/5512) phase-engine game::engine::crew_tests::test_crew_excludes_creature_with_cant_crew
        PASS [   0.160s] (3992/5512) phase-engine game::engine::crew_tests::crew_vehicle_legal_actions_account_for_power_delta_contribution
        PASS [   0.057s] (3993/5512) phase-engine game::engine::crew_tests::test_crew_fails_not_a_vehicle
        PASS [   0.080s] (3994/5512) phase-engine game::engine::crew_tests::test_crew_resolution_multiple_creatures_sum_power
        PASS [   0.328s] (3995/5512) phase-engine game::engine::bounded_offer_conjunct_tests::the_predicted_departure_is_resolved_at_the_accepted_count
        PASS [   0.111s] (3996/5512) phase-engine game::engine::crew_tests::test_crew_fails_insufficient_power
        PASS [   0.059s] (3997/5512) phase-engine game::engine::dandan_read_sweep_tests::recast_frame_prunes_the_shared_pile_graveyard
        PASS [   0.083s] (3998/5512) phase-engine game::engine::crew_tests::test_crew_vehicle_excludes_itself_from_eligible
        PASS [   0.086s] (3999/5512) phase-engine game::engine::crew_tests::test_crewed_vehicle_may_crew_another_vehicle
        PASS [   0.150s] (4000/5512) phase-engine game::engine::crew_tests::test_crew_resolution_single_creature_meets_threshold
        PASS [   0.151s] (4001/5512) phase-engine game::engine::crew_tests::test_crew_succeeds_at_instant_speed
        PASS [   0.100s] (4002/5512) phase-engine game::engine::exile_return_tests::battlefield_scoped_aura_reenters_only_when_a_legal_host_exists
        PASS [   0.097s] (4003/5512) phase-engine game::engine::exile_return_tests::exile_return_card_already_gone_no_error
        PASS [   0.070s] (4004/5512) phase-engine game::engine::exile_return_tests::exile_return_link_removed_after_return
        PASS [   0.582s] (4005/5512) phase-engine game::engine::bounded_offer_conjunct_tests::the_bound_charges_the_frame_wise_loss_not_the_period_endpoint_pair
        PASS [   0.117s] (4006/5512) phase-engine game::engine::exile_return_tests::exile_return_combines_normal_and_delayed_triggers_in_one_ordering_prompt
        PASS [   0.137s] (4007/5512) phase-engine game::engine::exile_return_tests::exile_return_after_destroy_resolution_via_apply
        PASS [   0.132s] (4008/5512) phase-engine game::engine::exile_return_tests::exile_return_end_to_end_through_pipeline
        PASS [   0.071s] (4009/5512) phase-engine game::engine::exile_return_tests::exile_return_to_hand_when_exiled_from_hand
        PASS [   0.144s] (4010/5512) phase-engine game::engine::exile_return_tests::exile_return_source_leaves_battlefield_returns_exiled_card
        PASS [   0.095s] (4011/5512) phase-engine game::engine::exile_return_tests::exile_until_host_leaves_returns_card_through_full_pipeline
        PASS [   0.108s] (4012/5512) phase-engine game::engine::exile_return_tests::graveyard_scoped_aura_stays_in_exile_when_no_legal_graveyard_creature
        PASS [   0.079s] (4013/5512) phase-engine game::engine::exile_return_tests::until_source_leaves_return_brings_back_all_merge_components
        PASS [   0.240s] (4014/5512) phase-engine game::engine::exile_return_tests::exile_return_fires_returned_creatures_etb_trigger
        PASS [   0.038s] (4015/5512) phase-engine game::engine::keyword_action_stack_tests::crew_reentry_new_incarnation_clears_activation_ledger
        PASS [  12.263s] (4016/5512) phase-engine game::effects::mana::tests::exiled_color_options_use_combined_split_colors
        PASS [   0.093s] (4017/5512) phase-engine game::engine::keyword_action_stack_tests::crew_can_be_countered_by_stack_targeting_effect
        PASS [   1.324s] (4018/5512) phase-engine game::engine::auto_pass_decision_tests::fenced_session_caps_a_natural_token_batch_at_its_matching_prefix
        PASS [   0.087s] (4019/5512) phase-engine game::engine::keyword_action_stack_tests::crew_once_per_turn_vehicle_rejects_second_activation_same_turn
        PASS [   0.081s] (4020/5512) phase-engine game::engine::keyword_action_stack_tests::crew_opens_priority_window_between_announcement_and_resolution
        PASS [   0.163s] (4021/5512) phase-engine game::engine::exile_return_tests::white_auracite_real_oracle_text_returns_exiled_card
        PASS [   0.060s] (4022/5512) phase-engine game::engine::keyword_action_stack_tests::granted_equip_anthem_self_mana_value_reads_equipment_mana_value
        PASS [   0.084s] (4023/5512) phase-engine game::engine::keyword_action_stack_tests::crewed_trigger_matcher_fires_on_resolution_event_not_announcement
        PASS [   0.083s] (4024/5512) phase-engine game::engine::keyword_action_stack_tests::equip_can_be_countered_by_stack_targeting_effect
        PASS [   0.272s] (4025/5512) phase-engine game::engine::exile_return_tests::haytham_kenway_per_opponent_exile_returns_when_source_leaves
        PASS [   0.091s] (4026/5512) phase-engine game::engine::keyword_action_stack_tests::crew_unlimited_vehicle_allows_second_activation_same_turn
        PASS [   0.108s] (4027/5512) phase-engine game::engine::keyword_action_stack_tests::equipped_effect_fires_on_resolution_event_not_announcement
        PASS [   0.284s] (4028/5512) phase-engine game::engine::exile_return_tests::reanimator_aura_reenters_from_exile_and_attaches_to_graveyard_creature
        PASS [   0.066s] (4029/5512) phase-engine game::engine::keyword_action_stack_tests::granted_equip_keyword_offers_functional_equip_ability
        PASS [   0.134s] (4030/5512) phase-engine game::engine::keyword_action_stack_tests::finalize_copy_retarget_refreshes_stale_same_id_object_pin
        PASS [   0.095s] (4031/5512) phase-engine game::engine::keyword_action_stack_tests::granted_equip_self_mana_value_cost_is_concretized_to_mana_value
        PASS [   0.048s] (4032/5512) phase-engine game::engine::keyword_action_stack_tests::saddle_can_be_countered_by_stack_targeting_effect
        PASS [   0.094s] (4033/5512) phase-engine game::engine::keyword_action_stack_tests::issue_3660_finalize_copy_retarget_stashes_offers_on_deferred_pause
        PASS [   0.102s] (4034/5512) phase-engine game::engine::keyword_action_stack_tests::identical_printed_and_granted_equip_both_offered
        PASS [   0.373s] (4035/5512) phase-engine game::engine::exile_return_tests::journey_to_nowhere_two_trigger_oracle_returns_exiled_creature
        PASS [   0.139s] (4036/5512) phase-engine game::engine::keyword_action_stack_tests::saddle_activation_excludes_cant_tap_creatures_from_threshold
        PASS [   0.160s] (4037/5512) phase-engine game::engine::keyword_action_stack_tests::granted_equip_attaches_through_full_activation_pipeline
        PASS [   0.184s] (4038/5512) phase-engine game::engine::keyword_action_stack_tests::saddle_announcement_pushes_stack_entry
        PASS [   0.167s] (4039/5512) phase-engine game::engine::keyword_action_stack_tests::saddle_sorcery_speed_gate_enforced_at_announcement_not_resolution
        PASS [   0.165s] (4040/5512) phase-engine game::engine::keyword_action_stack_tests::saddled_trigger_matcher_fires_on_resolution_event_not_announcement
        PASS [   0.174s] (4041/5512) phase-engine game::engine::keyword_action_stack_tests::stationed_trigger_matcher_fires_on_resolution_event_not_announcement
        PASS [   0.234s] (4042/5512) phase-engine game::engine::keyword_action_stack_tests::station_can_be_countered_by_stack_targeting_effect
        PASS [   0.043s] (4043/5512) phase-engine game::engine::mdfc_land_tests::archenemy_starting_life_and_first_turn_use_configured_archenemy
        PASS [   0.136s] (4044/5512) phase-engine game::engine::mdfc_land_tests::ai_generates_both_modal_face_candidates
        PASS [   0.048s] (4045/5512) phase-engine game::engine::mdfc_land_tests::build_contest_rounds_scripted_paths
        PASS [   0.742s] (4046/5512) phase-engine game::engine::exile_return_tests::exile_return_occurs_before_a_pending_resolution_choice
        PASS [   0.042s] (4047/5512) phase-engine game::engine::mdfc_land_tests::grant_debug_permission_succeeds_for_host_and_unlocks_debug
        PASS [   0.104s] (4048/5512) phase-engine game::engine::mdfc_land_tests::grant_debug_permission_rejected_for_non_host
        PASS [   0.095s] (4049/5512) phase-engine game::engine::mdfc_land_tests::grant_debug_permission_rejected_when_sandbox_disabled
        PASS [   0.052s] (4050/5512) phase-engine game::engine::mdfc_land_tests::mdfc_choose_back_face_enters_with_back_characteristics
        PASS [  12.859s] (4051/5512) phase-engine game::effects::mana::tests::linked_exiled_ids_preserves_link_order_into_the_offered_colors
        PASS [   0.023s] (4052/5512) phase-engine game::engine::mdfc_land_tests::mdfc_creature_land_in_graveyard_not_offered_as_land
        PASS [   0.084s] (4053/5512) phase-engine game::engine::mdfc_land_tests::mdfc_creature_land_auto_swaps_to_land_face
        PASS [   0.105s] (4054/5512) phase-engine game::engine::mdfc_land_tests::mdfc_commander_cast_from_command_zone_offers_face_choice
        PASS [   0.110s] (4055/5512) phase-engine game::engine::mdfc_land_tests::mdfc_choose_front_face_enters_normally
        PASS [   0.047s] (4056/5512) phase-engine game::engine::mdfc_land_tests::mdfc_land_creature_plays_front_face_normally
        PASS [   0.041s] (4057/5512) phase-engine game::engine::mdfc_land_tests::mdfc_land_land_returns_modal_face_choice
        PASS [   0.045s] (4058/5512) phase-engine game::engine::mdfc_land_tests::revoke_debug_permission_rejects_host_self_revoke
        PASS [   0.060s] (4059/5512) phase-engine game::engine::mdfc_land_tests::spell_mdfc_cast_back_face_goes_on_stack
        PASS [   0.042s] (4060/5512) phase-engine game::engine::mdfc_land_tests::spell_mdfc_does_not_offer_unaffordable_back_face_after_cast_choice
        PASS [   0.076s] (4061/5512) phase-engine game::engine::mdfc_land_tests::spell_mdfc_castable_when_only_back_face_affordable
        PASS [   0.045s] (4062/5512) phase-engine game::engine::mdfc_land_tests::start_game_contest_emits_d20_per_seat_and_picks_high_roller
        PASS [   0.075s] (4063/5512) phase-engine game::engine::mdfc_land_tests::spell_mdfc_offers_only_the_affordable_face_after_cast_choice
        PASS [   0.025s] (4064/5512) phase-engine game::engine::mdfc_land_tests::start_game_contest_sequences_dice_before_game_started
        PASS [   0.061s] (4065/5512) phase-engine game::engine::mdfc_land_tests::start_game_contest_tie_triggers_reroll_and_resolves
        PASS [   0.084s] (4066/5512) phase-engine game::engine::mdfc_land_tests::start_game_empty_seat_order_no_contest
        PASS [   0.067s] (4067/5512) phase-engine game::engine::mdfc_land_tests::start_game_with_explicit_player_emits_no_dice
        PASS [   0.059s] (4068/5512) phase-engine game::engine::mdfc_land_tests::transform_dfc_land_back_no_modal_face_choice
        PASS [   0.050s] (4069/5512) phase-engine game::engine::mdfc_land_tests::two_hg_team_identity_survives_starting_player_rotation
        PASS [   0.044s] (4070/5512) phase-engine game::engine::minted_battlefield_set_tests::derived_fodder_class_counts_minted_members_and_not_arrivals
        PASS [   0.088s] (4071/5512) phase-engine game::engine::minted_battlefield_set_tests::minted_battlefield_ids_excludes_an_id_preserving_arrival
        PASS [   2.742s] (4072/5512) phase-engine game::engine::auto_pass_decision_tests::large_terminating_stack_does_not_halt
        PASS [   0.210s] (4073/5512) phase-engine game::engine::phase_trigger_regression_tests::attack_trigger_resolves_before_combat_damage_and_only_once
        PASS [   0.066s] (4074/5512) phase-engine game::engine::phase_trigger_regression_tests::begin_combat_propagates_generic_phase_trigger_ordering_prompt
        PASS [   2.523s] (4075/5512) phase-engine game::engine::auto_pass_decision_tests::until_stack_empty_resolves_large_stack_in_one_apply
        PASS [   0.067s] (4076/5512) phase-engine game::engine::phase_trigger_regression_tests::begin_combat_trigger_fires_with_attackers
        PASS [   0.037s] (4077/5512) phase-engine game::engine::phase_trigger_regression_tests::card_name_choice_is_case_insensitive
        PASS [   0.076s] (4078/5512) phase-engine game::engine::phase_trigger_regression_tests::begin_combat_trigger_fires_without_attackers
        PASS [   0.095s] (4079/5512) phase-engine game::engine::phase_trigger_regression_tests::begin_combat_window_precedes_forced_empty_attacker_declaration
        PASS [   0.061s] (4080/5512) phase-engine game::engine::phase_trigger_regression_tests::card_name_choice_validates_against_all_card_names
        PASS [   0.073s] (4081/5512) phase-engine game::engine::phase_trigger_regression_tests::choose_one_of_branch_resolves_selected_branch_with_original_controller
        PASS [   0.074s] (4082/5512) phase-engine game::engine::phase_trigger_regression_tests::choose_one_of_controller_token_branch_ignores_faced_opponent
        PASS [   0.056s] (4083/5512) phase-engine game::engine::phase_trigger_regression_tests::choose_one_of_each_opponent_prompts_apnap_and_branch_targets_faced_player
        PASS [   0.037s] (4084/5512) phase-engine game::engine::phase_trigger_regression_tests::choose_one_of_enters_branch_choice_state
        PASS [   0.054s] (4085/5512) phase-engine game::engine::phase_trigger_regression_tests::combat_phase_stops_pause_damage_and_end_combat_windows
        PASS [   0.072s] (4086/5512) phase-engine game::engine::phase_trigger_regression_tests::choose_option_with_exact_source_stores_chosen_attribute
        PASS [   0.117s] (4087/5512) phase-engine game::engine::phase_trigger_regression_tests::choose_one_of_scoped_player_sacrifice_prompts_faced_opponent
        PASS [   0.075s] (4088/5512) phase-engine game::engine::phase_trigger_regression_tests::copy_target_choice_applies_copied_enter_with_counters_replacement_before_sba
        PASS [   0.066s] (4089/5512) phase-engine game::engine::phase_trigger_regression_tests::copy_target_choice_fires_granted_etb_trigger_against_deferred_entry_event
        PASS [   0.067s] (4090/5512) phase-engine game::engine::phase_trigger_regression_tests::copy_target_choice_rejects_invalid_target
        PASS [   0.083s] (4091/5512) phase-engine game::engine::phase_trigger_regression_tests::copy_target_choice_resolves_become_copy
        PASS [   0.051s] (4092/5512) phase-engine game::engine::phase_trigger_regression_tests::cumulative_upkeep_source_gone_before_resolution_is_noop
        PASS [   1.206s] (4093/5512) phase-engine game::engine::mdfc_land_tests::start_game_contest_round_structure_invariants
        PASS [   0.124s] (4094/5512) phase-engine game::engine::phase_trigger_regression_tests::cumulative_upkeep_multi_instance_each_ticks_own_counter
        PASS [   0.171s] (4095/5512) phase-engine game::engine::phase_trigger_regression_tests::copy_target_choice_surfaces_interactive_trigger_prompt_for_deferred_entry
        PASS [   0.094s] (4096/5512) phase-engine game::engine::phase_trigger_regression_tests::declare_blockers_grants_ap_priority_when_no_legal_blockers
        PASS [   0.141s] (4097/5512) phase-engine game::engine::phase_trigger_regression_tests::echoing_deeps_with_empty_graveyards_enters_untapped_without_copy_offer
        PASS [   0.095s] (4098/5512) phase-engine game::engine::phase_trigger_regression_tests::effect_zone_choice_handler_resolves_sacrifice_and_continuation
        PASS [   0.144s] (4099/5512) phase-engine game::engine::phase_trigger_regression_tests::echoing_deeps_with_graveyard_land_offers_and_applies_copy
        PASS [   1.434s] (4100/5512) phase-engine game::engine::mdfc_land_tests::start_game_contest_is_bounded_no_hang
        PASS [   0.069s] (4101/5512) phase-engine game::engine::phase_trigger_regression_tests::effect_zone_choice_handler_resolves_untap_selection
        PASS [   0.076s] (4102/5512) phase-engine game::engine::phase_trigger_regression_tests::effect_zone_choice_up_to_respects_min_count
        PASS [   0.124s] (4103/5512) phase-engine game::engine::phase_trigger_regression_tests::esper_sentinel_does_not_draw_when_triggering_player_pays_x
        PASS [   0.077s] (4104/5512) phase-engine game::engine::phase_trigger_regression_tests::inner_sanctum_upkeep_two_age_counters_pays_four_life
        PASS [   0.138s] (4105/5512) phase-engine game::engine::phase_trigger_regression_tests::esper_sentinel_draws_when_triggering_player_declines_x_payment
        PASS [   0.069s] (4106/5512) phase-engine game::engine::phase_trigger_regression_tests::inserted_begin_combat_gets_priority_window
        PASS [   0.151s] (4107/5512) phase-engine game::engine::phase_trigger_regression_tests::glacierwood_siege_resolution_prompts_for_anchor_word_choice
        PASS [   0.414s] (4108/5512) phase-engine game::engine::phase_trigger_regression_tests::echoing_deeps_copying_sunken_citadel_prompts_for_the_copied_color_choice
        PASS [   1.692s] (4109/5512) phase-engine game::engine::mdfc_land_tests::start_game_contest_high_roller_wins_three_and_four_seats
        PASS [   0.173s] (4110/5512) phase-engine game::engine::phase_trigger_regression_tests::issue_1243_end_step_may_pay_trigger_decline_places_no_counter
        PASS [   0.086s] (4111/5512) phase-engine game::engine::phase_trigger_regression_tests::jotun_owl_keeper_one_of_x_n_pays_combined_mana
        PASS [   0.033s] (4112/5512) phase-engine game::engine::phase_trigger_regression_tests::multi_target_selection_preserves_nested_effect_zone_choice_continuation
        PASS [   0.259s] (4113/5512) phase-engine game::engine::phase_trigger_regression_tests::issue_1243_end_step_may_pay_trigger_accept_pays_and_resolves_reflexive
        PASS [   0.036s] (4114/5512) phase-engine game::engine::phase_trigger_regression_tests::mystic_remora_three_upkeeps_costs_one_two_three
        PASS [   0.081s] (4115/5512) phase-engine game::engine::phase_trigger_regression_tests::lifelink_replacement_does_not_double_fire_life_gain_triggers
        PASS [   0.036s] (4116/5512) phase-engine game::engine::phase_trigger_regression_tests::mystic_remora_upkeep_decline_path_sacrifices
        PASS [   0.034s] (4117/5512) phase-engine game::engine::phase_trigger_regression_tests::opponent_may_choice_accept_preserves_nested_effect_zone_choice_continuation
        PASS [   0.041s] (4118/5512) phase-engine game::engine::phase_trigger_regression_tests::optional_effect_choice_accept_preserves_nested_effect_zone_choice_continuation
        PASS [   0.079s] (4119/5512) phase-engine game::engine::phase_trigger_regression_tests::mystic_remora_upkeep_pay_path_keeps_permanent_and_adds_age_counter
        PASS [   0.050s] (4120/5512) phase-engine game::engine::phase_trigger_regression_tests::player_scope_all_uses_apnap_order_and_resumes_remaining_players
        PASS [   0.055s] (4121/5512) phase-engine game::engine::phase_trigger_regression_tests::polar_kraken_upkeep_sacrifice_cost_path
        PASS [   0.044s] (4122/5512) phase-engine game::engine::phase_trigger_regression_tests::post_replacement_choose_sets_named_choice_waiting_for
        PASS [   0.034s] (4123/5512) phase-engine game::engine::phase_trigger_regression_tests::reflexive_when_you_do_fires_after_become_copy_replacement
        PASS [   0.060s] (4124/5512) phase-engine game::engine::phase_trigger_regression_tests::rakdos_headliner_non_mana_echo_reaches_discard_payment
        PASS [   0.047s] (4125/5512) phase-engine game::engine::phase_trigger_regression_tests::restricted_color_choice_rejects_excluded_color
        PASS [   0.050s] (4126/5512) phase-engine game::engine::phase_trigger_regression_tests::static_prison_unless_pay_sacrifice_returns_exiled_permanent
        PASS [   0.070s] (4127/5512) phase-engine game::engine::phase_trigger_regression_tests::spell_cast_trigger_syncs_priority_to_active_player
        PASS [   0.075s] (4128/5512) phase-engine game::engine::phase_trigger_regression_tests::superior_spider_man_full_copy_flow_copies_graveyard_card_and_exiles_it
        PASS [   0.480s] (4129/5512) phase-engine game::engine::phase_trigger_regression_tests::issue_1981_echo_decline_sacrifice_fires_dies_trigger
        PASS [   0.052s] (4130/5512) phase-engine game::engine::phase_trigger_regression_tests::top_library_exile_cumulative_upkeep_exiles_top_cards_and_keeps_permanent
        PASS [   0.050s] (4131/5512) phase-engine game::engine::phase_trigger_regression_tests::top_library_exile_cumulative_upkeep_replacement_choice_is_atomic
        PASS [   0.048s] (4132/5512) phase-engine game::engine::phase_trigger_regression_tests::unless_energy_payment_deducts_energy_and_skips_effect
        PASS [   0.064s] (4133/5512) phase-engine game::engine::phase_trigger_regression_tests::unless_discard_payment_filters_eligible_hand_cards
        PASS [   0.073s] (4134/5512) phase-engine game::engine::phase_trigger_regression_tests::top_library_exile_cumulative_upkeep_sacrifices_when_library_payment_unpayable
        PASS [   0.054s] (4135/5512) phase-engine game::engine::phase_trigger_regression_tests::unless_pay_decline_runs_primary_not_if_a_player_does_sub
        PASS [   0.045s] (4136/5512) phase-engine game::engine::phase_trigger_regression_tests::unless_pay_success_runs_if_a_player_does_sub_ability
        PASS [   0.571s] (4137/5512) phase-engine game::engine::phase_trigger_regression_tests::issue_4663_go_shintai_hidden_cruelty_optional_pay_target_list_uses_where_x
        PASS [   0.080s] (4138/5512) phase-engine game::engine::phase_trigger_regression_tests::unless_pay_success_clears_stale_cost_payment_failed_flag
        PASS [   0.090s] (4139/5512) phase-engine game::engine::phase_trigger_regression_tests::unless_pay_resolution_choice_defers_branch_triggers
        PASS [   0.617s] (4140/5512) phase-engine game::engine::phase_trigger_regression_tests::issue_3262_kitt_kanto_taps_two_then_targets_active_player_creature
        PASS [   0.045s] (4141/5512) phase-engine game::engine::phase_trigger_regression_tests::unless_payment_decline_preserves_nested_effect_zone_choice_continuation
        PASS [   0.068s] (4142/5512) phase-engine game::engine::phase_trigger_regression_tests::unless_pay_success_with_no_sub_ability_is_inert
        PASS [   0.060s] (4143/5512) phase-engine game::engine::phase_trigger_regression_tests::your_turn_constraint_blocks_on_opponents_turn
        PASS [   0.063s] (4144/5512) phase-engine game::engine::phase_trigger_regression_tests::upkeep_trigger_fires
        PASS [   0.149s] (4145/5512) phase-engine game::engine::phase_trigger_regression_tests::unless_pay_success_sub_ability_fires_triggers_from_events
        PASS [   0.053s] (4146/5512) phase-engine game::engine::priority_principal_tests::principal_preserves_the_controlled_priority_seat
        PASS [   0.053s] (4147/5512) phase-engine game::engine::priority_principal_tests::principal_rejects_non_priority_without_mutating_the_wait
        PASS [   0.088s] (4148/5512) phase-engine game::engine::priority_facade_boundary_tests::facade_access_is_constructed_once_and_provider_accessors_only_borrow_it
        PASS [   0.088s] (4149/5512) phase-engine game::engine::priority_principal_tests::principal_rejects_stale_priority_authority_without_mutating_the_wait
        PASS [   0.058s] (4150/5512) phase-engine game::engine::priority_principal_tests::priority_preflight_reports_an_actionless_empty_window
        PASS [   0.070s] (4151/5512) phase-engine game::engine::priority_principal_tests::priority_preflight_reports_stale_authority_without_inventing_a_family
        PASS [   0.076s] (4152/5512) phase-engine game::engine::priority_principal_tests::priority_preflight_keeps_cast_legal_only_through_alternative_face
        PASS [   0.137s] (4153/5512) phase-engine game::engine::priority_principal_tests::priority_play_face_down_candidate_is_reachable_but_not_an_exact_legal_action_candidate
        PASS [   0.075s] (4154/5512) phase-engine game::engine::priority_principal_tests::priority_preflight_stays_actionless_when_neither_face_is_castable
        PASS [   0.099s] (4155/5512) phase-engine game::engine::priority_principal_tests::priority_preflight_routes_basic_land_mana_through_the_mana_provider
        PASS [   0.082s] (4156/5512) phase-engine game::engine::priority_reducer_census_tests::priority_reducer_has_the_frozen_action_family_census
        PASS [   0.052s] (4157/5512) phase-engine game::engine::resolve_all_consent_session_tests::one_representative_begin_materializes_a_session_without_a_consent_or_ready_stop
        PASS [   0.086s] (4158/5512) phase-engine game::engine::priority_principal_tests::prospective_actionless_pass_rejects_an_actionable_window_without_mutation
        PASS [   0.168s] (4159/5512) phase-engine game::engine::priority_principal_tests::priority_preflight_clones_a_land_announcement_without_mutating_live_state
        PASS [   0.051s] (4160/5512) phase-engine game::engine::resolve_all_consent_session_tests::two_headed_giant_final_grant_overlays_only_canonical_team_representatives
        PASS [   0.053s] (4161/5512) phase-engine game::engine::resolving_carrier_settle_tests::a_triggered_carrier_missing_its_firing_still_settles_at_the_priority_boundary
        PASS [   0.059s] (4162/5512) phase-engine game::engine::resolving_carrier_settle_tests::a_suspended_resolution_still_blocks_settling_for_either_pairing
        PASS [   0.061s] (4163/5512) phase-engine game::engine::resolving_carrier_settle_tests::final_pass_in_a_unit_added_after_cleanup_drains_the_carrier_before_turn_wrap
        PASS [   0.073s] (4164/5512) phase-engine game::engine::resolving_carrier_settle_tests::deferred_cleanup_retry_counts_the_cleanup_step_it_begins
        PASS [   0.080s] (4165/5512) phase-engine game::engine::resolving_carrier_settle_tests::cleanup_priority_pass_drains_triggered_multistep_carrier_before_turn_wrap
        PASS [   0.056s] (4166/5512) phase-engine game::engine::resolving_carrier_settle_tests::no_carrier_means_nothing_to_settle
        PASS [   0.048s] (4167/5512) phase-engine game::engine::shortcut_schema_tests::iteration_count_maps_every_win_kind
        PASS [   0.058s] (4168/5512) phase-engine game::engine::resolving_carrier_settle_tests::parity_predicate_classifies_every_carrier_pairing
        PASS [   0.051s] (4169/5512) phase-engine game::engine::stage2_injector_tests::a_command_zone_order_pin_stops_poisoning_the_template_without_gaining_capability
        PASS [   0.057s] (4170/5512) phase-engine game::engine::stage2_injector_tests::a_may_pin_answers_only_the_seat_the_prompt_names
        PASS [   0.054s] (4171/5512) phase-engine game::engine::stage2_injector_tests::a_may_pin_dispatches_the_option_it_names_in_both_directions
        PASS [   0.053s] (4172/5512) phase-engine game::engine::stage2_injector_tests::a_may_slot_is_minted_only_for_the_seat_the_cr_603_5_gate_will_ask
        PASS [   0.038s] (4173/5512) phase-engine game::engine::stage2_injector_tests::a_producer_key_moves_with_the_construction_and_not_with_its_position
        PASS [   0.068s] (4174/5512) phase-engine game::engine::stage2_injector_tests::a_may_pin_never_answers_the_announcement_time_question
        PASS [   0.051s] (4175/5512) phase-engine game::engine::stage2_injector_tests::a_stored_may_auto_choice_is_a_second_authority_the_mint_refuses_to
        PASS [   0.056s] (4176/5512) phase-engine game::engine::stage2_injector_tests::bounded_cycle_pin_slots_publishes_the_may_gate_of_an_optional_trigger
        PASS [   0.080s] (4177/5512) phase-engine game::engine::stage2_injector_tests::bounded_cycle_pin_slots_conjuncts_are_each_load_bearing
        PASS [   0.043s] (4178/5512) phase-engine game::engine::stage2_injector_tests::c2a_row_f2_a_multi_slot_announcement_is_refused_rather_than_collapsed
        PASS [   0.052s] (4179/5512) phase-engine game::engine::stage2_injector_tests::c2a_row_t5_an_unresolvable_target_abandons_the_whole_journal_write
        PASS [   0.057s] (4180/5512) phase-engine game::engine::stage2_injector_tests::command_zone_sourced_slot_matches_and_graveyard_still_aborts
        PASS [   0.387s] (4181/5512) phase-engine game::engine::stage2_injector_tests::injector_routes_pinned_targets_per_source
        PASS [   0.127s] (4182/5512) phase-engine game::engine::stage2_injector_tests::one_published_may_slot_stands_for_exactly_one_cr_603_5_prompt
        PASS [   0.055s] (4183/5512) phase-engine game::engine::stage2_injector_tests::pinned_mana_color_for_source_matches_a_command_zone_slot_and_still_refuses_elsewhere
        PASS [   0.057s] (4184/5512) phase-engine game::engine::stage2_injector_tests::pinned_targets_for_source_matches_a_command_zone_slot_and_still_refuses_elsewhere
        PASS [   0.056s] (4185/5512) phase-engine game::engine::stage2_injector_tests::r28_b_the_drive_seat_guard_compares_a_client_supplied_owner_against_itself
        PASS [   0.034s] (4186/5512) phase-engine game::engine::stage2_injector_tests::shortcut_drive_period_is_schedule_max
        PASS [   0.839s] (4187/5512) phase-engine game::engine::stage2_injector_tests::drive_one_cycle_reaches_injector_for_3p_targeted
        PASS [   5.920s] (4188/5512) phase-engine game::engine::bounded_offer_conjunct_tests::f2c_the_cr_603_5_conjunct_set_has_one_production_assembler
        PASS [   0.624s] (4189/5512) phase-engine game::engine::stage2_injector_tests::until_lethal_declines_to_materialize_a_removal
        PASS [   0.061s] (4190/5512) phase-engine game::engine::station_tests::station_activation_enters_station_target_state
        PASS [   0.041s] (4191/5512) phase-engine game::engine::station_tests::station_activation_excludes_cant_tap_creatures
        PASS [   0.047s] (4192/5512) phase-engine game::engine::station_tests::station_activation_rejects_on_opponents_turn
        PASS [   0.038s] (4193/5512) phase-engine game::engine::station_tests::station_activation_rejects_outside_sorcery_window
        PASS [   0.082s] (4194/5512) phase-engine game::engine::station_tests::station_cannot_tap_the_spacecraft_itself
        PASS [   0.103s] (4195/5512) phase-engine game::engine::station_tests::station_rejects_tapped_creature_after_gap
        PASS [   0.035s] (4196/5512) phase-engine game::engine::station_tests::station_resolution_taps_creature_and_adds_counters_equal_to_power
        PASS [   0.046s] (4197/5512) phase-engine game::engine::station_tests::station_resolution_uses_snapshot_power_when_tapped_creature_leaves_battlefield
        PASS [   0.142s] (4198/5512) phase-engine game::engine::station_tests::station_threshold_static_reapplies_and_spacecraft_becomes_creature
        PASS [   0.039s] (4199/5512) phase-engine game::engine::station_tests::station_without_eligible_creature_rejected
        PASS [   1.979s] (4200/5512) phase-engine game::engine::stage2_injector_tests::until_lethal_declines_a_removal_it_could_have_driven_past
        PASS [   0.068s] (4201/5512) phase-engine game::engine::station_tests::stationed_perpetual_grant_keywords_applies_to_stationing_creature
        PASS [   0.078s] (4202/5512) phase-engine game::engine::tests::a_copy_of_an_already_copied_room_snapshots_the_copied_halves
        PASS [   0.024s] (4203/5512) phase-engine game::engine::tests::a_materialized_duplicate_of_a_room_keeps_both_halves
        PASS [   0.051s] (4204/5512) phase-engine game::engine::tests::a_materialized_exception_name_survives_later_layer_passes
        PASS [   0.082s] (4205/5512) phase-engine game::engine::tests::a_recast_split_room_offers_the_face_choice_again
        PASS [   0.068s] (4206/5512) phase-engine game::engine::tests::a_reversed_activation_discards_its_lifecycle_frame
        PASS [   0.048s] (4207/5512) phase-engine game::engine::tests::a_room_cast_from_its_right_half_keeps_printed_name_order
        PASS [   0.096s] (4208/5512) phase-engine game::engine::tests::a_room_cast_from_exile_offers_the_face_choice_per_cast
        PASS [   0.068s] (4209/5512) phase-engine game::engine::tests::a_room_cast_from_the_graveyard_offers_the_face_choice_per_cast
        PASS [   0.075s] (4210/5512) phase-engine game::engine::tests::a_room_entering_uncast_has_no_functioning_static_until_unlocked
        PASS [   0.097s] (4211/5512) phase-engine game::engine::tests::a_room_recast_after_a_back_half_round_trip_offers_the_choice_again
        PASS [   0.118s] (4212/5512) phase-engine game::engine::tests::a_room_under_a_copy_effect_shows_the_copied_rooms_halves
        PASS [   0.122s] (4213/5512) phase-engine game::engine::tests::a_rooms_battlefield_name_follows_its_unlock_designations
        PASS [   0.084s] (4214/5512) phase-engine game::engine::tests::a_set_name_exception_survives_the_room_name_derivation
        PASS [   0.030s] (4215/5512) phase-engine game::engine::tests::actor_scoped_preferences_do_not_advance_active_auto_pass
        PASS [   0.077s] (4216/5512) phase-engine game::engine::tests::after_casting_the_back_half_the_left_door_uses_the_front_halfs_cost_and_trigger
        PASS [   0.073s] (4217/5512) phase-engine game::engine::tests::an_ordinary_permanent_copying_a_room_gains_its_door_gated_form
        PASS [   0.194s] (4218/5512) phase-engine game::engine::tests::academy_loremaster_may_slot_is_withheld_when_the_announcer_is_not_the_proposer
        PASS [   0.041s] (4219/5512) phase-engine game::engine::tests::apply_for_legality_skips_display_mana_sweep
        PASS [   0.044s] (4220/5512) phase-engine game::engine::tests::apply_pass_priority_alternates_players
        PASS [   0.037s] (4221/5512) phase-engine game::engine::tests::apply_pass_priority_rejects_wrong_player
        PASS [   0.047s] (4222/5512) phase-engine game::engine::tests::apply_play_land_moves_to_battlefield
        PASS [   0.040s] (4223/5512) phase-engine game::engine::tests::apply_play_land_rejects_card_not_in_hand
        PASS [   0.025s] (4224/5512) phase-engine game::engine::tests::apply_play_land_rejects_non_main_phase
        PASS [   0.041s] (4225/5512) phase-engine game::engine::tests::apply_play_land_rejects_over_limit
        PASS [   0.043s] (4226/5512) phase-engine game::engine::tests::apply_play_land_rejects_under_cant_play_land_transient_effect
        PASS [   0.098s] (4227/5512) phase-engine game::engine::tests::apply_play_land_rejects_under_cant_play_land
        PASS [   0.057s] (4228/5512) phase-engine game::engine::tests::apply_play_land_rejects_under_cant_play_lands_chosen_name_filter
        PASS [   0.049s] (4229/5512) phase-engine game::engine::tests::apply_rejects_action_from_wrong_actor
        PASS [   0.061s] (4230/5512) phase-engine game::engine::tests::apply_rejects_spoofed_concede
        PASS [   0.063s] (4231/5512) phase-engine game::engine::tests::archenemy_hero_team_each_hero_plays_own_land_only
        PASS [   0.055s] (4232/5512) phase-engine game::engine::tests::assist_cancellation_rejects_committed_activation_held_by_waiting_for
        PASS [   0.096s] (4233/5512) phase-engine game::engine::tests::both_pass_with_spell_on_stack_resolves_spell
        PASS [   0.082s] (4234/5512) phase-engine game::engine::tests::brainstorm_resolves_draw_then_put_two_cards_on_top
        PASS [   0.109s] (4235/5512) phase-engine game::engine::tests::broadside_bombardiers_boast_activates_after_attacking_and_requires_sacrifice
        PASS [   0.346s] (4236/5512) phase-engine game::engine::tests::black_dragon_gate_tap_offers_fixed_black_or_chosen_color
        PASS [   0.047s] (4237/5512) phase-engine game::engine::tests::cancel_auto_pass_routes_by_actor
        PASS [   0.087s] (4238/5512) phase-engine game::engine::tests::can_pay_cost_after_auto_tap_includes_aura_taps_for_mana_bonus
        PASS [   0.022s] (4239/5512) phase-engine game::engine::tests::cards_revealed_events_are_remembered_publicly
        PASS [   0.055s] (4240/5512) phase-engine game::engine::tests::cancelling_a_session_representative_restores_the_pre_overlay_preferences
        PASS [   0.077s] (4241/5512) phase-engine game::engine::tests::cast_spell_moves_card_from_hand_to_stack_and_returns_priority
        PASS [   0.161s] (4242/5512) phase-engine game::engine::tests::cathars_crusade_puts_one_counter_on_each_creature_you_control_on_etb
        PASS [   0.262s] (4243/5512) phase-engine game::engine::tests::chalice_of_the_void_enters_with_x_and_counters_matching_spell
        PASS [   0.071s] (4244/5512) phase-engine game::engine::tests::choose_new_targets_all_allows_unchanged_illegal_target
        PASS [   0.023s] (4245/5512) phase-engine game::engine::tests::concede_during_opponents_priority
        PASS [   0.024s] (4246/5512) phase-engine game::engine::tests::concede_eliminates_player
        PASS [   0.023s] (4247/5512) phase-engine game::engine::tests::concede_non_owner_of_waiting_for_preserves_state
        PASS [   0.022s] (4248/5512) phase-engine game::engine::tests::concede_owner_of_waiting_for_advances_state
        PASS [   0.024s] (4249/5512) phase-engine game::engine::tests::concede_three_player_continues
        PASS [   0.022s] (4250/5512) phase-engine game::engine::tests::concede_two_player_ends_game
        PASS [   0.141s] (4251/5512) phase-engine game::engine::tests::conjurers_ban_full_cast_resolve_blocks_named_land_and_spell
        PASS [   0.030s] (4252/5512) phase-engine game::engine::tests::controller_harming_mana_land_is_not_undoable_after_manual_activation
        PASS [   0.031s] (4253/5512) phase-engine game::engine::tests::countered_face_down_spell_is_revealed_in_graveyard
        PASS [   0.040s] (4254/5512) phase-engine game::engine::tests::counterspell_counters_a_spell_on_stack
        PASS [   0.023s] (4255/5512) phase-engine game::engine::tests::derived_fodder_class_is_one_class_multiset_gate
        PASS [   0.347s] (4256/5512) phase-engine game::engine::tests::disciple_of_bolas_sacrifices_another_creature_not_itself
        PASS [   5.006s] (4257/5512) phase-engine game::engine::stage2_injector_tests::the_cr_603_5_prompt_census_is_pinned_so_a_sixth_producer_is_a_counted_event
        PASS [   0.034s] (4258/5512) phase-engine game::engine::tests::disguise_face_down_has_ward_morph_does_not
        PASS [   0.308s] (4259/5512) phase-engine game::engine::tests::disciple_of_bolas_uses_sacrificed_creature_power_for_life_and_draw
        PASS [   0.112s] (4260/5512) phase-engine game::engine::tests::eldrazi_temple_restricted_mana_casts_kindred_eldrazi_spell_only
        PASS [   0.048s] (4261/5512) phase-engine game::engine::tests::elimination_restores_session_baseline_before_departing_preferences_are_cleaned
        PASS [   0.044s] (4262/5512) phase-engine game::engine::tests::engine_error_display
        PASS [   0.062s] (4263/5512) phase-engine game::engine::tests::equip_tests::test_equip_auto_targets_single_creature
        PASS [   0.079s] (4264/5512) phase-engine game::engine::tests::equip_tests::test_equip_creates_equip_target_with_valid_creatures
        PASS [   0.065s] (4265/5512) phase-engine game::engine::tests::equip_tests::test_equip_only_at_sorcery_speed
        PASS [   0.100s] (4266/5512) phase-engine game::engine::tests::equip_tests::test_equip_re_equip_moves_to_new_creature
        PASS [   0.737s] (4267/5512) phase-engine game::engine::tests::dragonstorm_globe_counters_created_dragon_token
        PASS [   0.092s] (4268/5512) phase-engine game::engine::tests::equip_tests::test_equip_selects_target_attaches_equipment
        PASS [   0.060s] (4269/5512) phase-engine game::engine::tests::face_down_cast_cancel_at_mana_payment_restores_real_card
        PASS [   0.076s] (4270/5512) phase-engine game::engine::tests::face_down_cast_puts_blank_2_2_on_stack
        PASS [   0.072s] (4271/5512) phase-engine game::engine::tests::face_down_cast_resolves_to_face_down_permanent
        PASS [   0.056s] (4272/5512) phase-engine game::engine::tests::face_down_spell_on_stack_is_redacted_to_opponents
        PASS [   0.067s] (4273/5512) phase-engine game::engine::tests::fertile_ground_auto_tap_threads_non_first_color_to_resolver
        PASS [   0.069s] (4274/5512) phase-engine game::engine::tests::fizzle_bolt_target_removed
        PASS [   0.065s] (4275/5512) phase-engine game::engine::tests::fizzle_target_removed_before_resolution
        PASS [   0.234s] (4276/5512) phase-engine game::engine::tests::full_turn_integration_with_mulligan
        PASS [   0.209s] (4277/5512) phase-engine game::engine::tests::gamble_searches_to_hand_then_discards_random_card
        PASS [   0.046s] (4278/5512) phase-engine game::engine::tests::game_over_rejects_ordinary_actions_but_keeps_preferences_actor_scoped
        PASS [   0.088s] (4279/5512) phase-engine game::engine::tests::giant_growth_gives_plus_3_3
        PASS [   0.070s] (4280/5512) phase-engine game::engine::tests::holdout_settlement_second_mana_ability_prompts_for_creature_then_adds_mana
        PASS [   0.060s] (4281/5512) phase-engine game::engine::tests::inline_taps_for_mana_overrides_bind_each_live_trigger_occurrence
        PASS [   0.038s] (4282/5512) phase-engine game::engine::tests::inline_taps_for_mana_overrides_clear_when_no_trigger_matches
        PASS [   0.029s] (4283/5512) phase-engine game::engine::tests::inquisitive_glimmer_reduces_room_unlock_cost
        PASS [   0.027s] (4284/5512) phase-engine game::engine::tests::integration_play_land_then_pass
        PASS [   0.029s] (4285/5512) phase-engine game::engine::tests::land_with_etb_tapped_replacement_enters_tapped
        PASS [   0.083s] (4286/5512) phase-engine game::engine::tests::integration_full_turn_cycle
        PASS [   0.040s] (4287/5512) phase-engine game::engine::tests::learn_rummage_discards_and_draws
        PASS [   0.062s] (4288/5512) phase-engine game::engine::tests::learn_rummage_stashes_draw_continuation
        PASS [   0.030s] (4289/5512) phase-engine game::engine::tests::learn_skip_does_nothing
        PASS [   0.061s] (4290/5512) phase-engine game::engine::tests::lightning_bolt_deals_3_damage_to_player
        PASS [   0.094s] (4291/5512) phase-engine game::engine::tests::lightning_bolt_deals_3_damage_to_creature
        PASS [   0.090s] (4292/5512) phase-engine game::engine::tests::monarch_end_step_draws_exactly_one_card
        PASS [   0.081s] (4293/5512) phase-engine game::engine::tests::morph_casts_face_down_under_multiple_name_prohibitions
        PASS [   0.027s] (4294/5512) phase-engine game::engine::tests::morph_creature_offers_face_down_alternative_cast
        PASS [   0.062s] (4295/5512) phase-engine game::engine::tests::morph_creature_in_graveyard_offers_and_casts_face_down
        PASS [   0.052s] (4296/5512) phase-engine game::engine::tests::morph_free_normal_cast_not_robbed_by_face_down_autoroute
        PASS [   0.045s] (4297/5512) phase-engine game::engine::tests::morph_mana_value_prohibition_does_not_suppress_face_down_cast
        PASS [   0.031s] (4298/5512) phase-engine game::engine::tests::morph_under_name_prohibition_is_castable_now
        PASS [   0.078s] (4299/5512) phase-engine game::engine::tests::morph_name_prohibition_does_not_suppress_face_down_cast
        PASS [   0.049s] (4300/5512) phase-engine game::engine::tests::morph_without_three_mana_not_castable_under_prohibition
        PASS [   0.058s] (4301/5512) phase-engine game::engine::tests::multi_mana_land_activates_via_ability_index
        PASS [   0.054s] (4302/5512) phase-engine game::engine::tests::multi_mana_land_exposes_one_semantic_action_per_option
        PASS [   0.045s] (4303/5512) phase-engine game::engine::tests::new_game_creates_two_player_state
        PASS [   0.057s] (4304/5512) phase-engine game::engine::tests::multi_mana_land_undoable_after_activate_ability
        PASS [   0.048s] (4305/5512) phase-engine game::engine::tests::nocost_morph_offered_as_legal_action
        PASS [   0.057s] (4306/5512) phase-engine game::engine::tests::nocost_morph_auto_casts_face_down_for_three
        PASS [   0.046s] (4307/5512) phase-engine game::engine::tests::nocost_morph_without_three_mana_rejected
        PASS [   0.046s] (4308/5512) phase-engine game::engine::tests::nocost_non_morph_creature_rejected_from_hand
        PASS [   0.044s] (4309/5512) phase-engine game::engine::tests::non_mana_activation_tap_creatures_cost_rejects_tapped_source_before_prompt
        PASS [   0.069s] (4310/5512) phase-engine game::engine::tests::non_mana_activation_tap_creatures_cost_prompts_then_pays
        PASS [   0.088s] (4311/5512) phase-engine game::engine::tests::non_morph_creature_in_graveyard_offers_no_face_down_cast
        PASS [   0.092s] (4312/5512) phase-engine game::engine::tests::non_morph_creature_offers_no_face_down_cast
        PASS [   0.049s] (4313/5512) phase-engine game::engine::tests::non_morph_under_name_prohibition_not_castable
        PASS [   0.060s] (4314/5512) phase-engine game::engine::tests::once_per_turn_library_land_play_consumes_slot_and_blocks_second_play
        PASS [   0.089s] (4315/5512) phase-engine game::engine::tests::non_team_controlled_turn_only_routes_active_player
        PASS [   0.065s] (4316/5512) phase-engine game::engine::tests::pass_priority_clears_lands_tapped_for_mana
        PASS [   0.074s] (4317/5512) phase-engine game::engine::tests::pending_trigger_with_no_legal_target_at_choose_time_drops_not_errors
        PASS [   0.047s] (4318/5512) phase-engine game::engine::tests::played_land_receives_enters_with_additional_counters_static
        PASS [   0.078s] (4319/5512) phase-engine game::engine::tests::play_land_clears_lands_tapped_for_mana
        PASS [   0.046s] (4320/5512) phase-engine game::engine::tests::reorder_hand_rejects_non_permutation
        PASS [   0.036s] (4321/5512) phase-engine game::engine::tests::reorder_hand_replaces_hand_order
        PASS [   0.079s] (4322/5512) phase-engine game::engine::tests::representative_replacement_recaptures_the_restored_baseline
        PASS [   0.105s] (4323/5512) phase-engine game::engine::tests::reorder_hand_succeeds_while_opponent_holds_priority
        PASS [   0.035s] (4324/5512) phase-engine game::engine::tests::restored_stack_automation_presentation_distinguishes_noop_progress_and_repair
        PASS [   0.053s] (4325/5512) phase-engine game::engine::tests::restored_stack_automation_presentation_bounds_transport_but_retains_full_engine_events
        PASS [   0.046s] (4326/5512) phase-engine game::engine::tests::set_may_trigger_auto_choice_clear_all_is_actor_scoped
        PASS [   0.057s] (4327/5512) phase-engine game::engine::tests::set_may_trigger_auto_choice_remove_cannot_target_another_player
        PASS [   0.057s] (4328/5512) phase-engine game::engine::tests::set_may_trigger_auto_choice_remove_revokes_actor_choice
        PASS [   0.078s] (4329/5512) phase-engine game::engine::tests::set_phase_stops_from_non_priority_actor_succeeds
        PASS [   0.262s] (4330/5512) phase-engine game::engine::tests::sacrifice_a_creature_without_another_includes_sole_source
        PASS [   0.029s] (4331/5512) phase-engine game::engine::tests::set_priority_yield_accepted_from_non_priority_actor
        PASS [   0.057s] (4332/5512) phase-engine game::engine::tests::set_priority_passing_mode_is_actor_scoped_sparse_and_any_state
        PASS [   0.041s] (4333/5512) phase-engine game::engine::tests::set_priority_yield_add_binds_from_stack_after_token_ceased
        PASS [   0.037s] (4334/5512) phase-engine game::engine::tests::set_priority_yield_add_no_op_without_matching_stack_entry
        PASS [   0.050s] (4335/5512) phase-engine game::engine::tests::set_priority_yield_this_object_none_incarnation_latches_and_matches
        PASS [   0.051s] (4336/5512) phase-engine game::engine::tests::set_trigger_order_template_clear_all_is_actor_scoped
        PASS [  12.031s] (4337/5512) phase-engine game::engine::kilo_interruptibility_tests::tap_pin_rebinds_to_recorded_legendary_not_a_decoy
        PASS [   0.047s] (4338/5512) phase-engine game::engine::tests::springleaf_drum_prompts_for_creature_then_adds_mana
        PASS [   0.269s] (4339/5512) phase-engine game::engine::tests::shigeki_channel_x_zero_resolves_from_stack_without_zone_choice
        PASS [   0.271s] (4340/5512) phase-engine game::engine::tests::squadron_hawk_may_trigger_can_be_declined_before_search
        PASS [   0.262s] (4341/5512) phase-engine game::engine::tests::squadron_hawk_search_can_choose_zero_cards
        PASS [   0.029s] (4342/5512) phase-engine game::engine::tests::stack_is_empty_check
        PASS [   0.052s] (4343/5512) phase-engine game::engine::tests::stack_push_and_lifo_resolve
        PASS [   0.050s] (4344/5512) phase-engine game::engine::tests::start_game_counts_the_starting_players_first_turn
        PASS [   0.049s] (4345/5512) phase-engine game::engine::tests::start_game_emits_game_started_event
        PASS [   0.062s] (4346/5512) phase-engine game::engine::tests::start_game_pauses_at_first_turn_upkeep_priority
        PASS [  12.447s] (4347/5512) phase-engine game::engine::kilo_interruptibility_tests::mana_color_pin_replays_recorded_color
        PASS [   0.066s] (4348/5512) phase-engine game::engine::tests::start_game_randomizes_starting_player_for_default_match_type
        PASS [   0.058s] (4349/5512) phase-engine game::engine::tests::start_game_skips_draw_on_first_turn
        PASS [   0.076s] (4350/5512) phase-engine game::engine::tests::tap_land_for_mana_produces_correct_color
        PASS [   0.026s] (4351/5512) phase-engine game::engine::tests::tap_land_rejects_already_tapped
        PASS [   0.058s] (4352/5512) phase-engine game::engine::tests::tap_land_for_mana_uses_priority_player_during_opponents_turn
        PASS [   0.076s] (4353/5512) phase-engine game::engine::tests::tap_land_records_in_lands_tapped_for_mana
        PASS [   0.304s] (4354/5512) phase-engine game::engine::tests::squadron_hawk_search_moves_only_selected_cards
        PASS [   0.075s] (4355/5512) phase-engine game::engine::tests::taps_for_mana_multiplier_fires_once_on_color_choice_mana_payment_resume
        PASS [   0.080s] (4356/5512) phase-engine game::engine::tests::tapped_lands_produce_distinct_pip_ids
        PASS [   0.084s] (4357/5512) phase-engine game::engine::tests::taps_for_mana_multiplier_fires_once_on_color_choice_priority_resume
        PASS [   0.052s] (4358/5512) phase-engine game::engine::tests::terminal_reconcile_does_not_run_sbas_for_cant_lose_player
        PASS [   0.043s] (4359/5512) phase-engine game::engine::tests::terminal_reconcile_runs_player_loss_sba_for_unprotected_player
        PASS [   0.026s] (4360/5512) phase-engine game::engine::tests::test_mana_ability_during_mana_payment_stays_in_mana_payment
        PASS [   0.212s] (4361/5512) phase-engine game::engine::tests::tempest_hawk_combat_damage_accept_with_empty_library_resolves_cleanly
        PASS [   0.208s] (4362/5512) phase-engine game::engine::tests::tempest_hawk_combat_damage_optional_decline_leaves_library_untouched
        PASS [   0.228s] (4363/5512) phase-engine game::engine::tests::tempest_hawk_combat_damage_optional_accept_finds_named_card
        PASS [   0.080s] (4364/5512) phase-engine game::engine::tests::test_mana_ability_during_priority_does_not_push_stack
        PASS [   0.082s] (4365/5512) phase-engine game::engine::tests::thriving_grove_enters_tapped_with_color_choice
        PASS [   0.051s] (4366/5512) phase-engine game::engine::tests::turn_face_up_empty_pool_cannot_pay_and_stays_face_down
        PASS [   0.068s] (4367/5512) phase-engine game::engine::tests::tin_street_gossip_restricted_mana_funds_face_down_cast
        PASS [   0.058s] (4368/5512) phase-engine game::engine::tests::turn_face_up_rejects_unlock_door_restricted_mana
        PASS [   0.068s] (4369/5512) phase-engine game::engine::tests::turn_face_up_restricted_mana_funds_special_action
        PASS [   0.060s] (4370/5512) phase-engine game::engine::tests::two_hg_controlled_team_turn_routes_teammate_priority_to_controller
        PASS [   0.079s] (4371/5512) phase-engine game::engine::tests::two_headed_giant_each_teammate_plays_own_land
        PASS [   0.046s] (4372/5512) phase-engine game::engine::tests::two_hg_empty_stack_two_team_passes_advance_and_return_priority
        PASS [   0.033s] (4373/5512) phase-engine game::engine::tests::unlock_door_restricted_mana_pays_room_unlock_cost
        PASS [   0.056s] (4374/5512) phase-engine game::engine::tests::two_hg_non_empty_stack_two_team_passes_resolve_top_object
        PASS [   0.043s] (4375/5512) phase-engine game::engine::tests::unlock_door_restricted_mana_rejected_for_effect_and_spell_payments
        PASS [   0.042s] (4376/5512) phase-engine game::engine::tests::unlock_room_door_special_action_marks_door_and_emits_trigger_event
        PASS [   0.049s] (4377/5512) phase-engine game::engine::tests::unlocking_the_right_door_fires_the_right_halfs_trigger
        PASS [   0.273s] (4378/5512) phase-engine game::engine::tests::thriving_grove_play_land_stays_tapped_after_color_choice
        PASS [   0.036s] (4379/5512) phase-engine game::engine::tests::untap_land_for_mana_aura_bonus_helper_lists_attached_aura
        PASS [   0.078s] (4380/5512) phase-engine game::engine::tests::unlocking_the_right_door_turns_on_that_halfs_static
        PASS [   0.099s] (4381/5512) phase-engine game::engine::tests::untap_during_mana_payment_returns_mana_payment
        PASS [   0.063s] (4382/5512) phase-engine game::engine::tests::untap_land_removes_mana_and_untaps
        PASS [   0.105s] (4383/5512) phase-engine game::engine::tests::untap_land_for_mana_refunds_aura_bonus_no_infinite_mana
        PASS [   0.109s] (4384/5512) phase-engine game::engine::tests::untap_non_tracked_land_fails
        PASS [   0.088s] (4385/5512) phase-engine game::engine::tests::untap_one_of_two_tapped_lands_preserves_other
        PASS [   0.071s] (4386/5512) phase-engine game::engine::tests::untap_rejects_when_mana_already_spent
        PASS [   0.072s] (4387/5512) phase-engine game::engine::tests::until_end_of_turn_yielded_opponent_top_passes_not_finishes
        PASS [   0.067s] (4388/5512) phase-engine game::engine::tests::vorinclex_mana_doubling_trigger_fires_on_tap
        PASS [   0.086s] (4389/5512) phase-engine game::engine::tests::utopia_sprawl_on_forest_taps_for_both_base_and_additional_mana_inline
        PASS [   0.103s] (4390/5512) phase-engine game::engine::tests::vorinclex_cant_untap_trigger_fires_on_opponent_tap
        PASS [  10.343s] (4391/5512) phase-engine game::engine::stage2_injector_tests::a_command_zone_slot_from_the_real_4p_board_answers_the_recast_beat
        PASS [   0.048s] (4392/5512) phase-engine game::engine::tests::zone_change_removes_stale_tracking
        PASS [   0.047s] (4393/5512) phase-engine game::engine::trigger_target_tests::all_modes_exhausted_clears_pending_trigger
        PASS [  13.469s] (4394/5512) phase-engine game::engine::kilo_interruptibility_tests::freed_removed_defuses_the_offer
        PASS [   0.069s] (4395/5512) phase-engine game::engine::trigger_target_tests::choose_target_action_advances_trigger_selection_from_engine_state
        PASS [   0.062s] (4396/5512) phase-engine game::engine::trigger_target_tests::modal_mode_tracking_resets_on_new_turn
        PASS [   0.151s] (4397/5512) phase-engine game::engine::tests::walking_ballista_enters_with_counters_survives_with_two_material_replacements
        PASS [   0.151s] (4398/5512) phase-engine game::engine::tests::walking_ballista_enters_with_x_counters_and_survives_zero_zero_sba
        PASS [   0.055s] (4399/5512) phase-engine game::engine::trigger_target_tests::no_legal_target_trigger_drop_releases_pending_trigger_event_batch
        PASS [   0.066s] (4400/5512) phase-engine game::engine::trigger_target_tests::trigger_target_selection_enforces_different_player_constraint
        PASS [   0.067s] (4401/5512) phase-engine game::engine::trigger_target_tests::triggered_commander_modal_cap_uses_controller_board_state
        PASS [   0.081s] (4402/5512) phase-engine game::engine::trigger_target_tests::trigger_target_selection_rejects_illegal_target
        PASS [   0.083s] (4403/5512) phase-engine game::engine::trigger_target_tests::trigger_target_selection_select_targets_pushes_to_stack
        PASS [   0.061s] (4404/5512) phase-engine game::engine::trigger_target_tests::triggered_modal_modes_reject_unsatisfiable_target_constraints
        PASS [   0.051s] (4405/5512) phase-engine game::engine::trigger_target_tests::vindictive_lich_duel_caps_mode_choice_to_one_opponent
        PASS [   0.055s] (4406/5512) phase-engine game::engine::trigger_target_tests::triggered_modal_modes_without_targets_consume_pending_trigger
        PASS [   0.064s] (4407/5512) phase-engine game::engine::trigger_target_tests::vindictive_lich_multiplayer_caps_mode_choice_to_opponent_count
        PASS [   0.075s] (4408/5512) phase-engine game::engine::trigger_target_tests::vindictive_lich_duel_rejects_overselected_modes_and_accepts_one
        PASS [   0.111s] (4409/5512) phase-engine game::engine::trigger_target_tests::triggered_modal_modes_with_targets_wait_for_target_selection
        PASS [   0.061s] (4410/5512) phase-engine game::engine_debug::tests::debug_add_mana_stamps_distinct_pip_ids
        PASS [   0.058s] (4411/5512) phase-engine game::engine_debug::tests::debug_card_entry_batch_persists_its_unmaterialized_source
        PASS [   0.081s] (4412/5512) phase-engine game::engine_debug::tests::debug_card_entry_batch_resumes_after_persisted_replacement_choice
        PASS [   0.046s] (4413/5512) phase-engine game::engine_debug::tests::debug_create_card_preflight_validates_owner_and_real_entry_context
        PASS [   0.088s] (4414/5512) phase-engine game::engine_debug::tests::debug_counter_decrement_handles_i32_min_without_overflow
        PASS [   0.089s] (4415/5512) phase-engine game::engine_debug::tests::debug_create_card_batch_enters_battlefield_serially
        PASS [   0.026s] (4416/5512) phase-engine game::engine_debug::tests::debug_create_token_batch_uses_one_replacement_event
        PASS [   0.048s] (4417/5512) phase-engine game::engine_debug::tests::debug_create_token_copy_can_strip_legendary
        PASS [  13.954s] (4418/5512) phase-engine game::engine::kilo_interruptibility_tests::declined_infinity_mark_does_not_suppress_reoffer
        PASS [   0.059s] (4419/5512) phase-engine game::engine_debug::tests::debug_create_token_copy_uses_copy_resolver
        PASS [  13.999s] (4420/5512) phase-engine game::engine::kilo_interruptibility_tests::drive_replay_requires_the_recorded_pins
        PASS [   0.053s] (4421/5512) phase-engine game::engine_debug::tests::debug_create_token_zero_zero_no_counters_dies_to_sba
        PASS [   0.065s] (4422/5512) phase-engine game::engine_debug::tests::debug_create_token_enters_with_counters_survives_sba
        PASS [   0.029s] (4423/5512) phase-engine game::engine_debug::tests::debug_create_zero_is_authorized_noop_without_finalization
        PASS [   0.077s] (4424/5512) phase-engine game::engine_debug::tests::debug_grant_keyword_survives_layer_reevaluation
        PASS [   0.083s] (4425/5512) phase-engine game::engine_debug::tests::debug_modify_absent_energy_emits_no_event
        PASS [   0.049s] (4426/5512) phase-engine game::engine_debug::tests::debug_modify_absent_player_counter_emits_no_event
        PASS [   0.054s] (4427/5512) phase-engine game::engine_debug::tests::debug_modify_energy_reports_actual_delta
        PASS [   0.049s] (4428/5512) phase-engine game::engine_debug::tests::debug_modify_player_counters_removal_reports_actual_delta
        PASS [   0.032s] (4429/5512) phase-engine game::engine_debug::tests::debug_modify_player_counters_routes_generic_kinds_to_map
        PASS [   0.396s] (4430/5512) phase-engine game::engine_debug::tests::debug_create_source_defined_preset_requires_both_pt_overrides
        PASS [   0.197s] (4431/5512) phase-engine game::engine_debug::tests::debug_draw_cards_processes_draw_triggers
        PASS [   0.059s] (4432/5512) phase-engine game::engine_debug::tests::debug_modify_player_counters_routes_poison_to_dedicated_field
        PASS [   0.054s] (4433/5512) phase-engine game::engine_debug::tests::debug_move_to_battlefield_skips_delivery_tail_counters
        PASS [   0.088s] (4434/5512) phase-engine game::engine_debug::tests::debug_move_to_library_honors_position
        PASS [   0.047s] (4435/5512) phase-engine game::engine_debug::tests::debug_set_controller_survives_layer_reevaluation
        PASS [   0.060s] (4436/5512) phase-engine game::engine_debug::tests::debug_proliferate_starts_real_choice
        PASS [   0.525s] (4437/5512) phase-engine game::engine_debug::tests::debug_create_source_defined_preset_accepts_pt_overrides
        PASS [   0.038s] (4438/5512) phase-engine game::engine_debug::tests::zero_debug_create_card_uses_the_shared_owner_preflight
        PASS [   0.044s] (4439/5512) phase-engine game::engine_debug::tests::source_bound_debug_create_preflight_fails_before_materialization
        PASS [   0.158s] (4440/5512) phase-engine game::engine_debug::tests::debug_move_to_battlefield_simulate_runs_etb_effects
        PASS [   0.066s] (4441/5512) phase-engine game::engine_debug::tests::debug_set_prepared_routes_through_prepare_gate
        PASS [   0.043s] (4442/5512) phase-engine game::engine_payment_choices::dandan_read_sweep_tests::top_library_exile_cost_pays_from_the_shared_pile
        PASS [   0.584s] (4443/5512) phase-engine game::engine_debug::tests::debug_create_preset_token_installs_catalog_triggers
        PASS [   0.042s] (4444/5512) phase-engine game::engine_payment_choices::tests::accepting_optional_effect_skips_not_if_you_do_subability
        PASS [   0.046s] (4445/5512) phase-engine game::engine_payment_choices::dandan_read_sweep_tests::unless_mill_payment_mills_the_shared_pile
        PASS [   0.033s] (4446/5512) phase-engine game::engine_payment_choices::tests::declining_optional_effect_resolves_not_if_a_player_does_subability
        PASS [   0.055s] (4447/5512) phase-engine game::engine_payment_choices::tests::declining_optional_effect_prefers_else_ability
        PASS [   0.045s] (4448/5512) phase-engine game::engine_payment_choices::tests::declining_optional_effect_resolves_if_you_do_subability_else_branch
        PASS [   0.051s] (4449/5512) phase-engine game::engine_payment_choices::tests::declining_optional_effect_resolves_not_if_you_do_subability
        PASS [   0.034s] (4450/5512) phase-engine game::engine_payment_choices::tests::legacy_unless_cost_pay_life_deserializes_to_ability_cost
        PASS [   0.048s] (4451/5512) phase-engine game::engine_payment_choices::tests::legacy_unless_cost_fixed_deserializes_to_ability_cost_mana
        PASS [   0.691s] (4452/5512) phase-engine game::engine_debug::tests::debug_create_fixed_preset_rejects_pt_overrides
        PASS [   0.054s] (4453/5512) phase-engine game::engine_payment_choices::tests::opponent_may_infeasible_accept_reprompt_preserves_latched_subject
        PASS [   0.076s] (4454/5512) phase-engine game::engine_payment_choices::tests::declining_optional_effect_skips_ordinary_continuation
        PASS [   0.050s] (4455/5512) phase-engine game::engine_payment_choices::tests::opponent_may_reprompts_preserve_latched_subject_until_terminal_resolution
        PASS [   0.076s] (4456/5512) phase-engine game::engine_payment_choices::tests::legacy_unless_cost_sacrifice_renames_filter_to_target
        PASS [   0.052s] (4457/5512) phase-engine game::engine_payment_choices::tests::remember_optional_effect_records_key_and_resolves_choice
        PASS [   0.046s] (4458/5512) phase-engine game::engine_payment_choices::tests::remember_optional_effect_rejects_unkeyed_prompt
        PASS [   0.069s] (4459/5512) phase-engine game::engine_payment_choices::tests::top_library_exile_cost_exiles_top_card_through_sealed_delivery
        PASS [   0.060s] (4460/5512) phase-engine game::engine_payment_choices::tests::unless_discard_chosen_still_prompts
        PASS [   0.062s] (4461/5512) phase-engine game::engine_payment_choices::tests::unless_discard_random_pays_inline_without_prompting
        PASS [   0.049s] (4462/5512) phase-engine game::engine_payment_choices::tests::unless_mill_cost_mills_cards_and_suppresses_effect
        PASS [   0.052s] (4463/5512) phase-engine game::engine_payment_choices::tests::unless_discard_random_short_hand_is_unpayable
        PASS [   0.061s] (4464/5512) phase-engine game::engine_payment_choices::tests::unless_mill_cost_pauses_on_replacement_ordering_choice
        PASS [   0.036s] (4465/5512) phase-engine game::engine_payment_choices::tests::unless_pay_energy_deducts_and_skips_effect
        PASS [   0.102s] (4466/5512) phase-engine game::engine_payment_choices::tests::unless_have_you_draw_cost_resolves_for_original_controller
        PASS [   0.069s] (4467/5512) phase-engine game::engine_payment_choices::tests::unless_pay_any_player_poll_advances_then_resolves_once
        PASS [   0.078s] (4468/5512) phase-engine game::engine_payment_choices::tests::unless_mill_cost_with_empty_library_fires_effect
        PASS [   0.068s] (4469/5512) phase-engine game::engine_payment_choices::tests::unless_pay_any_player_poll_pay_prevents_effect
        PASS [   0.077s] (4470/5512) phase-engine game::engine_payment_choices::tests::unless_pay_choose_cost_refuses_a_prohibited_branch_at_the_pick
        PASS [   0.050s] (4471/5512) phase-engine game::engine_payment_choices::tests::unless_pay_poll_control_cost_still_re_emits_for_the_next_payer
        PASS [   0.040s] (4472/5512) phase-engine game::engine_payment_choices::tests::unless_pay_poll_skips_a_payer_who_cannot_choose_to_pay
        PASS [   0.090s] (4473/5512) phase-engine game::engine_payment_choices::tests::unless_pay_life_widened_to_quantity_expr_resolves_at_payment
        PASS [   0.054s] (4474/5512) phase-engine game::engine_payment_choices::tests::unless_payment_choose_cost_via_apply_action_decline
        PASS [   0.075s] (4475/5512) phase-engine game::engine_payment_choices::tests::unless_payment_choose_cost_decline_runs_pending_effect
        PASS [   0.086s] (4476/5512) phase-engine game::engine_payment_choices::tests::unless_payment_choose_cost_branch_zero_routes_to_chosen_cost
        PASS [   0.056s] (4477/5512) phase-engine game::engine_payment_choices::tests::unless_payment_composite_of_one_ofs_pays_combined_mana_e2e
        PASS [   0.060s] (4478/5512) phase-engine game::engine_payment_choices::tests::unless_payment_composite_of_one_ofs_routes_through_sequential_choose
        PASS [   0.078s] (4479/5512) phase-engine game::engine_payment_choices::tests::unless_payment_choose_cost_via_apply_action_pay_branch
        PASS [   0.069s] (4480/5512) phase-engine game::engine_payment_choices::tests::unless_payment_composite_of_one_ofs_unpayable_runs_effect
        PASS [   0.057s] (4481/5512) phase-engine game::engine_payment_choices::tests::unless_payment_mana_activation_resolves_taps_for_mana_triggers_inline
        PASS [   0.049s] (4482/5512) phase-engine game::engine_payment_choices::tests::unless_remove_self_counter_cost_removes_counter_and_suppresses_effect
        PASS [   0.057s] (4483/5512) phase-engine game::engine_payment_choices::tests::unless_return_to_hand_from_graveyard_collects_graveyard_cards
        PASS [   0.055s] (4484/5512) phase-engine game::layers::tests::a_copy_exception_stays_with_its_own_copy_effect_in_the_ordering
        PASS [   0.066s] (4485/5512) phase-engine game::engine_payment_choices::tests::unless_sacrifice_cost_uses_payer_relative_filter
        PASS [   0.065s] (4486/5512) phase-engine game::layers::tests::a_door_stamped_anthem_applies_only_while_its_half_is_unlocked
        PASS [   0.045s] (4487/5512) phase-engine game::layers::tests::a_phased_out_host_ends_the_presence_effect_and_spares_the_event_deadline
        PASS [   0.045s] (4488/5512) phase-engine game::layers::tests::a_turn_deadline_no_seam_can_key_is_refused_at_the_grant
        PASS [   0.064s] (4489/5512) phase-engine game::layers::tests::a_dynamic_object_count_escalates_only_for_an_entrant_that_perturbs_it
        PASS [   0.058s] (4490/5512) phase-engine game::layers::tests::activated_slot_provenance_tracks_layer_1_set_and_layer_6_grants
        PASS [   0.059s] (4491/5512) phase-engine game::layers::tests::add_all_basic_land_types_adds_five_subtypes
        PASS [   0.058s] (4492/5512) phase-engine game::layers::tests::add_dynamic_keyword_annihilator_installs_resolved_attack_trigger
        PASS [   0.048s] (4493/5512) phase-engine game::layers::tests::add_keyword_annihilator_preserves_printed_and_granted_instances
        PASS [   0.068s] (4494/5512) phase-engine game::layers::tests::add_keyword_annihilator_installs_parameterized_attack_trigger
        PASS [   0.053s] (4495/5512) phase-engine game::layers::tests::add_keyword_preserves_distinct_protection_parameters
        PASS [   0.072s] (4496/5512) phase-engine game::layers::tests::add_keyword_deduplicates_identical_parameters
        PASS [   0.048s] (4497/5512) phase-engine game::layers::tests::add_keyword_preserves_distinct_ward_parameters
        PASS [   0.052s] (4498/5512) phase-engine game::layers::tests::an_added_untap_step_ends_only_untap_step_permissions
        PASS [   0.075s] (4499/5512) phase-engine game::layers::tests::add_keyword_undying_installs_and_removes_synthesized_trigger
        PASS [   0.073s] (4500/5512) phase-engine game::layers::tests::alpha_status_counts_other_creatures_sharing_recipient_creature_type
        PASS [   0.052s] (4501/5512) phase-engine game::layers::tests::arming_keys_on_the_grantee_not_on_the_granting_ability_controller
        PASS [   0.093s] (4502/5512) phase-engine game::layers::tests::agatha_grants_only_creature_card_abilities_to_countered_creatures
        PASS [   0.055s] (4503/5512) phase-engine game::layers::tests::attribution_clears_between_passes
        PASS [   0.104s] (4504/5512) phase-engine game::layers::tests::an_event_deadline_permission_ends_only_at_the_hosts_battlefield_exit
        PASS [   0.059s] (4505/5512) phase-engine game::layers::tests::attached_object_presence_condition_uses_source_attachment_context
        PASS [   0.103s] (4506/5512) phase-engine game::layers::tests::attached_continuous_condition_reads_recipient_power
        PASS [   0.049s] (4507/5512) phase-engine game::layers::tests::attribution_multiple_sources_accumulate
        PASS [   0.080s] (4508/5512) phase-engine game::layers::tests::attribution_distinguishes_modifications_within_one_source
        PASS [   0.080s] (4509/5512) phase-engine game::layers::tests::attribution_layer_copy_records_source
        PASS [   0.053s] (4510/5512) phase-engine game::layers::tests::attribution_static_source_keyword_grant
        PASS [   0.049s] (4511/5512) phase-engine game::layers::tests::attribution_transient_source_pt_grant
        PASS [   0.065s] (4512/5512) phase-engine game::layers::tests::attribution_self_grant_is_emitted_engine_side
        PASS [   0.059s] (4513/5512) phase-engine game::layers::tests::attribution_transient_snapshots_source_name
        PASS [   0.074s] (4514/5512) phase-engine game::layers::tests::attribution_records_removal_modifications
        PASS [   0.052s] (4515/5512) phase-engine game::layers::tests::attribution_transient_uses_lki_when_source_dead
        PASS [   0.048s] (4516/5512) phase-engine game::layers::tests::base_only_replacement_is_not_duplicated_by_the_carry_over
        PASS [   0.042s] (4517/5512) phase-engine game::layers::tests::blood_moon_does_not_end_a_resolution_created_shield
        PASS [   0.057s] (4518/5512) phase-engine game::layers::tests::basic_swamp_receives_no_duplicate_swamp_ability_from_urborg
        PASS [   0.057s] (4519/5512) phase-engine game::layers::tests::cairn_graveyard_keyword_static_grants_flying_only_while_flyer_in_graveyard
        PASS [   0.059s] (4520/5512) phase-engine game::layers::tests::cant_have_keyword_denial_applies_to_incremental_entry
        PASS [   0.044s] (4521/5512) phase-engine game::layers::tests::cant_have_keyword_denial_is_observed_by_layer7_pt
        PASS [   0.051s] (4522/5512) phase-engine game::layers::tests::cant_have_keyword_denial_overrides_concurrent_grant
        PASS [   0.047s] (4523/5512) phase-engine game::layers::tests::cant_have_keyword_denial_overrides_keyword_counter
        PASS [   0.052s] (4524/5512) phase-engine game::layers::tests::carried_resolution_def_does_not_suppress_an_identical_derived_grant
        PASS [   0.054s] (4525/5512) phase-engine game::layers::tests::carried_resolution_defs_sort_after_derived_grants
        PASS [   0.057s] (4526/5512) phase-engine game::layers::tests::cavernous_maw_animation_retains_cave_land_through_layers
        PASS [   0.049s] (4527/5512) phase-engine game::layers::tests::cda_admitted_off_battlefield_via_sibling_broad_zone_static
        PASS [   0.051s] (4528/5512) phase-engine game::layers::tests::characteristic_origin_live_only_replacement_is_still_reset_away
        PASS [   0.046s] (4529/5512) phase-engine game::layers::tests::cloaked_face_down_retains_ward_under_copy
        PASS [   0.050s] (4530/5512) phase-engine game::layers::tests::codsworth_ward_grant_targets_only_commanders
        PASS [   0.034s] (4531/5512) phase-engine game::layers::tests::combat_assignment_rule_effects_observe_final_layered_characteristics
        PASS [   0.224s] (4532/5512) phase-engine game::layers::tests::azure_beastbinder_attack_artifact_target_skips_base_pt
        PASS [   0.208s] (4533/5512) phase-engine game::layers::tests::azure_beastbinder_attack_sets_target_base_pt_and_strips_abilities_e2e
        PASS [   0.060s] (4534/5512) phase-engine game::layers::tests::combat_assignment_rule_effects_respect_zone_of_function_active_zones
        PASS [   0.061s] (4535/5512) phase-engine game::layers::tests::combat_assignment_rule_flags_are_post_layer_effects
        PASS [   0.061s] (4536/5512) phase-engine game::layers::tests::combat_assignment_static_condition_uses_controller_after_layer_two
        PASS [   0.055s] (4537/5512) phase-engine game::layers::tests::commanders_you_control_filter_respects_per_player_scope
        PASS [   0.029s] (4538/5512) phase-engine game::layers::tests::compound_and_false_when_not_your_turn
        PASS [   0.070s] (4539/5512) phase-engine game::layers::tests::command_zone_cda_reaches_layer_pipeline
        PASS [   0.051s] (4540/5512) phase-engine game::layers::tests::compound_and_false_when_no_counters
        PASS [   0.059s] (4541/5512) phase-engine game::layers::tests::commanders_you_control_static_no_op_without_commander
        PASS [   0.054s] (4542/5512) phase-engine game::layers::tests::compound_and_true_when_both_conditions_met
        PASS [   0.054s] (4543/5512) phase-engine game::layers::tests::compound_condition_animates_planeswalker_as_creature
        PASS [  15.333s] (4544/5512) phase-engine game::engine::kilo_interruptibility_tests::a_shrouded_player_pin_is_still_published_by_the_offer_builder
        PASS [   0.058s] (4545/5512) phase-engine game::layers::tests::compound_or_true_when_only_one_condition_met
        PASS [   0.071s] (4546/5512) phase-engine game::layers::tests::compound_condition_does_not_animate_on_opponents_turn
        PASS [   0.062s] (4547/5512) phase-engine game::layers::tests::condition_over_life_total_escalates
        PASS [   0.075s] (4548/5512) phase-engine game::layers::tests::conditional_life_more_than_starting_applies_only_above_threshold
        PASS [   0.057s] (4549/5512) phase-engine game::layers::tests::continuous_effect_scan_zones_preserves_non_or_zone_semantics
        PASS [   0.053s] (4550/5512) phase-engine game::layers::tests::continuous_effect_scan_zones_recurses_through_or_nested_under_and
        PASS [   0.066s] (4551/5512) phase-engine game::layers::tests::control_change_expiry_resicks_original_controller
        PASS [   0.029s] (4552/5512) phase-engine game::layers::tests::dependency_order_acyclic_graphs_follow_plain_kahn_order
        PASS [   0.053s] (4553/5512) phase-engine game::layers::tests::copy_effect_does_not_destroy_a_carried_resolution_shield
        PASS [   0.062s] (4554/5512) phase-engine game::layers::tests::controller_lost_life_anthem_escalates
        PASS [   0.094s] (4555/5512) phase-engine game::layers::tests::control_change_sicks_new_controller
        PASS [   0.074s] (4556/5512) phase-engine game::layers::tests::copy_grants_continuous_static_covers_every_copy_layer_variant
        PASS [   0.039s] (4557/5512) phase-engine game::layers::tests::dependency_order_dependent_of_a_loop_member_applies_after_that_member
        PASS [  15.444s] (4558/5512) phase-engine game::engine::kilo_interruptibility_tests::an_unresolvable_identity_pin_withdraws_the_offer
        PASS [   0.062s] (4559/5512) phase-engine game::layers::tests::dependency_order_chain_plus_loop_keeps_the_chain
        PASS [   0.093s] (4560/5512) phase-engine game::layers::tests::darksteel_mutation_full_layer_evaluation_e2e
        PASS [   0.173s] (4561/5512) phase-engine game::layers::tests::conditional_grant_with_unenforceable_payment_gate_does_not_apply
        PASS [   0.070s] (4562/5512) phase-engine game::layers::tests::dependency_order_cross_loop_dependency_keeps_each_loop_in_timestamp_order
        PASS [   0.044s] (4563/5512) phase-engine game::layers::tests::dependency_order_independent_effects_keep_timestamp_order_around_a_loop
        PASS [   0.066s] (4564/5512) phase-engine game::layers::tests::dependency_order_dependent_on_whole_loop_waits
        PASS [  15.491s] (4565/5512) phase-engine game::engine::kilo_interruptibility_tests::a_departed_player_pin_withdraws_the_offer
        PASS [   0.036s] (4566/5512) phase-engine game::layers::tests::doctor_doom_has_indestructible_with_artifact_creature
        PASS [   0.059s] (4567/5512) phase-engine game::layers::tests::dependency_order_loop_member_waiting_on_a_newer_node_keeps_its_siblings_behind
        PASS [   0.043s] (4568/5512) phase-engine game::layers::tests::dependency_order_whole_loop_is_timestamp_order
        PASS [   0.061s] (4569/5512) phase-engine game::layers::tests::dependency_order_loop_member_waits_for_upstream_node
        PASS [   0.068s] (4570/5512) phase-engine game::layers::tests::dependency_order_loop_effect_with_older_dependent_keeps_the_dependent_at_its_rank
        PASS [   0.057s] (4571/5512) phase-engine game::layers::tests::doctor_doom_has_indestructible_with_plan_enchantment
        PASS [   0.054s] (4572/5512) phase-engine game::layers::tests::doctor_doom_no_indestructible_when_opponent_controls_artifact_creature
        PASS [   0.059s] (4573/5512) phase-engine game::layers::tests::doctor_doom_no_indestructible_without_artifact_creature_or_plan
        PASS [   0.088s] (4574/5512) phase-engine game::layers::tests::dependency_order_stalls_recur_across_loops
        PASS [   0.049s] (4575/5512) phase-engine game::layers::tests::dynamic_pt_counts_recipient_mana_cost_symbols_per_creature
        PASS [   0.091s] (4576/5512) phase-engine game::layers::tests::doctor_doom_indestructible_parsed_end_to_end_with_plan_enchantment
        PASS [   0.072s] (4577/5512) phase-engine game::layers::tests::double_urborg_only_injects_one_swamp_mana_ability
        PASS [   0.068s] (4578/5512) phase-engine game::layers::tests::dragon_man_cda_power_greatest_mana_value_across_zones
        PASS [   0.071s] (4579/5512) phase-engine game::layers::tests::dynamic_pt_counts_words_in_recipient_name_not_source_name
        PASS [   0.055s] (4580/5512) phase-engine game::layers::tests::dynamic_pt_lost_game_player_count_scales_past_one_player
        PASS [   0.053s] (4581/5512) phase-engine game::layers::tests::effect_nodes_group_entries_by_effect_identity
        PASS [   0.071s] (4582/5512) phase-engine game::layers::tests::dynamic_pt_uses_recipient_controller_hand_size
        PASS [   0.047s] (4583/5512) phase-engine game::layers::tests::emblem_static_applies_to_matching_creatures
        PASS [   0.045s] (4584/5512) phase-engine game::layers::tests::end_of_turn_prune_preserves_other_durations
        PASS [   0.146s] (4585/5512) phase-engine game::layers::tests::dynamic_legendary_anthem_counts_and_affects_legendary_creatures_you_control
        PASS [   0.077s] (4586/5512) phase-engine game::layers::tests::end_of_turn_prune_clears_until_end_of_turn_play_from_exile
        PASS [   0.058s] (4587/5512) phase-engine game::layers::tests::entered_second_anthem_is_dropped_on_end_of_pass_rebuild
        PASS [   0.079s] (4588/5512) phase-engine game::layers::tests::entered_second_anthem_applies_with_preexisting_generator
        PASS [   0.061s] (4589/5512) phase-engine game::layers::tests::entry_incremental_escalates_when_a_live_copy_payload_carries_a_static
        PASS [   0.052s] (4590/5512) phase-engine game::layers::tests::entry_incremental_stays_incremental_for_a_copy_naming_a_pre_existing_object
        PASS [   0.051s] (4591/5512) phase-engine game::layers::tests::entry_timestamp_matches_objectid_order_when_aligned
        PASS [   0.042s] (4592/5512) phase-engine game::layers::tests::entry_timestamp_orders_same_sublayer_color_set_by_chronology
        PASS [   0.046s] (4593/5512) phase-engine game::layers::tests::evaluate_enchanted_is_face_down_true_when_attached_face_down
        PASS [   0.052s] (4594/5512) phase-engine game::layers::tests::evaluate_enchanted_is_face_down_false_when_unattached
        PASS [   0.047s] (4595/5512) phase-engine game::layers::tests::evaluate_source_in_zone_command_true_when_in_command_zone
        PASS [   0.070s] (4596/5512) phase-engine game::layers::tests::evaluate_enchanted_is_face_down_false_when_attached_face_up
        PASS [   0.210s] (4597/5512) phase-engine game::layers::tests::elenda_life_thresholds_follow_archenemy_and_current_controller
        PASS [   0.046s] (4598/5512) phase-engine game::layers::tests::evaluate_source_is_blocked_true_when_sticky_flag_set
        PASS [   0.056s] (4599/5512) phase-engine game::layers::tests::evaluate_source_is_attacking_true_when_in_attackers
        PASS [   0.083s] (4600/5512) phase-engine game::layers::tests::evaluate_source_is_attacking_false_when_no_combat
        PASS [   0.059s] (4601/5512) phase-engine game::layers::tests::evaluate_source_is_attacking_false_when_not_in_attackers
        PASS [   0.089s] (4602/5512) phase-engine game::layers::tests::evaluate_source_in_zone_or_disjunction_command_or_battlefield
        PASS [   0.059s] (4603/5512) phase-engine game::layers::tests::evaluate_source_is_blocked_false_when_flag_unset
        PASS [   0.234s] (4604/5512) phase-engine game::layers::tests::elenda_life_thresholds_follow_standard_starting_life
        PASS [   0.270s] (4605/5512) phase-engine game::layers::tests::elenda_life_threshold_follows_current_controller_after_control_change
        PASS [   0.049s] (4606/5512) phase-engine game::layers::tests::evaluate_source_is_blocking_false_when_not_blocking
        PASS [   0.060s] (4607/5512) phase-engine game::layers::tests::evaluate_source_is_tapped_true_when_tapped
        PASS [   0.064s] (4608/5512) phase-engine game::layers::tests::event_deadline_permission_survives_its_hosts_phase_out
        PASS [   0.071s] (4609/5512) phase-engine game::layers::tests::evaluate_source_is_blocking_true_when_in_blocker_map
        PASS [   0.066s] (4610/5512) phase-engine game::layers::tests::evaluate_source_is_tapped_false_when_untapped
        PASS [   0.055s] (4611/5512) phase-engine game::layers::tests::face_down_reseed_does_not_drop_a_carried_shield
        PASS [   0.069s] (4612/5512) phase-engine game::layers::tests::exchange_control_sicks_both_permanents
        PASS [   0.289s] (4613/5512) phase-engine game::layers::tests::elenda_life_thresholds_follow_two_headed_giant_team_life
        PASS [   0.078s] (4614/5512) phase-engine game::layers::tests::expanded_grant_provider_replacement_gets_a_distinct_occurrence
        PASS [   0.051s] (4615/5512) phase-engine game::layers::tests::filter_routed_quantity_escalates
        PASS [   0.052s] (4616/5512) phase-engine game::layers::tests::false_condition_anthem_does_not_modify_power_and_toughness
        PASS [   0.046s] (4617/5512) phase-engine game::layers::tests::for_as_long_as_is_enforceable_only_on_an_exile_resident_grant
        PASS [   0.046s] (4618/5512) phase-engine game::layers::tests::gather_skips_for_as_long_as_when_condition_false
        PASS [   0.056s] (4619/5512) phase-engine game::layers::tests::generic_control_a_commander_counts_stolen_opponent_commander
        PASS [   0.074s] (4620/5512) phase-engine game::layers::tests::gather_includes_for_as_long_as_when_condition_true
        PASS [   0.075s] (4621/5512) phase-engine game::layers::tests::frogify_aura_replaces_subtypes_color_and_type
        PASS [   0.072s] (4622/5512) phase-engine game::layers::tests::granted_activated_abilities_scan_per_distinct_controller
        PASS [   0.062s] (4623/5512) phase-engine game::layers::tests::granted_riot_static_derives_affected_filter_replacement_on_source
        PASS [   0.081s] (4624/5512) phase-engine game::layers::tests::grant_occurrences_survive_full_and_incremental_flush_and_regrant_fresh
        PASS [   0.078s] (4625/5512) phase-engine game::layers::tests::granted_fabricate_installs_etb_trigger_on_recipient
        PASS [   0.080s] (4626/5512) phase-engine game::layers::tests::granted_activated_abilities_scan_providers_once_per_controller
        PASS [   0.056s] (4627/5512) phase-engine game::layers::tests::granted_static_condition_uses_its_recipient_controller_after_layer_two
        PASS [   0.051s] (4628/5512) phase-engine game::layers::tests::granted_static_timestamp_is_max_of_host_and_recipient
        PASS [   0.079s] (4629/5512) phase-engine game::layers::tests::granted_static_ability_applies_inner_scope_to_other_objects
        PASS [   0.061s] (4630/5512) phase-engine game::layers::tests::granted_undying_with_complex_filter_fires_on_death
        PASS [   0.056s] (4631/5512) phase-engine game::layers::tests::grist_source_zone_condition_is_not_population_dependent
        PASS [   0.069s] (4632/5512) phase-engine game::layers::tests::granted_undying_with_complex_filter_installs_trigger
        PASS [   0.070s] (4633/5512) phase-engine game::layers::tests::grants_all_activated_abilities_of_cards_exiled_with_it
        PASS [   0.056s] (4634/5512) phase-engine game::layers::tests::has_counters_any_false_when_no_counters
        PASS [   0.056s] (4635/5512) phase-engine game::layers::tests::has_counters_false_when_zero_loyalty
        PASS [   0.070s] (4636/5512) phase-engine game::layers::tests::hand_zone_static_grants_keyword_to_hand_card
        PASS [   0.049s] (4637/5512) phase-engine game::layers::tests::has_counters_true_when_loyalty_present
        PASS [   0.071s] (4638/5512) phase-engine game::layers::tests::has_counters_any_true_when_any_counter_type_present
        PASS [   0.061s] (4639/5512) phase-engine game::layers::tests::has_counters_p1p1_ten_or_more_threshold
        PASS [   0.060s] (4640/5512) phase-engine game::layers::tests::has_keyword_remains_discriminant_only_for_generic_presence_queries
        PASS [   0.055s] (4641/5512) phase-engine game::layers::tests::identity_affected_filter_still_respects_the_scanned_zone_population
        PASS [   0.054s] (4642/5512) phase-engine game::layers::tests::incarnation_anger_grants_haste_from_graveyard_when_mountain_controlled
        PASS [   0.085s] (4643/5512) phase-engine game::layers::tests::humility_does_not_end_a_resolution_created_shield
        PASS [   0.068s] (4644/5512) phase-engine game::layers::tests::impending_not_creature_participates_in_layer_timestamp_ordering
        PASS [   0.079s] (4645/5512) phase-engine game::layers::tests::identity_affected_filter_scans_one_candidate_not_the_whole_battlefield
        PASS [   0.097s] (4646/5512) phase-engine game::layers::tests::host_left_prune_revokes_only_the_departing_hosts_permissions
        PASS [   0.064s] (4647/5512) phase-engine game::layers::tests::incarnation_anger_without_mountain_grants_no_haste
        PASS [   0.068s] (4648/5512) phase-engine game::layers::tests::incarnation_anger_on_battlefield_does_not_grant_haste
        PASS [   0.086s] (4649/5512) phase-engine game::layers::tests::identity_shortcut_declines_for_a_predicate_and_spans_non_battlefield_zones
        PASS [   0.076s] (4650/5512) phase-engine game::layers::tests::incremental_flush_refreshes_static_mode_presence
        PASS [   0.064s] (4651/5512) phase-engine game::layers::tests::incremental_flush_skips_the_census_of_a_dynamic_count_reaching_no_recipient
        PASS [   0.068s] (4652/5512) phase-engine game::layers::tests::incremental_flush_still_runs_the_census_of_a_dynamic_count_reaching_a_recipient
        PASS [   0.062s] (4653/5512) phase-engine game::layers::tests::incremental_layer_pass_does_not_inherit_remove_all_abilities_suppression
        PASS [   0.071s] (4654/5512) phase-engine game::layers::tests::incremental_prepare_rebuilds_static_index_before_shared_gather
        PASS [   0.067s] (4655/5512) phase-engine game::layers::tests::index_gather_matches_full_scan_set_and_order
        PASS [   0.053s] (4656/5512) phase-engine game::layers::tests::layer_1b_overrides_copy_for_face_down_object
        PASS [   0.094s] (4657/5512) phase-engine game::layers::tests::incremental_no_copy_no_sticker_reuses_prepared_shared_gather
        PASS [   0.059s] (4658/5512) phase-engine game::layers::tests::layer_zone_cache_keeps_filters_fresh_across_layers
        PASS [   0.101s] (4659/5512) phase-engine game::layers::tests::issue_1593_abomination_of_llanowar_runtime_counts_elves_and_graveyard
        PASS [   0.054s] (4660/5512) phase-engine game::layers::tests::lieutenant_not_satisfied_by_stolen_opponent_commander
        PASS [   0.055s] (4661/5512) phase-engine game::layers::tests::lieutenant_not_satisfied_when_own_commander_controlled_by_opponent
        PASS [   0.071s] (4662/5512) phase-engine game::layers::tests::layer_zone_cache_materializes_battlefield_once_per_pass
        PASS [   0.061s] (4663/5512) phase-engine game::layers::tests::lieutenant_satisfied_by_own_controlled_commander
        PASS [   0.049s] (4664/5512) phase-engine game::layers::tests::live_layer_gather_admits_characteristic_defining_static_from_hand
        PASS [   0.059s] (4665/5512) phase-engine game::layers::tests::life_cda_escalates_and_derived_power_tracks_life
        PASS [   0.062s] (4666/5512) phase-engine game::layers::tests::life_above_starting_reader_escalates
        PASS [   0.031s] (4667/5512) phase-engine game::layers::tests::modification_write_kinds_agree_with_their_layer
        PASS [   0.071s] (4668/5512) phase-engine game::layers::tests::locus_grants_craft_pile_activated_abilities
        PASS [   0.057s] (4669/5512) phase-engine game::layers::tests::mirrorweave_onto_face_down_stays_2_2
        PASS [   0.080s] (4670/5512) phase-engine game::layers::tests::marvin_gains_differently_named_creature_abilities_only
        PASS [   0.056s] (4671/5512) phase-engine game::layers::tests::nested_filter_and_player_surfaces_route_to_life
        PASS [   0.050s] (4672/5512) phase-engine game::layers::tests::omo_everything_counter_grants_all_land_and_creature_types
        PASS [   0.071s] (4673/5512) phase-engine game::layers::tests::mutually_copying_permanents_reach_a_layer_one_fixed_point
        PASS [   0.103s] (4674/5512) phase-engine game::layers::tests::muraganda_petroglyphs_buffs_only_abilityless_creatures_e2e
        PASS [   0.055s] (4675/5512) phase-engine game::layers::tests::opponent_sees_hidden_2_2_not_copied_identity
        PASS [   0.097s] (4676/5512) phase-engine game::layers::tests::off_battlefield_provider_does_not_donate_activated_abilities
        PASS [   0.084s] (4677/5512) phase-engine game::layers::tests::only_a_copy_layer_payload_buys_a_layer_one_discovery_generation
        PASS [   0.070s] (4678/5512) phase-engine game::layers::tests::painters_servant_or_filter_scans_off_battlefield_in_any_zone
        PASS [   0.044s] (4679/5512) phase-engine game::layers::tests::permanent_removed_during_eval_does_not_panic
        PASS [   0.273s] (4680/5512) phase-engine game::layers::tests::koth_emblem_grants_activated_ability_to_controlled_mountains
        PASS [   0.076s] (4681/5512) phase-engine game::layers::tests::per_turn_life_counter_gate_escalates
        PASS [   0.080s] (4682/5512) phase-engine game::layers::tests::parameterized_power_toughness_counters_apply_in_layer_7c
        PASS [   0.056s] (4683/5512) phase-engine game::layers::tests::plain_board_skips_and_stays_byte_identical
        PASS [  13.058s] (4684/5512) phase-engine game::engine::stage2_injector_tests::dellian_dump_slots_are_what_the_announcement_authority_builds
        PASS [   0.047s] (4685/5512) phase-engine game::layers::tests::player_matching_routes_its_payloads_life_reads
        PASS [   0.077s] (4686/5512) phase-engine game::layers::tests::player_attribute_life_filter_escalates
        PASS [   0.064s] (4687/5512) phase-engine game::layers::tests::printed_static_condition_uses_controller_after_layer_two_in_one_pass
        PASS [   0.067s] (4688/5512) phase-engine game::layers::tests::printed_and_runtime_granted_parameterized_lki_keywords_both_trigger
        PASS [   0.076s] (4689/5512) phase-engine game::layers::tests::presence_bound_permission_ends_when_its_host_phases_out
        PASS [   0.056s] (4690/5512) phase-engine game::layers::tests::quantity_ref_life_family_leaves_classified_directly
        PASS [   0.073s] (4691/5512) phase-engine game::layers::tests::pt_modification_dependency_overrides_timestamp_in_modify_pt_layer
        PASS [   0.051s] (4692/5512) phase-engine game::layers::tests::recipient_attacking_owner_target_false_when_no_combat
        PASS [   0.097s] (4693/5512) phase-engine game::layers::tests::pt_dependency_detects_disjunctive_pt_filter_props
        PASS [   0.103s] (4694/5512) phase-engine game::layers::tests::prototyped_permanent_keeps_secondary_characteristics_after_type_change
        PASS [   0.109s] (4695/5512) phase-engine game::layers::tests::pt_counters_apply_before_switch_in_layer_seven
        PASS [   0.099s] (4696/5512) phase-engine game::layers::tests::pt_modification_dependency_overrides_timestamp_in_set_pt_layer
        PASS [   0.085s] (4697/5512) phase-engine game::layers::tests::ragost_duplicate_grant_ability_dedups_to_single_ability
        PASS [   0.074s] (4698/5512) phase-engine game::layers::tests::recipient_attacking_owner_target_false_when_no_recipient
        PASS [   0.063s] (4699/5512) phase-engine game::layers::tests::recipient_attacking_owner_target_false_when_not_attacking
        PASS [   0.117s] (4700/5512) phase-engine game::layers::tests::recipient_anchored_monarch_condition_binds_only_with_a_recipient
        PASS [   0.064s] (4701/5512) phase-engine game::layers::tests::reconfigure_equipment_loses_creature_type_while_attached
        PASS [   0.116s] (4702/5512) phase-engine game::layers::tests::recipient_attacking_owner_target_owner_player_matches_owner
        PASS [   0.114s] (4703/5512) phase-engine game::layers::tests::recipient_selfref_nonwall_no_defender
        PASS [   0.044s] (4704/5512) phase-engine game::layers::tests::resolution_origin_replacement_survives_the_layer_reset_with_its_runtime_state
        PASS [   0.102s] (4705/5512) phase-engine game::layers::tests::remove_keyword_undying_removes_synthesized_trigger
        PASS [   0.123s] (4706/5512) phase-engine game::layers::tests::recipient_selfref_wall_keeps_defender
        PASS [   0.145s] (4707/5512) phase-engine game::layers::tests::recipient_controller_monarch_anthem_applies_per_recipient_in_continuous_mode
        PASS [   0.164s] (4708/5512) phase-engine game::layers::tests::recipient_attacking_owner_target_or_planeswalker_matches_owner_controlled_pw
        PASS [   0.083s] (4709/5512) phase-engine game::layers::tests::replacement_static_grant_source_gets_a_distinct_occurrence
        PASS [   0.143s] (4710/5512) phase-engine game::layers::tests::recipient_per_object_anthem_buffs_only_matching
        PASS [   0.127s] (4711/5512) phase-engine game::layers::tests::remove_all_abilities_removes_basic_land_intrinsic_mana_ability
        PASS [   0.056s] (4712/5512) phase-engine game::layers::tests::router_arms_route_life_reading_payloads
        PASS [   0.075s] (4713/5512) phase-engine game::layers::tests::restored_recipient_sourced_board_wide_static_escalates_incremental_flush
        PASS [   0.047s] (4714/5512) phase-engine game::layers::tests::saturating_pt_prevents_overflow_death_cascade
        PASS [   0.067s] (4715/5512) phase-engine game::layers::tests::same_static_grantor_keeps_byte_identical_trigger_outputs_distinct
        PASS [   0.078s] (4716/5512) phase-engine game::layers::tests::set_basic_land_type_preserves_creature_subtypes
        PASS [   0.088s] (4717/5512) phase-engine game::layers::tests::same_static_modifications_apply_in_written_order
        PASS [   0.078s] (4718/5512) phase-engine game::layers::tests::set_basic_land_type_replaces_rules_text_with_intrinsic_mana_ability
        PASS [   0.054s] (4719/5512) phase-engine game::layers::tests::set_card_types_prunes_subtypes_not_matching_new_core_types
        PASS [   0.070s] (4720/5512) phase-engine game::layers::tests::set_basic_land_type_replaces_subtypes
        PASS [   0.061s] (4721/5512) phase-engine game::layers::tests::set_chosen_basic_land_type_reads_source_choice
        PASS [   0.110s] (4722/5512) phase-engine game::layers::tests::secret_arcade_additive_type_static_applies_across_battlefield_and_stack
        PASS [   0.066s] (4723/5512) phase-engine game::layers::tests::set_card_types_land_strips_creature_and_creature_subtype
        PASS [   0.151s] (4724/5512) phase-engine game::layers::tests::scoped_monarch_static_condition_is_false_in_both_polarities_cr_725_5
        PASS [   0.047s] (4725/5512) phase-engine game::layers::tests::song_style_set_card_types_and_basic_land_type_makes_nonland_a_forest
        PASS [   0.079s] (4726/5512) phase-engine game::layers::tests::set_chosen_name_renames_equipped_creature_to_source_choice
        PASS [   0.081s] (4727/5512) phase-engine game::layers::tests::set_pt_layer_orders_unconditional_setters_before_pt_threshold_filters
        PASS [   0.051s] (4728/5512) phase-engine game::layers::tests::source_is_enchanted_gates_on_attached_aura
        PASS [   0.055s] (4729/5512) phase-engine game::layers::tests::source_attached_to_creature_gates
        PASS [   0.060s] (4730/5512) phase-engine game::layers::tests::song_style_aura_applies_to_host_when_attached_via_attach_to
        PASS [   0.178s] (4731/5512) phase-engine game::layers::tests::saturating_counter_conversion_keeps_creature_alive
        PASS [   0.100s] (4732/5512) phase-engine game::layers::tests::shield_of_the_oversoul_color_conditional_on_multicolor_creature
        PASS [   0.052s] (4733/5512) phase-engine game::layers::tests::source_is_tapped_false_when_source_off_battlefield
        PASS [   0.057s] (4734/5512) phase-engine game::layers::tests::source_is_saddled_gates_continuous_effect
        PASS [   0.053s] (4735/5512) phase-engine game::layers::tests::source_matches_filter_gates
        PASS [   0.054s] (4736/5512) phase-engine game::layers::tests::static_grant_retires_when_source_departs_through_zone_pipeline
        PASS [   0.060s] (4737/5512) phase-engine game::layers::tests::specific_object_scan_zone_follows_the_objects_actual_zone
        PASS [   0.064s] (4738/5512) phase-engine game::layers::tests::static_mode_presence_equals_functioning_statics_fold
        PASS [   0.072s] (4739/5512) phase-engine game::layers::tests::static_grant_retires_when_source_owner_is_eliminated
        PASS [   0.037s] (4740/5512) phase-engine game::layers::tests::test_aura_static_only_affects_enchanted_creature
        PASS [   0.052s] (4741/5512) phase-engine game::layers::tests::stickered_room_name_matches_between_full_and_incremental_layer_paths
        PASS [   0.099s] (4742/5512) phase-engine game::layers::tests::static_and_transient_color_interleave_by_true_timestamp
        PASS [   0.081s] (4743/5512) phase-engine game::layers::tests::sticker_static_source_is_indexed_with_preexisting_generator
        PASS [   0.058s] (4744/5512) phase-engine game::layers::tests::strong_back_unrelated_enchantment_does_not_inflate_boost
        PASS [   0.058s] (4745/5512) phase-engine game::layers::tests::test_changeling_cda_grants_all_creature_types
        PASS [   0.071s] (4746/5512) phase-engine game::layers::tests::strong_back_per_recipient_dynamic_boost_counts_only_attachments_on_recipient
        PASS [   0.055s] (4747/5512) phase-engine game::layers::tests::test_chosen_basic_land_type_adds_subtype
        PASS [   0.061s] (4748/5512) phase-engine game::layers::tests::test_changeling_cda_sorts_before_non_cda_in_same_layer
        PASS [   0.048s] (4749/5512) phase-engine game::layers::tests::test_chosen_basic_land_type_no_choice_is_noop
        PASS [   0.052s] (4750/5512) phase-engine game::layers::tests::test_chosen_creature_type_adds_subtype
        PASS [   0.061s] (4751/5512) phase-engine game::layers::tests::test_chosen_creature_type_sets_subtype
        PASS [   0.055s] (4752/5512) phase-engine game::layers::tests::test_dependency_ordering_overrides_timestamp
        PASS [   0.233s] (4753/5512) phase-engine game::layers::tests::song_of_dryads_from_oracle_strips_host_triggers_and_statics
        PASS [   0.069s] (4754/5512) phase-engine game::layers::tests::test_color_change_reverts_to_base_when_source_leaves
        PASS [   0.070s] (4755/5512) phase-engine game::layers::tests::test_counter_pt_layer_7e
        PASS [   0.063s] (4756/5512) phase-engine game::layers::tests::test_granted_changeling_gets_all_creature_types_via_postfixup
        PASS [   0.062s] (4757/5512) phase-engine game::layers::tests::test_keyword_filtered_lord_uses_source_controller
        PASS [   0.053s] (4758/5512) phase-engine game::layers::tests::test_layers_dirty_flag_cleared
        PASS [   0.061s] (4759/5512) phase-engine game::layers::tests::test_lord_buff_modifies_computed_not_base
        PASS [   0.053s] (4760/5512) phase-engine game::layers::tests::test_multi_layer_effect_does_not_double_apply
        PASS [   0.082s] (4761/5512) phase-engine game::layers::tests::test_layer_order_type_before_pt
        PASS [   0.051s] (4762/5512) phase-engine game::layers::tests::test_remove_all_abilities_reverts_to_base_when_source_leaves
        PASS [   0.067s] (4763/5512) phase-engine game::layers::tests::test_remove_chosen_keyword_strips_only_chosen_landwalk_variant
        PASS [   0.077s] (4764/5512) phase-engine game::layers::tests::test_remove_chosen_keyword_strips_first_strike_from_target
        PASS [   0.083s] (4765/5512) phase-engine game::layers::tests::test_remove_all_abilities_clears_all_computed_ability_buckets
        PASS [   0.064s] (4766/5512) phase-engine game::layers::tests::test_source_leaves_battlefield_effect_stops
        PASS [   0.069s] (4767/5512) phase-engine game::layers::tests::test_tarmogoyf_cda_counts_card_types_in_graveyards
        PASS [   0.087s] (4768/5512) phase-engine game::layers::tests::test_remove_chosen_keyword_without_choice_is_noop
        PASS [   0.063s] (4769/5512) phase-engine game::layers::tests::test_type_change_reverts_to_base_when_source_leaves
        PASS [   0.062s] (4770/5512) phase-engine game::layers::tests::text_word_chain_orders_by_dependency_not_timestamp
        PASS [   0.069s] (4771/5512) phase-engine game::layers::tests::test_timestamp_ordering_within_layer
        PASS [   0.057s] (4772/5512) phase-engine game::layers::tests::text_word_substitutions_depend_only_on_one_recipient_and_one_word_class
        PASS [   0.060s] (4773/5512) phase-engine game::layers::tests::top_of_library_matches_reads_controller_library_top
        PASS [   0.047s] (4774/5512) phase-engine game::layers::tests::top_of_library_static_reevaluated_after_shuffle
        PASS [   0.051s] (4775/5512) phase-engine game::layers::tests::top_of_library_static_reevaluated_after_put_on_top
        PASS [   0.065s] (4776/5512) phase-engine game::layers::tests::top_of_library_static_reevaluated_after_mill_to_graveyard
        PASS [   0.054s] (4777/5512) phase-engine game::layers::tests::transient_combat_rule_filter_uses_captured_controller_after_source_is_stolen
        PASS [   9.455s] (4778/5512) phase-engine game::engine::tests::cathars_crusade_db_load_path_puts_counter_on_each_creature_you_control
        PASS [   0.059s] (4779/5512) phase-engine game::layers::tests::until_end_of_next_turn_of_specific_player_arms_on_that_players_turn
        PASS [   0.064s] (4780/5512) phase-engine game::layers::tests::until_end_of_next_turn_permission_armed_at_untap_expires_at_cleanup
        PASS [   0.104s] (4781/5512) phase-engine game::layers::tests::transient_combat_rule_condition_stays_off_when_captured_controller_fails
        PASS [   0.063s] (4782/5512) phase-engine game::layers::tests::until_next_untap_step_turn_agnostic_expires_at_any_players_untap_step
        PASS [   0.100s] (4783/5512) phase-engine game::layers::tests::two_ragosts_grant_food_ability_only_once
        PASS [   0.060s] (4784/5512) phase-engine game::layers::tests::until_next_upkeep_effect_survives_untap_and_expires_at_controllers_upkeep
        PASS [   0.103s] (4785/5512) phase-engine game::layers::tests::unconditional_aura_grant_applies_through_the_same_harness
        PASS [   0.107s] (4786/5512) phase-engine game::layers::tests::transient_static_condition_keeps_its_captured_controller
        PASS [   0.105s] (4787/5512) phase-engine game::layers::tests::until_end_of_next_turn_effect_armed_at_untap_expires_at_cleanup
        PASS [   0.074s] (4788/5512) phase-engine game::layers::tests::until_next_upkeep_play_permission_expires_at_the_grantees_upkeep
        PASS [   0.055s] (4789/5512) phase-engine game::layers::tests::until_object_controllers_next_untap_step_keys_on_the_affected_object
        PASS [   0.060s] (4790/5512) phase-engine game::layers::tests::until_your_next_turn_prune_ignores_end_of_turn_duration
        PASS [   0.068s] (4791/5512) phase-engine game::layers::tests::urborg_adds_swamp_mana_ability_to_every_land
        PASS [   0.062s] (4792/5512) phase-engine game::layers::tests::urborg_does_not_inject_mana_onto_non_land
        PASS [   0.081s] (4793/5512) phase-engine game::layers::tests::until_next_upkeep_turn_agnostic_expires_at_any_players_upkeep
        PASS [   0.072s] (4794/5512) phase-engine game::layers::tests::until_your_next_turn_prune_expires_for_grantee_only
        PASS [   0.079s] (4795/5512) phase-engine game::layers::tests::whose_turn_leaves_read_the_ability_holder_when_bound
        PASS [   0.087s] (4796/5512) phase-engine game::layers::tests::vacant_monarch_static_condition_is_false_in_both_polarities_cr_725_5
        PASS [   0.085s] (4797/5512) phase-engine game::layers::tests::witness_protection_applies_all_characteristics_and_reverts_when_removed
        PASS [   0.098s] (4798/5512) phase-engine game::layers::tests::whispersilk_compound_grants_shroud_through_layers
        PASS [   0.067s] (4799/5512) phase-engine game::layers::tests::you_control_creature_tied_for_greatest_toughness_condition_evaluates_table_wide
        PASS [   0.090s] (4800/5512) phase-engine game::layers::tests::yavimaya_adds_forest_mana_ability_to_plains
        PASS [   0.056s] (4801/5512) phase-engine game::morph::tests::face_down_clears_printed_ref_and_turn_face_up_restores_it
        PASS [   0.061s] (4802/5512) phase-engine game::morph::tests::disguise_turn_face_up_cost_counts_instant_and_sorcery_cards
        PASS [   0.076s] (4803/5512) phase-engine game::morph::tests::external_enters_tapped_still_applies_to_face_down_entry
        PASS [   0.079s] (4804/5512) phase-engine game::morph::tests::face_down_hides_identity_from_opponents
        PASS [   0.062s] (4805/5512) phase-engine game::morph::tests::face_down_profile_applies_specified_characteristics
        PASS [   0.103s] (4806/5512) phase-engine game::morph::tests::controller_can_see_own_face_down_manifested_card
        PASS [   0.069s] (4807/5512) phase-engine game::morph::tests::karlov_watchdog_blocks_opponent_turn_face_up_during_your_turn
        PASS [   0.074s] (4808/5512) phase-engine game::morph::tests::manifest_puts_top_card_face_down_as_2_2
        PASS [   0.071s] (4809/5512) phase-engine game::morph::tests::manifested_creature_can_be_turned_face_up
        PASS [   0.070s] (4810/5512) phase-engine game::morph::tests::manifested_noncreature_cannot_be_turned_face_up
        PASS [   0.069s] (4811/5512) phase-engine game::morph::tests::paused_face_down_morph_entry_resumes_face_down
        PASS [   0.092s] (4812/5512) phase-engine game::morph::tests::manifested_creature_with_no_mana_cost_cannot_be_turned_face_up
        PASS [   0.080s] (4813/5512) phase-engine game::morph::tests::play_face_down_creates_2_2_with_no_characteristics
        PASS [   0.062s] (4814/5512) phase-engine game::morph::tests::priority_omits_an_unpayable_turn_face_up_action
        PASS [   0.069s] (4815/5512) phase-engine game::morph::tests::priority_applies_turn_face_up_cost_reductions_before_affordability
        PASS [   0.060s] (4816/5512) phase-engine game::morph::tests::priority_omits_hand_cards_without_a_face_down_keyword
        PASS [   0.068s] (4817/5512) phase-engine game::morph::tests::turn_face_up_applies_as_turned_face_up_replacement
        PASS [   0.065s] (4818/5512) phase-engine game::morph::tests::turn_face_up_gaps_attach_to_external_target
        PASS [   0.054s] (4819/5512) phase-engine game::morph::tests::turn_face_up_self_resolving_chain_applies_each_step_once
        PASS [   0.082s] (4820/5512) phase-engine game::morph::tests::turn_face_up_emits_event
        PASS [  14.163s] (4821/5512) phase-engine game::engine::stage2_injector_tests::bounded_cycle_pin_slots_publishes_one_point_per_source_not_per_entry
        PASS [   0.106s] (4822/5512) phase-engine game::morph::tests::turn_face_up_bumps_timestamp_only_on_success
        PASS [   0.056s] (4823/5512) phase-engine game::quantity::tests::amassed_army_mana_value_falls_back_to_lki_after_round_trip
        PASS [   0.065s] (4824/5512) phase-engine game::quantity::tests::aggregate_power_lki_fallback_for_exiled_creatures
        PASS [   0.062s] (4825/5512) phase-engine game::quantity::tests::amassed_army_mana_value_reads_live_object_when_current
        PASS [   0.093s] (4826/5512) phase-engine game::morph::tests::turn_face_up_restores_original_characteristics
        PASS [   0.051s] (4827/5512) phase-engine game::quantity::tests::any_of_deduplicates_a_characteristic_shared_by_two_populations
        PASS [   0.070s] (4828/5512) phase-engine game::quantity::tests::aggregate_property_over_sums_black_symbols_including_hybrid
        PASS [   0.081s] (4829/5512) phase-engine game::quantity::tests::a_cross_zone_or_preserves_branch_local_zones_while_any_of_reads_both_zones
        PASS [   0.052s] (4830/5512) phase-engine game::quantity::tests::cards_exiled_by_source_counts_linked_cards_in_exile
        PASS [   0.051s] (4831/5512) phase-engine game::quantity::tests::cast_stability_definition_walks_direct_metadata_and_fails_open_elsewhere
        PASS [   0.055s] (4832/5512) phase-engine game::quantity::tests::cast_stable_quantity_rejects_zone_hand_journal_and_snapshot_reads
        PASS [   0.050s] (4833/5512) phase-engine game::quantity::tests::chain_root_target_counter_gate_survives_a_resumed_roll_die_branch
        PASS [   0.068s] (4834/5512) phase-engine game::quantity::tests::chain_root_target_counter_gate_is_not_gated_by_missing_referent_precheck
        PASS [   0.068s] (4835/5512) phase-engine game::quantity::tests::chain_root_target_counter_gate_survives_a_resumed_vote_ballot
        PASS [   0.070s] (4836/5512) phase-engine game::quantity::tests::chain_root_target_counters_ignore_sibling_targets_and_missing_referent
        PASS [   0.071s] (4837/5512) phase-engine game::quantity::tests::chain_root_target_counters_fall_back_to_lki_once_target_is_destroyed
        PASS [   0.063s] (4838/5512) phase-engine game::quantity::tests::chain_root_target_counters_read_live_map_while_target_survives
        PASS [   0.086s] (4839/5512) phase-engine game::quantity::tests::chain_root_target_characteristic_reads_fail_closed_to_zero
        PASS [   0.064s] (4840/5512) phase-engine game::quantity::tests::chain_root_target_scope_and_context_field_round_trip
        PASS [   0.099s] (4841/5512) phase-engine game::quantity::tests::chain_root_target_counter_gate_survives_a_delayed_trigger_firing_in_production
        PASS [   0.103s] (4842/5512) phase-engine game::quantity::tests::chain_root_target_counter_gate_survives_a_resumed_coin_flip_branch
        PASS [   0.053s] (4843/5512) phase-engine game::quantity::tests::controlled_by_each_player_max_picks_the_most
        PASS [   0.079s] (4844/5512) phase-engine game::quantity::tests::chain_root_target_survives_to_depth_two_while_sub_targets_differ
        PASS [   0.068s] (4845/5512) phase-engine game::quantity::tests::compute_party_size_covers_700_8b_assignment
        PASS [   0.054s] (4846/5512) phase-engine game::quantity::tests::controlled_by_each_player_opponent_max_excludes_controller
        PASS [   0.054s] (4847/5512) phase-engine game::quantity::tests::controlled_by_each_player_prefers_clause_snapshot
        PASS [   0.073s] (4848/5512) phase-engine game::quantity::tests::controlled_by_each_player_min_excludes_a_departed_player
        PASS [   0.070s] (4849/5512) phase-engine game::quantity::tests::cost_paid_object_fallback_reads_effect_context_before_trigger_source
        PASS [   0.085s] (4850/5512) phase-engine game::quantity::tests::controlled_by_each_player_min_picks_the_fewest
        PASS [   0.064s] (4851/5512) phase-engine game::quantity::tests::counters_on_objects_all_counter_kinds_saturates_per_object
        PASS [   0.093s] (4852/5512) phase-engine game::quantity::tests::controlled_by_each_player_min_zero_when_a_player_has_none
        PASS [   0.074s] (4853/5512) phase-engine game::quantity::tests::counters_on_objects_uses_owner_scope_in_graveyard
        PASS [   0.074s] (4854/5512) phase-engine game::quantity::tests::damage_dealt_this_turn_source_filter_respects_snapshot_zone
        PASS [   0.076s] (4855/5512) phase-engine game::quantity::tests::counters_on_objects_sums_matching_counters_not_permanents
        PASS [   0.052s] (4856/5512) phase-engine game::quantity::tests::damage_source_controller_event_target_controller_reads_the_recipient_not_the_dealer
        PASS [   0.128s] (4857/5512) phase-engine game::quantity::tests::controlled_by_each_player_min_across_three_players
        PASS [   0.096s] (4858/5512) phase-engine game::quantity::tests::counter_added_this_turn_quantity_counts_by_actor_counter_and_recipient_filter
        PASS [   0.058s] (4859/5512) phase-engine game::quantity::tests::damage_to_departed_source_uses_recorded_incarnation
        PASS [   0.063s] (4860/5512) phase-engine game::quantity::tests::determined_event_context_amount_distinguishes_undetermined_from_zero
        PASS [   0.055s] (4861/5512) phase-engine game::quantity::tests::distinct_card_types_exiled_by_source_counts_linked_types_only
        PASS [   0.073s] (4862/5512) phase-engine game::quantity::tests::distinct_card_types_among_other_nonland_permanents_counts_matching_objects
        PASS [   0.055s] (4863/5512) phase-engine game::quantity::tests::distinct_counter_kinds_among_bounds_negation_to_tracked_set
        PASS [   0.071s] (4864/5512) phase-engine game::quantity::tests::distinct_card_types_tracked_set_counts_discarded_members_by_cause
        PASS [   0.057s] (4865/5512) phase-engine game::quantity::tests::distinct_counter_kinds_among_preserves_explicit_cross_zone_or_domain
        PASS [   0.056s] (4866/5512) phase-engine game::quantity::tests::distinct_counter_kinds_among_preserves_filtered_tracked_set_domain
        PASS [   0.066s] (4867/5512) phase-engine game::quantity::tests::distinct_counter_kinds_among_parent_slot_uses_chain_root
        PASS [   0.069s] (4868/5512) phase-engine game::quantity::tests::distinct_card_types_tracked_set_is_distinct_types_not_member_count
        PASS [   0.093s] (4869/5512) phase-engine game::quantity::tests::devotion_to_chosen_color_uses_current_named_choice
        PASS [   0.066s] (4870/5512) phase-engine game::quantity::tests::distinct_counter_kinds_among_preserves_in_any_zone_domain
        PASS [   0.052s] (4871/5512) phase-engine game::quantity::tests::domain_opponent_scope_uses_filter_phasing_choke_point
        PASS [   0.073s] (4872/5512) phase-engine game::quantity::tests::domain_counts_distinct_basic_land_types
        PASS [   0.046s] (4873/5512) phase-engine game::quantity::tests::event_context_amount_suppressed_inside_reflexive_scope_falls_through_to_last_effect_count
        PASS [   0.097s] (4874/5512) phase-engine game::quantity::tests::distinct_counter_kinds_among_preserves_mixed_cross_zone_or_domain
        PASS [   0.053s] (4875/5512) phase-engine game::quantity::tests::event_context_amount_suppressed_inside_reflexive_scope_ignores_enclosing_match_count
        PASS [   0.059s] (4876/5512) phase-engine game::quantity::tests::event_bound_spell_mana_value_survives_same_id_recast
        PASS [   0.077s] (4877/5512) phase-engine game::quantity::tests::domain_phased_out_land_does_not_count
        PASS [   0.055s] (4878/5512) phase-engine game::quantity::tests::for_each_they_control_scoped_player_counts_iterating_player
        PASS [   0.069s] (4879/5512) phase-engine game::quantity::tests::exile_zone_count_excludes_cards_owned_by_a_departed_player
        PASS [   0.077s] (4880/5512) phase-engine game::quantity::tests::event_context_player_count_counts_distinct_damaged_opponents_from_batch
        PASS [   0.080s] (4881/5512) phase-engine game::quantity::tests::filtered_tracked_set_size_partitions_members_by_cause
        PASS [   0.069s] (4882/5512) phase-engine game::quantity::tests::for_each_they_control_target_player_counts_targeted_player
        PASS [   0.099s] (4883/5512) phase-engine game::quantity::tests::for_each_they_control_chosen_player_counts_chosen_player
        PASS [   0.061s] (4884/5512) phase-engine game::quantity::tests::half_rounded_down_odd
        PASS [   0.069s] (4885/5512) phase-engine game::quantity::tests::for_each_you_control_stays_caster_under_player_scope
        PASS [   0.062s] (4886/5512) phase-engine game::quantity::tests::half_rounded_up_odd
        PASS [   0.065s] (4887/5512) phase-engine game::quantity::tests::half_rounded_up_even
        PASS [   0.051s] (4888/5512) phase-engine game::quantity::tests::hand_size_all_players_min_prefers_clause_snapshot
        PASS [   0.052s] (4889/5512) phase-engine game::quantity::tests::hand_size_all_players_min_live_when_no_snapshot
        PASS [   0.050s] (4890/5512) phase-engine game::quantity::tests::life_total_min_excludes_eliminated_player_from_population
        PASS [   0.043s] (4891/5512) phase-engine game::quantity::tests::object_count_matches_owned_foretold_cards_in_exile
        PASS [   0.068s] (4892/5512) phase-engine game::quantity::tests::life_total_opponent_max_reads_team_total_in_2hg
        PASS [   0.057s] (4893/5512) phase-engine game::quantity::tests::object_count_controller_ref_defending_player_uses_combat_attacker
        PASS [   0.087s] (4894/5512) phase-engine game::quantity::tests::life_total_opponent_max_off_team_is_individual_life
        PASS [   0.101s] (4895/5512) phase-engine game::quantity::tests::life_above_starting_reads_team_total_in_2hg
        PASS [   0.068s] (4896/5512) phase-engine game::quantity::tests::mana_symbols_in_mana_cost_none_counts_each_colored_symbol_once
        PASS [   0.068s] (4897/5512) phase-engine game::quantity::tests::lki_cleared_on_advance_phase
        PASS [   0.071s] (4898/5512) phase-engine game::quantity::tests::name_sticker_letter_count_reads_only_name_stickers_on_the_scoped_object
        PASS [   0.064s] (4899/5512) phase-engine game::quantity::tests::object_count_filter_resolves_x_against_chosen_x
        PASS [   0.059s] (4900/5512) phase-engine game::quantity::tests::object_count_matching_candidate_ids_filters_and_stably_deduplicates_snapshot
        PASS [   0.155s] (4901/5512) phase-engine game::quantity::tests::greater_good_draws_equal_to_sacrificed_creature_power_end_to_end
        PASS [   0.086s] (4902/5512) phase-engine game::quantity::tests::object_count_matching_ids_and_or_last_zone_changed_includes_off_battlefield_ledger
        PASS [   0.057s] (4903/5512) phase-engine game::quantity::tests::object_count_matching_ids_nested_or_not_uses_last_zone_changed_population
        PASS [   0.055s] (4904/5512) phase-engine game::quantity::tests::object_count_matching_ids_not_last_zone_changed_excludes_ledger
        PASS [   0.056s] (4905/5512) phase-engine game::quantity::tests::object_count_matching_ids_not_and_last_zone_changed_includes_nonmatching_ledger
        PASS [   0.069s] (4906/5512) phase-engine game::quantity::tests::object_count_matching_ids_last_zone_changed_and_not_red_uses_ledger_population
        PASS [   0.078s] (4907/5512) phase-engine game::quantity::tests::object_count_matching_ids_applies_compound_last_zone_changed_filter
        PASS [   0.068s] (4908/5512) phase-engine game::quantity::tests::object_count_matching_ids_nested_or_not_uses_tracked_set_population
        PASS [   0.064s] (4909/5512) phase-engine game::quantity::tests::object_count_triggering_player_counts_only_triggering_players_permanents
        PASS [   0.068s] (4910/5512) phase-engine game::quantity::tests::object_count_matching_ids_or_last_zone_changed_includes_typed_outside_ledger
        PASS [   0.074s] (4911/5512) phase-engine game::quantity::tests::object_count_matching_ids_not_tracked_red_preserves_green_member
        PASS [   0.064s] (4912/5512) phase-engine game::quantity::tests::object_count_with_in_zone_graveyard
        PASS [   0.095s] (4913/5512) phase-engine game::quantity::tests::object_count_matching_ids_nested_or_not_uses_explicit_graveyard_population
        PASS [   0.059s] (4914/5512) phase-engine game::quantity::tests::opponent_dealt_combat_damage_source_filter_discriminates
        PASS [   0.051s] (4915/5512) phase-engine game::quantity::tests::parameterized_damage_dealt_this_turn_legacy_json_deserializes_with_defaults
        PASS [   0.052s] (4916/5512) phase-engine game::quantity::tests::opponent_dealt_damage_serde_legacy_and_roundtrip
        PASS [   0.045s] (4917/5512) phase-engine game::quantity::tests::player_chosen_number_min_excludes_eliminated_player_from_population
        PASS [   0.056s] (4918/5512) phase-engine game::quantity::tests::parameterized_damage_dealt_this_turn_uses_target_lki_controller_after_control_change
        PASS [   0.079s] (4919/5512) phase-engine game::quantity::tests::opponent_dealt_combat_damage_source_uses_damage_time_snapshot
        PASS [   0.061s] (4920/5512) phase-engine game::quantity::tests::player_count_has_lost_the_game_counts_eliminated_players
        PASS [   0.080s] (4921/5512) phase-engine game::quantity::tests::parameterized_damage_dealt_this_turn_uses_lki_controller_after_control_change
        PASS [   0.069s] (4922/5512) phase-engine game::quantity::tests::player_count_opponent_lost_life_counts_only_damaged_opponents
        PASS [   0.059s] (4923/5512) phase-engine game::quantity::tests::player_counter_all_scope_excludes_departed_player
        PASS [   0.086s] (4924/5512) phase-engine game::quantity::tests::parameterized_damage_dealt_this_turn_max_matches_legacy_max_semantics
        PASS [   0.047s] (4925/5512) phase-engine game::quantity::tests::player_damage_threshold_refuses_object_recipients
        PASS [   0.062s] (4926/5512) phase-engine game::quantity::tests::player_counter_opponents_scope_excludes_departed_player
        PASS [   0.058s] (4927/5512) phase-engine game::quantity::tests::previous_effect_amount_live_when_no_snapshot
        PASS [   0.043s] (4928/5512) phase-engine game::quantity::tests::property_aggregate_any_of_deduplicates_objects_and_cast_occurrences
        PASS [   0.067s] (4929/5512) phase-engine game::quantity::tests::previous_effect_amount_min_counts_the_zero_contributor
        PASS [   0.061s] (4930/5512) phase-engine game::quantity::tests::previous_effect_amount_prefers_clause_snapshot
        PASS [   0.082s] (4931/5512) phase-engine game::quantity::tests::previous_effect_amount_aggregates_are_mutually_distinct
        PASS [   0.062s] (4932/5512) phase-engine game::quantity::tests::property_aggregate_objects_preserves_last_zone_changed_population
        PASS [   0.062s] (4933/5512) phase-engine game::quantity::tests::property_aggregate_turn_journal_uses_original_controller_during_player_fanout
        PASS [   0.064s] (4934/5512) phase-engine game::quantity::tests::property_aggregate_objects_preserves_sum_max_min_and_filters
        PASS [   0.045s] (4935/5512) phase-engine game::quantity::tests::quantity_expr_contains_scope_detects_nested
        PASS [   0.061s] (4936/5512) phase-engine game::quantity::tests::property_aggregate_turn_journal_excludes_only_the_resolving_occurrence
        PASS [   0.039s] (4937/5512) phase-engine game::quantity::tests::resolve_aggregate_mana_symbol_count_over_graveyard
        PASS [   0.074s] (4938/5512) phase-engine game::quantity::tests::property_aggregate_tracked_sources_keep_chain_set_and_triggering_batch_distinct
        PASS [   0.073s] (4939/5512) phase-engine game::quantity::tests::property_aggregate_valid_empty_sources_return_zero_for_sum_max_and_min
        PASS [   0.089s] (4940/5512) phase-engine game::quantity::tests::property_aggregate_tracked_sources_preserve_departed_and_ceased_lki
        PASS [   0.054s] (4941/5512) phase-engine game::quantity::tests::resolve_aggregate_max_power
        PASS [   0.049s] (4942/5512) phase-engine game::quantity::tests::resolve_aggregate_other_than_trigger_object_excludes_triggering
        PASS [   0.071s] (4943/5512) phase-engine game::quantity::tests::resolve_aggregate_mana_symbol_count_scopes_by_owner_not_lki_controller
        PASS [   0.069s] (4944/5512) phase-engine game::quantity::tests::resolve_aggregate_max_mana_value_in_exile
        PASS [   0.030s] (4945/5512) phase-engine game::quantity::tests::resolve_batch_source_mana_value_live_and_lki
        PASS [   0.061s] (4946/5512) phase-engine game::quantity::tests::resolve_aggregate_sum_mana_value_of_owned_cards_exiled_by_source
        PASS [   0.076s] (4947/5512) phase-engine game::quantity::tests::resolve_aggregate_sum_mana_value_of_owned_cards_exiled_by_source_from_ltb_snapshot
        PASS [   0.068s] (4948/5512) phase-engine game::quantity::tests::resolve_batch_source_power_live_and_lki
        PASS [   0.082s] (4949/5512) phase-engine game::quantity::tests::resolve_attacked_this_turn_counts_creatures_attacked_with_by_controller
        PASS [   0.090s] (4950/5512) phase-engine game::quantity::tests::resolve_aggregate_sum_power
        PASS [   0.058s] (4951/5512) phase-engine game::quantity::tests::resolve_descend_count_uses_owned_nontoken_permanent_graveyard_changes
        PASS [   0.067s] (4952/5512) phase-engine game::quantity::tests::resolve_damage_dealt_this_turn_groups_by_recipient_existentially
        PASS [   0.077s] (4953/5512) phase-engine game::quantity::tests::resolve_damage_dealt_this_turn_filters_self_target
        PASS [   0.084s] (4954/5512) phase-engine game::quantity::tests::resolve_clamp_min_floors_negative_quantity_result
        PASS [   0.113s] (4955/5512) phase-engine game::quantity::tests::resolve_anaphoric_power_prefers_lki_via_event_source_slot
        PASS [   0.084s] (4956/5512) phase-engine game::quantity::tests::resolve_damage_dealt_this_turn_filters_source_and_player_target
        PASS [   0.064s] (4957/5512) phase-engine game::quantity::tests::resolve_distinct_counter_kinds_among_controlled_permanents
        PASS [   0.105s] (4958/5512) phase-engine game::quantity::tests::resolve_distinct_colors_of_mana_spent_to_cast_self
        PASS [   0.041s] (4959/5512) phase-engine game::quantity::tests::resolve_event_context_amount_none_returns_zero
        PASS [   0.056s] (4960/5512) phase-engine game::quantity::tests::resolve_event_context_amount_match_count_takes_precedence_over_event
        PASS [   0.079s] (4961/5512) phase-engine game::quantity::tests::resolve_event_context_amount_falls_through_when_match_count_none
        PASS [   0.077s] (4962/5512) phase-engine game::quantity::tests::resolve_event_context_amount_from_damage
        PASS [   0.086s] (4963/5512) phase-engine game::quantity::tests::resolve_event_context_amount_falls_through_when_no_die_result
        PASS [   0.050s] (4964/5512) phase-engine game::quantity::tests::resolve_event_context_source_power_live_object
        PASS [   0.065s] (4965/5512) phase-engine game::quantity::tests::resolve_event_context_source_power_cost_paid_object_fallback
        PASS [   0.070s] (4966/5512) phase-engine game::quantity::tests::resolve_event_context_amount_uses_trigger_match_count_when_set
        PASS [   0.094s] (4967/5512) phase-engine game::quantity::tests::resolve_event_context_amount_prefers_scoped_player_count_over_scalar_event
        PASS [   0.082s] (4968/5512) phase-engine game::quantity::tests::resolve_event_context_source_power_lki_fallback
        PASS [   0.079s] (4969/5512) phase-engine game::quantity::tests::resolve_event_source_power_prefers_lki_when_source_left_battlefield
        PASS [   0.128s] (4970/5512) phase-engine game::quantity::tests::resolve_event_context_amount_prefers_die_result_over_event
        PASS [   0.060s] (4971/5512) phase-engine game::quantity::tests::resolve_multiply_negative
        PASS [   0.089s] (4972/5512) phase-engine game::quantity::tests::resolve_filtered_attacked_this_turn_uses_declaration_snapshot_after_attacker_leaves
        PASS [   0.108s] (4973/5512) phase-engine game::quantity::tests::resolve_event_context_source_power_no_context_returns_zero
        PASS [   0.083s] (4974/5512) phase-engine game::quantity::tests::resolve_multiply
        PASS [   0.091s] (4975/5512) phase-engine game::quantity::tests::resolve_max_damage_dealt_this_turn_groups_by_source_controller
        PASS [   0.176s] (4976/5512) phase-engine game::quantity::tests::resolve_event_context_amount_match_count_outranks_die_result
        PASS [   0.109s] (4977/5512) phase-engine game::quantity::tests::resolve_global_attacked_this_turn_counts_all_players_attackers
        PASS [   0.096s] (4978/5512) phase-engine game::quantity::tests::resolve_multiply_saturates_overflow
        PASS [   0.066s] (4979/5512) phase-engine game::quantity::tests::resolve_object_color_count_source_target_and_recipient
        PASS [   0.102s] (4980/5512) phase-engine game::quantity::tests::resolve_noncombat_damage_dealt_to_opponents_this_turn_excludes_combat
        PASS [   0.052s] (4981/5512) phase-engine game::quantity::tests::resolve_object_mana_value_anaphoric_vs_cost_paid_divergent_priority
        PASS [   0.071s] (4982/5512) phase-engine game::quantity::tests::resolve_object_count_by_shared_quality_max_and_sum_creature_types
        PASS [   0.084s] (4983/5512) phase-engine game::quantity::tests::resolve_object_count_by_shared_quality_last_zone_changed_color_max
        PASS [   0.084s] (4984/5512) phase-engine game::quantity::tests::resolve_object_count_by_shared_quality_last_zone_changed_colorless_max_zero
        PASS [   0.054s] (4985/5512) phase-engine game::quantity::tests::resolve_object_mana_value_cost_paid_object_takes_priority_over_effect_context
        PASS [   0.086s] (4986/5512) phase-engine game::quantity::tests::resolve_object_count_by_shared_quality_min_and_empty_buckets
        PASS [   0.090s] (4987/5512) phase-engine game::quantity::tests::resolve_object_count_by_shared_quality_sum_deduplicates_multityped_objects
        PASS [   0.052s] (4988/5512) phase-engine game::quantity::tests::resolve_object_pt_demonstrative_prefers_effect_context_over_cost_paid
        PASS [   0.091s] (4989/5512) phase-engine game::quantity::tests::resolve_object_mana_value_anaphoric_reads_effect_context_object
        PASS [   0.092s] (4990/5512) phase-engine game::quantity::tests::resolve_object_mana_value_cost_paid_falls_back_to_effect_context_object
        PASS [   0.088s] (4991/5512) phase-engine game::quantity::tests::resolve_object_name_word_count_uses_recipient_name_not_source_name
        PASS [   0.060s] (4992/5512) phase-engine game::quantity::tests::resolve_party_size_controller_scope
        PASS [   0.061s] (4993/5512) phase-engine game::quantity::tests::resolve_player_count_all_players_life_change_includes_eliminated_players
        PASS [   0.055s] (4994/5512) phase-engine game::quantity::tests::resolve_player_count_all_players_who_lost_life_includes_the_controller
        PASS [   0.065s] (4995/5512) phase-engine game::quantity::tests::resolve_player_count_all_players_who_gained_life_uses_the_gained_scalar
        PASS [   0.050s] (4996/5512) phase-engine game::quantity::tests::resolve_player_count_controls_more_creatures_than_you
        PASS [   0.047s] (4997/5512) phase-engine game::quantity::tests::resolve_player_count_opponents_with_n_cards_in_hand_is_per_candidate
        PASS [   0.050s] (4998/5512) phase-engine game::quantity::tests::resolve_player_count_controls_permanent_presence
        PASS [   0.100s] (4999/5512) phase-engine game::quantity::tests::resolve_object_typeline_component_count_glistener_elf
        PASS [   0.053s] (5000/5512) phase-engine game::quantity::tests::resolve_power_saturates_and_clamps
        PASS [   0.057s] (5001/5512) phase-engine game::quantity::tests::resolve_power_fixed_exponent
        PASS [   0.068s] (5002/5512) phase-engine game::quantity::tests::resolve_power_cost_paid_object_takes_priority_over_trigger_event
        PASS [   0.053s] (5003/5512) phase-engine game::quantity::tests::resolve_power_variable_x_via_chosen_x
        PASS [   0.044s] (5004/5512) phase-engine game::quantity::tests::resolve_quantity_attachments_on_leaving_object_filters_by_controller
        PASS [   0.102s] (5005/5512) phase-engine game::quantity::tests::resolve_player_count_controls_at_least_n_more_lands_than_you
        PASS [   0.047s] (5006/5512) phase-engine game::quantity::tests::resolve_quantity_any_counters_on_self_sums_all_types
        PASS [   0.055s] (5007/5512) phase-engine game::quantity::tests::resolve_quantity_any_counters_on_self_empty_is_zero
        PASS [   0.040s] (5008/5512) phase-engine game::quantity::tests::resolve_quantity_attachments_on_leaving_object_without_event_returns_zero
        PASS [   0.093s] (5009/5512) phase-engine game::quantity::tests::resolve_player_count_opponents_who_have_n_poison_counters_is_per_candidate
        PASS [   0.036s] (5010/5512) phase-engine game::quantity::tests::resolve_quantity_cards_drawn_this_turn_max_opponent
        PASS [   0.062s] (5011/5512) phase-engine game::quantity::tests::resolve_quantity_cards_discarded_this_turn_sum_opponents
        PASS [   0.041s] (5012/5512) phase-engine game::quantity::tests::resolve_quantity_cards_drawn_this_turn_sum_opponents
        PASS [   0.060s] (5013/5512) phase-engine game::quantity::tests::resolve_quantity_commander_cast_from_command_zone_count
        PASS [   0.055s] (5014/5512) phase-engine game::quantity::tests::resolve_quantity_counters_on_event_source_fails_closed_for_malformed_context
        PASS [   0.063s] (5015/5512) phase-engine game::quantity::tests::resolve_quantity_convoked_creature_count_reads_source_object
        PASS [   0.052s] (5016/5512) phase-engine game::quantity::tests::resolve_quantity_counters_on_event_source_uses_legacy_cache_only_when_context_absent
        PASS [   0.068s] (5017/5512) phase-engine game::quantity::tests::resolve_quantity_colors_in_commanders_color_identity
        PASS [   0.064s] (5018/5512) phase-engine game::quantity::tests::resolve_quantity_cost_x_paid_composes_with_multiply
        PASS [   0.081s] (5019/5512) phase-engine game::quantity::tests::resolve_quantity_commander_mana_value_command_zone
        PASS [   0.081s] (5020/5512) phase-engine game::quantity::tests::resolve_quantity_commander_mana_value_battlefield
        PASS [   0.055s] (5021/5512) phase-engine game::quantity::tests::resolve_quantity_counters_on_source_falls_back_to_lki
        PASS [   0.074s] (5022/5512) phase-engine game::quantity::tests::resolve_quantity_counters_on_self
        PASS [   0.084s] (5023/5512) phase-engine game::quantity::tests::resolve_quantity_counters_on_event_source_falls_back_to_lki_after_zone_change
        PASS [   0.064s] (5024/5512) phase-engine game::quantity::tests::resolve_quantity_max_life_lost_this_turn_across_players
        PASS [   0.073s] (5025/5512) phase-engine game::quantity::tests::resolve_quantity_kicker_count_reads_source_object_payments
        PASS [   0.081s] (5026/5512) phase-engine game::quantity::tests::resolve_quantity_greatest_commander_mana_value_command_zone
        PASS [   0.082s] (5027/5512) phase-engine game::quantity::tests::resolve_quantity_hand_size
        PASS [   0.084s] (5028/5512) phase-engine game::quantity::tests::resolve_quantity_lands_played_this_turn_filters_origin_zone
        PASS [   0.113s] (5029/5512) phase-engine game::quantity::tests::resolve_quantity_fixed_returns_value
        PASS [   0.077s] (5030/5512) phase-engine game::quantity::tests::resolve_quantity_object_count_creatures_you_control
        PASS [   0.074s] (5031/5512) phase-engine game::quantity::tests::resolve_quantity_object_count_distinct_mana_values_uses_mana_value_axis
        PASS [   0.069s] (5032/5512) phase-engine game::quantity::tests::resolve_quantity_opponent_life_gained_this_turn_sum
        PASS [   0.092s] (5033/5512) phase-engine game::quantity::tests::resolve_quantity_object_count_creatures_blocking_source
        PASS [   0.113s] (5034/5512) phase-engine game::quantity::tests::resolve_quantity_max_life_lost_this_turn_none_lost
        PASS [   0.054s] (5035/5512) phase-engine game::quantity::tests::resolve_quantity_player_count_opponent
        PASS [   0.073s] (5036/5512) phase-engine game::quantity::tests::resolve_quantity_opponent_life_lost_this_turn_sum
        PASS [   0.066s] (5037/5512) phase-engine game::quantity::tests::resolve_quantity_player_count_opponent_dealt_combat_damage_none
        PASS [   0.043s] (5038/5512) phase-engine game::quantity::tests::resolve_quantity_player_counter_experience_controller_and_sums
        PASS [   0.081s] (5039/5512) phase-engine game::quantity::tests::resolve_quantity_player_actions_this_turn_counts_scoped_actions
        PASS [   0.129s] (5040/5512) phase-engine game::quantity::tests::resolve_quantity_object_count_distinct_names
        PASS [   0.073s] (5041/5512) phase-engine game::quantity::tests::resolve_quantity_player_count_opponent_dealt_combat_damage
        PASS [   0.059s] (5042/5512) phase-engine game::quantity::tests::resolve_quantity_player_count_opponent_lost_life_none_lost
        PASS [   0.064s] (5043/5512) phase-engine game::quantity::tests::resolve_quantity_player_count_opponent_dealt_damage_kind_discriminates
        PASS [   0.058s] (5044/5512) phase-engine game::quantity::tests::resolve_quantity_player_counter_scoped_player_from_damage_event
        PASS [   0.056s] (5045/5512) phase-engine game::quantity::tests::resolve_quantity_player_filter_all
        PASS [   0.135s] (5046/5512) phase-engine game::quantity::tests::resolve_quantity_other_spells_cast_this_turn_counts_opponent_spells
        PASS [   0.055s] (5047/5512) phase-engine game::quantity::tests::resolve_quantity_source_chosen_player_zone_counts
        PASS [   0.055s] (5048/5512) phase-engine game::quantity::tests::resolve_quantity_spells_cast_this_game_filtered_by_name
        PASS [   0.074s] (5049/5512) phase-engine game::quantity::tests::resolve_quantity_player_filter_opponent_gained_life
        PASS [   0.116s] (5050/5512) phase-engine game::quantity::tests::resolve_quantity_player_count_opponent_lost_life
        PASS [   0.042s] (5051/5512) phase-engine game::quantity::tests::resolve_quantity_zone_card_count_matches_subtype_cards
        PASS [   0.061s] (5052/5512) phase-engine game::quantity::tests::resolve_quantity_unspent_mana
        PASS [   0.070s] (5053/5512) phase-engine game::quantity::tests::resolve_quantity_spells_cast_this_turn_with_qualified_filter
        PASS [   0.073s] (5054/5512) phase-engine game::quantity::tests::resolve_quantity_tokens_created_this_turn_filters_token_snapshots
        PASS [   0.101s] (5055/5512) phase-engine game::quantity::tests::resolve_quantity_with_damage_source_composed_and_fixed
        PASS [   0.055s] (5056/5512) phase-engine game::quantity::tests::resolve_source_power_prefers_lki_when_source_left_battlefield
        PASS [   0.038s] (5057/5512) phase-engine game::quantity::tests::resolve_target_life_total
        PASS [   0.078s] (5058/5512) phase-engine game::quantity::tests::resolve_sacrificed_this_turn_counts_matching_controller_records
        PASS [   0.108s] (5059/5512) phase-engine game::quantity::tests::resolve_quantity_you_control_uses_original_controller_under_player_scope
        PASS [   0.062s] (5060/5512) phase-engine game::quantity::tests::resolve_source_power_prefers_live_when_on_battlefield
        PASS [   0.055s] (5061/5512) phase-engine game::quantity::tests::resolve_source_qualified_mana_spent_uses_entering_context
        PASS [   0.070s] (5062/5512) phase-engine game::quantity::tests::resolve_source_power_reads_live_current_zone_for_activated_graveyard_ability
        PASS [   0.076s] (5063/5512) phase-engine game::quantity::tests::resolve_self_power
        PASS [   0.065s] (5064/5512) phase-engine game::quantity::tests::resolve_sum_of_independent_refs_against_state
        PASS [   0.078s] (5065/5512) phase-engine game::quantity::tests::resolve_source_qualified_mana_spent_counts_matching_snapshots
        PASS [   0.064s] (5066/5512) phase-engine game::quantity::tests::resolve_target_power_prefers_live_battlefield_object_over_stale_lki
        PASS [   0.044s] (5067/5512) phase-engine game::quantity::tests::resolve_zone_change_count_this_turn_filters_dies_subtype
        PASS [   0.048s] (5068/5512) phase-engine game::quantity::tests::shared_card_types_over_recipient_filter_uses_recipient
        PASS [   0.057s] (5069/5512) phase-engine game::quantity::tests::resolve_zone_card_count_preserves_nonbasic_land_filter
        PASS [   0.068s] (5070/5512) phase-engine game::quantity::tests::spell_history_before_triggering_spell_excludes_later_responses
        PASS [   0.078s] (5071/5512) phase-engine game::quantity::tests::self_mana_value_reads_source_mana_cost
        PASS [   0.078s] (5072/5512) phase-engine game::quantity::tests::shared_card_types_requires_explicit_spell_authority
        PASS [   0.064s] (5073/5512) phase-engine game::quantity::tests::spells_cast_this_turn_own_excluded_prior_same_id_counts
        PASS [   0.070s] (5074/5512) phase-engine game::quantity::tests::spells_cast_this_turn_own_exclusion_last_record_filter_gated
        PASS [   0.065s] (5075/5512) phase-engine game::quantity::tests::spells_cast_this_turn_reanimated_source_excludes_nothing
        PASS [   0.072s] (5076/5512) phase-engine game::quantity::tests::starting_life_quantities_follow_archenemy_or_hero_controller
        PASS [   0.087s] (5077/5512) phase-engine game::quantity::tests::spells_cast_this_turn_on_stack_source_excludes_own
        PASS [   0.056s] (5078/5512) phase-engine game::quantity::tests::tracked_set_possessor_controller_axis_reads_lki_controller_not_owner
        PASS [   0.063s] (5079/5512) phase-engine game::quantity::tests::that_sticker_reads_the_resolution_record
        PASS [   0.043s] (5080/5512) phase-engine game::quantity::tests::zone_change_aggregate_this_turn_remains_occurrence_stream_lki
        PASS [   0.076s] (5081/5512) phase-engine game::quantity::tests::tracked_set_possessor_prefers_live_controller_for_on_battlefield_member
        PASS [   0.080s] (5082/5512) phase-engine game::quantity::tests::triggering_batch_attack_declarations_preserve_snapshot_and_detection_provenance
        PASS [   0.067s] (5083/5512) phase-engine game::quantity::tests::unattacked_opponent_count_resolves_via_detection_trigger_event
        PASS [  15.823s] (5084/5512) phase-engine game::engine::stage2_injector_tests::a_command_zone_pin_answers_a_real_restored_boards_prompt
        PASS [   0.078s] (5085/5512) phase-engine game::quantity::tests::try_resolve_source_quantity_distinguishes_zero_from_missing_context_and_nested_filter_x
        PASS [   0.082s] (5086/5512) phase-engine game::quantity::tests::triggering_discover_value_reads_last_discover_scalar
        PASS [   0.120s] (5087/5512) phase-engine game::quantity::tests::starting_life_source_preview_requires_a_bound_player
        PASS [   0.072s] (5088/5512) phase-engine game::quantity::tests::unsupported_name_sticker_source_lki_path_fails_closed
        PASS [   0.163s] (5089/5512) phase-engine game::quantity::tests::spells_cast_this_turn_no_provenance_never_excluded
        PASS [   0.078s] (5090/5512) phase-engine game::quantity::tests::vote_count_sums_ballots_not_voters
        PASS [   0.092s] (5091/5512) phase-engine game::replacement::enters_with_unless_runtime_tests::hotheaded_giant_reanimated_with_prior_red_spell_suppressed
        PASS [   0.083s] (5092/5512) phase-engine game::replacement::enters_with_unless_runtime_tests::hotheaded_giant_reanimated_without_red_spell_applies_counters
        PASS [   0.073s] (5093/5512) phase-engine game::replacement::tests::ability_tree_copies_tokens_walks_own_tree_but_not_granted_triggers
        PASS [   0.060s] (5094/5512) phase-engine game::replacement::tests::and_condition_requires_all_children
        PASS [   0.133s] (5095/5512) phase-engine game::replacement::enters_with_unless_runtime_tests::hotheaded_giant_own_cast_not_counted_applies_counters
        PASS [   0.047s] (5096/5512) phase-engine game::replacement::tests::any_player_gain_life_replacement_applies_to_every_player
        PASS [   0.103s] (5097/5512) phase-engine game::replacement::enters_with_unless_runtime_tests::hotheaded_giant_suppressed_by_prior_red_spell
        PASS [   0.030s] (5098/5512) phase-engine game::replacement::tests::artifact_mana_spent_on_self_resolves_against_entering_object
        PASS [   0.035s] (5099/5512) phase-engine game::replacement::tests::begin_phase_matcher_fires_for_bare_begin_phase_def
        PASS [   0.122s] (5100/5512) phase-engine game::replacement::enters_with_unless_runtime_tests::steel_exemplar_reanimated_uncast_applies_counters
        PASS [   0.044s] (5101/5512) phase-engine game::replacement::tests::authority_taps_creature_tokens_after_replacement
        PASS [   0.123s] (5102/5512) phase-engine game::replacement::enters_with_unless_runtime_tests::steel_exemplar_one_color_spent_applies_counters
        PASS [   0.053s] (5103/5512) phase-engine game::replacement::tests::batched_combat_shield_consumption_journals_once
        PASS [   0.042s] (5104/5512) phase-engine game::replacement::tests::begin_turn_matcher_matches_event_shape_only
        PASS [   0.043s] (5105/5512) phase-engine game::replacement::tests::begin_turn_replacement_does_not_consume_shield
        PASS [   0.054s] (5106/5512) phase-engine game::replacement::tests::begin_turn_applier_returns_prevented
        PASS [   0.053s] (5107/5512) phase-engine game::replacement::tests::bloodletter_does_not_double_on_opponents_turn
        PASS [   0.039s] (5108/5512) phase-engine game::replacement::tests::cant_be_regenerated_static_bypasses_shield
        PASS [   0.050s] (5109/5512) phase-engine game::replacement::tests::bloodletter_doubles_opponent_life_loss_during_your_turn
        PASS [   0.056s] (5110/5512) phase-engine game::replacement::tests::candidate_materiality_agrees_for_printed_and_granted_dredge
        PASS [   0.178s] (5111/5512) phase-engine game::replacement::enters_with_unless_runtime_tests::steel_exemplar_two_colors_spent_suppresses_counters
        PASS [   0.048s] (5112/5512) phase-engine game::replacement::tests::cant_regenerate_bypasses_shield
        PASS [   0.041s] (5113/5512) phase-engine game::replacement::tests::cast_origin_only_rejects_ordinary_exile_entry_without_cast_from_zone
        PASS [   0.057s] (5114/5512) phase-engine game::replacement::tests::cast_origin_only_matches_creature_cast_from_exile
        PASS [   0.050s] (5115/5512) phase-engine game::replacement::tests::class_level_condition_requires_battlefield_source_at_level
        PASS [   0.058s] (5116/5512) phase-engine game::replacement::tests::chained_etb_modifiers_do_not_stash_post_replacement_continuation
        PASS [   0.049s] (5117/5512) phase-engine game::replacement::tests::clean_inactive_replacement_index_falls_back_for_direct_self_enter_probe
        PASS [   0.058s] (5118/5512) phase-engine game::replacement::tests::choose_then_chosen_dependent_counter_defers_to_post_replacement
        PASS [   0.059s] (5119/5512) phase-engine game::replacement::tests::cast_variant_paid_condition_matches_web_slinging_tag
        PASS [   0.050s] (5120/5512) phase-engine game::replacement::tests::colors_spent_on_self_falls_back_to_source_without_entering
        PASS [   0.049s] (5121/5512) phase-engine game::replacement::tests::colors_spent_on_self_resolves_against_entering_object
        PASS [   0.128s] (5122/5512) phase-engine game::replacement::tests::blossombind_prevents_counters_on_enchanted_creature_only
        PASS [   0.048s] (5123/5512) phase-engine game::replacement::tests::colors_spent_to_cast_persists_through_zone_change_replacement
        PASS [   0.027s] (5124/5512) phase-engine game::replacement::tests::commander_hand_or_library_replacement_labels_both_destinations
        PASS [   0.034s] (5125/5512) phase-engine game::replacement::tests::compleated_and_doubling_season_order_is_material
        PASS [   0.028s] (5126/5512) phase-engine game::replacement::tests::continuous_next_redirection_fails_closed_without_spending_the_shield
        PASS [   0.055s] (5127/5512) phase-engine game::replacement::tests::competing_enter_tap_replacements_get_outcome_labels
        PASS [   0.055s] (5128/5512) phase-engine game::replacement::tests::connive_replacement_second_pass_uses_original_subject_snapshot
        PASS [   0.051s] (5129/5512) phase-engine game::replacement::tests::consume_on_apply_prevention_is_consumed_when_damage_fully_prevented
        PASS [   0.025s] (5130/5512) phase-engine game::replacement::tests::counter_match_filters_vizier_from_plus_one_plus_one_event
        PASS [   0.066s] (5131/5512) phase-engine game::replacement::tests::commuting_count_plus_non_commuting_entertapped_material
        PASS [   0.051s] (5132/5512) phase-engine game::replacement::tests::counter_match_filters_hardened_scales_from_minus_one_minus_one_event
        PASS [   0.072s] (5133/5512) phase-engine game::replacement::tests::consumed_shield_skipped_by_find_applicable
        PASS [   0.061s] (5134/5512) phase-engine game::replacement::tests::continue_replacement_releases_stranded_transformed_entry_projection
        PASS [   0.033s] (5135/5512) phase-engine game::replacement::tests::counter_match_none_matches_any_counter_type
        PASS [   0.055s] (5136/5512) phase-engine game::replacement::tests::counter_prohibition_short_circuits_count_modifier_prompt
        PASS [   0.051s] (5137/5512) phase-engine game::replacement::tests::damage_applier_arithmetic_minus_is_not_prevention
        PASS [   0.051s] (5138/5512) phase-engine game::replacement::tests::damage_applier_double
        PASS [   0.346s] (5139/5512) phase-engine game::replacement::tests::academy_manufactor_does_not_apply_to_other_players_tokens_cr_614_1a
        PASS [   0.038s] (5140/5512) phase-engine game::replacement::tests::damage_applier_minus
        PASS [   0.050s] (5141/5512) phase-engine game::replacement::tests::damage_applier_life_floor_does_not_increase_damage
        PASS [   0.052s] (5142/5512) phase-engine game::replacement::tests::damage_applier_life_floor_does_not_apply_when_already_below_floor
        PASS [   0.059s] (5143/5512) phase-engine game::replacement::tests::damage_applier_life_floor_caps_damage_that_would_go_below_floor
        PASS [   0.042s] (5144/5512) phase-engine game::replacement::tests::damage_applier_minus_saturates_at_zero
        PASS [   0.384s] (5145/5512) phase-engine game::replacement::enters_with_unless_runtime_tests::thunder_salvo_counts_other_spell_not_own
        PASS [   0.047s] (5146/5512) phase-engine game::replacement::tests::damage_applier_plus
        PASS [   0.045s] (5147/5512) phase-engine game::replacement::tests::damage_applier_plus_dynamic_source_power_is_live
        PASS [   0.044s] (5148/5512) phase-engine game::replacement::tests::damage_applier_prevention_minus_stamps_per_event_amount_for_continuations
        PASS [   0.049s] (5149/5512) phase-engine game::replacement::tests::damage_applier_prevention_minus_in_batch_defers_to_post_batch_aggregate
        PASS [   0.040s] (5150/5512) phase-engine game::replacement::tests::damage_applier_set_to_source_power_replaces_when_less
        PASS [   0.049s] (5151/5512) phase-engine game::replacement::tests::damage_applier_set_to_source_power_no_change_when_greater
        PASS [   0.056s] (5152/5512) phase-engine game::replacement::tests::damage_applier_triple
        PASS [   0.039s] (5153/5512) phase-engine game::replacement::tests::damage_boost_not_blocked_by_prevention_disabled
        PASS [   0.047s] (5154/5512) phase-engine game::replacement::tests::damage_double_chaining_two_doublers
        PASS [   0.035s] (5155/5512) phase-engine game::replacement::tests::damage_target_filter_opponent_allows_opponents_permanent
        PASS [   0.061s] (5156/5512) phase-engine game::replacement::tests::damage_modification_field_collision_prompts_for_order
        PASS [   0.060s] (5157/5512) phase-engine game::replacement::tests::damage_source_filter_blocks_wrong_controller
        PASS [   0.057s] (5158/5512) phase-engine game::replacement::tests::damage_target_filter_controller_only
        PASS [   0.063s] (5159/5512) phase-engine game::replacement::tests::damage_source_filter_allows_correct_controller
        PASS [   0.058s] (5160/5512) phase-engine game::replacement::tests::damage_target_filter_opponent_allows_opponent
        PASS [   0.045s] (5161/5512) phase-engine game::replacement::tests::damage_target_filter_opponent_only
        PASS [   0.034s] (5162/5512) phase-engine game::replacement::tests::damage_target_filter_source_chosen_player_matches_their_permanent
        PASS [   0.053s] (5163/5512) phase-engine game::replacement::tests::damage_target_filter_opponent_blocks_self
        PASS [   0.484s] (5164/5512) phase-engine game::replacement::tests::academy_manufactor_plus_doubling_season_correct_stacking
        PASS [   0.055s] (5165/5512) phase-engine game::replacement::tests::damage_target_filter_source_chosen_player_scopes_replacement
        PASS [   0.045s] (5166/5512) phase-engine game::replacement::tests::dealt_damage_by_source_condition_matches_attached_to_source
        PASS [   0.048s] (5167/5512) phase-engine game::replacement::tests::dealt_damage_by_source_condition_ignores_prior_incarnation_after_reentry
        PASS [   0.038s] (5168/5512) phase-engine game::replacement::tests::declared_battlefield_zone_applies_to_the_sources_own_entry
        PASS [   0.045s] (5169/5512) phase-engine game::replacement::tests::declared_command_zone_replacement_applies_through_the_real_pipeline
        PASS [   0.059s] (5170/5512) phase-engine game::replacement::tests::declared_active_zones_replace_the_default_scan_zones
        PASS [   0.064s] (5171/5512) phase-engine game::replacement::tests::dealt_damage_by_source_condition_matches_exact_source
        PASS [   0.052s] (5172/5512) phase-engine game::replacement::tests::destination_zone_authority_matches_battlefield
        PASS [   0.074s] (5173/5512) phase-engine game::replacement::tests::dealt_damage_by_source_uses_damage_time_snapshot
        PASS [   0.528s] (5174/5512) phase-engine game::replacement::enters_with_unless_runtime_tests::thunder_salvo_alone_excludes_own_cast
        PASS [   0.035s] (5175/5512) phase-engine game::replacement::tests::destination_zone_authority_matches_token_battlefield_entry
        PASS [   0.039s] (5176/5512) phase-engine game::replacement::tests::destination_zone_rip_does_not_match_exile
        PASS [   0.049s] (5177/5512) phase-engine game::replacement::tests::destination_zone_authority_own_token_not_affected
        PASS [   0.057s] (5178/5512) phase-engine game::replacement::tests::destination_zone_no_rip_passthrough
        PASS [   0.066s] (5179/5512) phase-engine game::replacement::tests::destination_zone_authority_own_creature_not_affected
        PASS [   0.055s] (5180/5512) phase-engine game::replacement::tests::destination_zone_rip_matches_graveyard_from_any_origin
        PASS [   0.057s] (5181/5512) phase-engine game::replacement::tests::dont_blink_excludes_noncreature_via_valid_card_gate
        PASS [   0.049s] (5182/5512) phase-engine game::replacement::tests::draw_instruction_may_be_replaced_only_with_an_instruction_scoped_definition
        PASS [   0.056s] (5183/5512) phase-engine game::replacement::tests::dont_blink_matches_creature_cast_from_exile_entering_from_stack
        PASS [   0.071s] (5184/5512) phase-engine game::replacement::tests::dirty_replacement_index_falls_back_to_legacy_after_mutation
        PASS [   0.061s] (5185/5512) phase-engine game::replacement::tests::dont_blink_matches_creature_entering_from_exile
        PASS [   0.064s] (5186/5512) phase-engine game::replacement::tests::dont_blink_rejects_creature_entering_from_hand
        PASS [   0.058s] (5187/5512) phase-engine game::replacement::tests::draw_replacement_does_not_apply_to_zero_card_draws
        PASS [   0.058s] (5188/5512) phase-engine game::replacement::tests::draw_replacement_does_not_apply_when_quantity_gate_is_false
        PASS [   0.049s] (5189/5512) phase-engine game::replacement::tests::draw_replacement_uses_event_context_amount_with_offset
        PASS [   0.053s] (5190/5512) phase-engine game::replacement::tests::draw_scope_matches_only_its_stage_and_threshold_reads_the_event_count
        PASS [   0.051s] (5191/5512) phase-engine game::replacement::tests::draw_to_token_substitution_does_not_commute_with_draw_count_modifier
        PASS [   0.053s] (5192/5512) phase-engine game::replacement::tests::dredge_applies_from_graveyard_on_owner_draw_with_enough_library
        PASS [   0.055s] (5193/5512) phase-engine game::replacement::tests::dredge_graveyard_scope_uses_owner_not_stale_controller
        PASS [   0.046s] (5194/5512) phase-engine game::replacement::tests::durable_redirect_route_maps_supported_parser_recipients
        PASS [   0.058s] (5195/5512) phase-engine game::replacement::tests::dredge_does_not_apply_from_the_battlefield
        PASS [   0.044s] (5196/5512) phase-engine game::replacement::tests::during_draw_step_your_turn_gate_requires_controller_active_player
        PASS [   0.038s] (5197/5512) phase-engine game::replacement::tests::during_draw_step_your_turn_gate_skips_replacement_on_opponents_draw_step
        PASS [   0.059s] (5198/5512) phase-engine game::replacement::tests::dredge_not_applicable_when_library_smaller_than_n
        PASS [   0.041s] (5199/5512) phase-engine game::replacement::tests::empty_mana_pool_matcher_predicate
        PASS [   0.056s] (5200/5512) phase-engine game::replacement::tests::empty_mana_pool_choice_names_the_handler_source_not_the_sentinel
        PASS [   0.036s] (5201/5512) phase-engine game::replacement::tests::except_first_draw_in_draw_step_suppresses_only_active_first_draw
        PASS [   0.059s] (5202/5512) phase-engine game::replacement::tests::empty_candidates_replacement_record_returns_priority_not_softlock
        PASS [   0.048s] (5203/5512) phase-engine game::replacement::tests::every_applying_path_reaches_the_recorder_because_the_hook_is_in_pipeline_loop
        PASS [   0.051s] (5204/5512) phase-engine game::replacement::tests::fixed_life_may_cost_uses_a_display_label
        PASS [   0.046s] (5205/5512) phase-engine game::replacement::tests::gain_life_replacement_doubles_via_multiply_expr
        PASS [   0.055s] (5206/5512) phase-engine game::replacement::tests::fractional_prevention_rounds_the_in_flight_damage_event
        PASS [   0.060s] (5207/5512) phase-engine game::replacement::tests::extract_etb_counters_walks_sub_ability_chain
        PASS [   0.062s] (5208/5512) phase-engine game::replacement::tests::finality_redirect_is_battlefield_only_and_preserves_event_contract
        PASS [   0.037s] (5209/5512) phase-engine game::replacement::tests::global_object_counter_prohibition_prevents_listed_types_only
        PASS [   0.069s] (5210/5512) phase-engine game::replacement::tests::finality_competes_by_identity_and_resumes_through_the_cr_616_choice
        PASS [   0.050s] (5211/5512) phase-engine game::replacement::tests::gain_life_replacement_offset_via_plus_expr
        PASS [   0.050s] (5212/5512) phase-engine game::replacement::tests::global_store_damage_path_respects_unless_your_turn_condition
        PASS [   0.053s] (5213/5512) phase-engine game::replacement::tests::global_store_damage_path_enforces_valid_card_filter_for_object_targets
        PASS [   0.056s] (5214/5512) phase-engine game::replacement::tests::gate_land_enters_tapped_and_prompts_color_without_modal
        PASS [   0.050s] (5215/5512) phase-engine game::replacement::tests::global_store_valid_card_gate_refuses_a_player_target_damage_event
        PASS [   0.048s] (5216/5512) phase-engine game::replacement::tests::granted_dredge_with_differing_value_surfaces_alongside_printed
        PASS [   0.042s] (5217/5512) phase-engine game::replacement::tests::has_max_speed_condition_tracks_controller_speed
        PASS [   0.066s] (5218/5512) phase-engine game::replacement::tests::granted_dredge_registration_offers_a_card_whose_own_base_static_grants_dredge
        PASS [   0.050s] (5219/5512) phase-engine game::replacement::tests::halving_season_skips_controller_owned_permanent_counters
        PASS [   0.060s] (5220/5512) phase-engine game::replacement::tests::halving_season_halves_opponent_counter_placement_on_permanents
        PASS [   0.069s] (5221/5512) phase-engine game::replacement::tests::granted_dredge_registration_sweeps_do_not_scale_with_graveyard_size
        PASS [   0.077s] (5222/5512) phase-engine game::replacement::tests::granted_dredge_label_pluralizes_a_count_of_one
        PASS [   0.064s] (5223/5512) phase-engine game::replacement::tests::granted_dredge_with_identical_value_still_collapses_to_one
        PASS [   0.076s] (5224/5512) phase-engine game::replacement::tests::granted_dredge_not_offered_once_the_draw_is_substituted_away
        PASS [   0.045s] (5225/5512) phase-engine game::replacement::tests::if_controls_matching_counts_self_when_filter_lacks_another
        PASS [   0.070s] (5226/5512) phase-engine game::replacement::tests::halving_season_halves_opponent_token_creation
        PASS [   0.042s] (5227/5512) phase-engine game::replacement::tests::if_controls_matching_excludes_self_via_another_prop
        PASS [   0.052s] (5228/5512) phase-engine game::replacement::tests::later_tap_state_modifier_overwrites_earlier_one
        PASS [   0.039s] (5229/5512) phase-engine game::replacement::tests::may_cost_replacement_accept_pays_cost_and_keeps_event_untapped
        PASS [   0.053s] (5230/5512) phase-engine game::replacement::tests::lose_life_quantity_prevent_suppresses_event
        PASS [   0.054s] (5231/5512) phase-engine game::replacement::tests::lose_life_player_scopes_apply_on_either_players_turn
        PASS [   0.052s] (5232/5512) phase-engine game::replacement::tests::lose_mana_registry_is_not_stub
        PASS [   0.066s] (5233/5512) phase-engine game::replacement::tests::last_applied_decides_only_for_whole_field_overwrites
        PASS [   0.059s] (5234/5512) phase-engine game::replacement::tests::may_cost_replacement_decline_applies_decline_branch
        PASS [   0.068s] (5235/5512) phase-engine game::replacement::tests::lose_life_cross_event_execute_stashes_substitution
        PASS [   0.044s] (5236/5512) phase-engine game::replacement::tests::mixed_double_and_plus_do_not_commute_prompt_required
        PASS [   0.052s] (5237/5512) phase-engine game::replacement::tests::mixed_double_and_half_do_not_commute_prompt_required
        PASS [   0.061s] (5238/5512) phase-engine game::replacement::tests::mill_replacement_uses_event_context_amount_multiplier
        PASS [   0.042s] (5239/5512) phase-engine game::replacement::tests::multiple_pure_token_doublers_commute_no_prompt
        PASS [   0.586s] (5240/5512) phase-engine game::replacement::tests::create_token_applier_emits_additional_token_spec_batch
        PASS [   0.055s] (5241/5512) phase-engine game::replacement::tests::object_without_cant_be_regenerated_is_not_marked
        PASS [   0.072s] (5242/5512) phase-engine game::replacement::tests::multiple_umbra_armor_auras_prompt_for_aura_choice
        PASS [   0.058s] (5243/5512) phase-engine game::replacement::tests::only_extra_turn_condition_fires_only_on_extra_turn
        PASS [   0.057s] (5244/5512) phase-engine game::replacement::tests::only_if_quantity_applies_when_condition_is_true
        PASS [   0.073s] (5245/5512) phase-engine game::replacement::tests::object_counter_replacement_without_player_scope_ignores_player_counter_events
        PASS [   0.053s] (5246/5512) phase-engine game::replacement::tests::only_if_quantity_is_filtered_for_opponent_draws
        PASS [   0.043s] (5247/5512) phase-engine game::replacement::tests::opponent_damaged_condition_uses_recorded_target_controller
        PASS [   0.037s] (5248/5512) phase-engine game::replacement::tests::opponent_mill_replacement_does_not_apply_to_controller
        PASS [   0.094s] (5249/5512) phase-engine game::replacement::tests::multi_draw_dredges_one_of_two_units_other_draws_normally
        PASS [   0.074s] (5250/5512) phase-engine game::replacement::tests::ojer_taq_does_not_multiply_noncreature_tokens
        PASS [   0.097s] (5251/5512) phase-engine game::replacement::tests::multi_draw_decline_dredge_unit_one_still_draws_unit_two_normally
        PASS [   0.084s] (5252/5512) phase-engine game::replacement::tests::ojer_taq_triplicates_creature_tokens
        PASS [   0.061s] (5253/5512) phase-engine game::replacement::tests::opposite_tap_state_replacements_prompt_for_order
        PASS [   0.052s] (5254/5512) phase-engine game::replacement::tests::optional_draw_skip_decline_leaves_original_draw
        PASS [   0.056s] (5255/5512) phase-engine game::replacement::tests::optional_counter_prevention_decline_leaves_counter_event_unchanged
        PASS [   0.056s] (5256/5512) phase-engine game::replacement::tests::optional_decline_without_post_effect_keeps_resident_drain_and_accept_still_replaces_it
        PASS [   0.062s] (5257/5512) phase-engine game::replacement::tests::optional_counter_prevention_prompts_instead_of_auto_preventing
        PASS [   0.061s] (5258/5512) phase-engine game::replacement::tests::player_counter_replacement_scope_uses_recipient_not_actor
        PASS [   0.079s] (5259/5512) phase-engine game::replacement::tests::printed_dredge_gate_uses_printed_value_not_grant_overridden_effective_value
        PASS [   0.050s] (5260/5512) phase-engine game::replacement::tests::produce_mana_replacement_multiplies_tapped_for_mana_amount
        PASS [   0.087s] (5261/5512) phase-engine game::replacement::tests::prevention_shield_and_damage_doubler_prompt_for_order
        PASS [   0.090s] (5262/5512) phase-engine game::replacement::tests::optional_draw_skip_with_execute_decline_leaves_original_draw
        PASS [   0.092s] (5263/5512) phase-engine game::replacement::tests::player_counter_prohibition_does_not_match_object_counter_placement
        PASS [   0.714s] (5264/5512) phase-engine game::replacement::tests::create_token_applier_ensure_specs_emits_only_missing_subtypes_cr_614_1a
        PASS [   0.089s] (5265/5512) phase-engine game::replacement::tests::produce_mana_no_replacement_passthrough
        PASS [   0.062s] (5266/5512) phase-engine game::replacement::tests::quantity_modification_field_collision_prompts_for_order
        PASS [   0.063s] (5267/5512) phase-engine game::replacement::tests::produce_mana_replacement_replaces_type
        PASS [   0.059s] (5268/5512) phase-engine game::replacement::tests::regen_shield_prevents_targeted_destruction
        PASS [   0.067s] (5269/5512) phase-engine game::replacement::tests::regen_shield_consumption_one_of_two
        PASS [   0.060s] (5270/5512) phase-engine game::replacement::tests::regen_shield_removes_damage_and_deathtouch
        PASS [   0.070s] (5271/5512) phase-engine game::replacement::tests::replacement_choice_label_derives_outcome_from_execute_effect
        PASS [   0.081s] (5272/5512) phase-engine game::replacement::tests::regen_shield_removes_from_combat_attacker
        PASS [   0.075s] (5273/5512) phase-engine game::replacement::tests::replacement_event_key_taxonomy_matches_supported_proposed_events
        PASS [   0.083s] (5274/5512) phase-engine game::replacement::tests::regen_shield_taps_already_tapped_creature
        PASS [   0.075s] (5275/5512) phase-engine game::replacement::tests::replacement_index_matches_legacy_object_scan_order
        PASS [   0.093s] (5276/5512) phase-engine game::replacement::tests::replacement_index_is_clone_serde_and_equality_neutral
        PASS [   0.078s] (5277/5512) phase-engine game::replacement::tests::replacement_index_production_path_applies_self_etb_from_hand
        PASS [   0.065s] (5278/5512) phase-engine game::replacement::tests::replacement_index_production_path_applies_stack_self_move
        PASS [   0.090s] (5279/5512) phase-engine game::replacement::tests::replacement_index_preserves_virtual_candidate_prefix
        PASS [   0.086s] (5280/5512) phase-engine game::replacement::tests::replacement_index_production_path_applies_self_etb_from_stack
        PASS [   0.044s] (5281/5512) phase-engine game::replacement::tests::replacement_index_production_path_offers_dredge_from_graveyard
        PASS [   0.101s] (5282/5512) phase-engine game::replacement::tests::replacement_index_production_path_applies_discard_self_from_hand
        PASS [   0.044s] (5283/5512) phase-engine game::replacement::tests::replacement_pipeline_dirty_after_mandatory_application
        PASS [   0.133s] (5284/5512) phase-engine game::replacement::tests::regen_shield_removes_from_combat_blocker
        PASS [   0.059s] (5285/5512) phase-engine game::replacement::tests::replacement_pipeline_dirty_after_optional_application
        PASS [   0.047s] (5286/5512) phase-engine game::replacement::tests::restriction_does_not_block_non_prevention_replacements
        PASS [   0.065s] (5287/5512) phase-engine game::replacement::tests::replacement_pipeline_without_candidates_keeps_clean_index_inert
        PASS [   0.066s] (5288/5512) phase-engine game::replacement::tests::replacement_precedence_restricts_choosable_candidates_to_earliest_cr_616_1_step
        PASS [   0.061s] (5289/5512) phase-engine game::replacement::tests::restriction_prevents_damage_prevention
        PASS [   0.098s] (5290/5512) phase-engine game::replacement::tests::replacement_index_production_path_rejects_dredge_negative_siblings
        PASS [   0.103s] (5291/5512) phase-engine game::replacement::tests::replacement_index_production_path_preserves_legacy_ordering_candidates
        PASS [   0.068s] (5292/5512) phase-engine game::replacement::tests::restriction_does_not_block_durable_redirect_shields
        PASS [   0.068s] (5293/5512) phase-engine game::replacement::tests::scry_replacement_can_modify_scry_count
        PASS [   0.097s] (5294/5512) phase-engine game::replacement::tests::replacement_registry_accessor_reuses_cached_shape
        PASS [   0.072s] (5295/5512) phase-engine game::replacement::tests::scry_replacement_can_replace_scry_with_draw
        PASS [   0.070s] (5296/5512) phase-engine game::replacement::tests::scry_replacement_defaults_to_controller_scope
        PASS [   0.055s] (5297/5512) phase-engine game::replacement::tests::shield_counter_and_regeneration_prompt_for_destroy_order
        PASS [   0.067s] (5298/5512) phase-engine game::replacement::tests::search_found_matcher_composes_with_generic_player_scopes
        PASS [   0.127s] (5299/5512) phase-engine game::replacement::tests::riot_optional_replacement_labels_each_branch_by_outcome
        PASS [   0.085s] (5300/5512) phase-engine game::replacement::tests::shield_counter_and_damage_doubler_prompt_for_order
        PASS [   0.083s] (5301/5512) phase-engine game::replacement::tests::shield_damage_and_destroy_each_journal_one_accepted_removal
        PASS [   0.072s] (5302/5512) phase-engine game::replacement::tests::tap_untap_field_collision_prompts_for_order
        PASS [   0.068s] (5303/5512) phase-engine game::replacement::tests::test_continue_replacement_after_choice
        PASS [   0.064s] (5304/5512) phase-engine game::replacement::tests::test_damage_replacement_matches
        PASS [   0.108s] (5305/5512) phase-engine game::replacement::tests::shield_counter_on_unpreventable_damage_removes_counter_without_preventing
        PASS [   0.053s] (5306/5512) phase-engine game::replacement::tests::test_material_replacement_ordering_still_prompts
        PASS [   0.064s] (5307/5512) phase-engine game::replacement::tests::test_depth_cap
        PASS [   0.134s] (5308/5512) phase-engine game::replacement::tests::spelunking_untaps_seeded_land_tokens_after_replacement
        PASS [   0.091s] (5309/5512) phase-engine game::replacement::tests::test_dealt_damage_does_not_match_damage_to_other
        PASS [   0.090s] (5310/5512) phase-engine game::replacement::tests::test_dealt_damage_replacement_matches_damage_to_source
        PASS [   0.140s] (5311/5512) phase-engine game::replacement::tests::source_tapped_state_condition_matches_object_state
        PASS [   0.057s] (5312/5512) phase-engine game::replacement::tests::test_no_replacements_passthrough
        PASS [   0.049s] (5313/5512) phase-engine game::replacement::tests::test_registry_has_all_types
        PASS [   0.071s] (5314/5512) phase-engine game::replacement::tests::test_multiple_immaterial_replacements_auto_resolve
        PASS [   0.070s] (5315/5512) phase-engine game::replacement::tests::test_once_per_event_enforcement
        PASS [   0.069s] (5316/5512) phase-engine game::replacement::tests::test_single_replacement_zone_change
        PASS [   0.056s] (5317/5512) phase-engine game::replacement::tests::token_entry_matches_liminal_self_moved_replacement_only
        PASS [   0.056s] (5318/5512) phase-engine game::replacement::tests::two_identical_untap_replacements_auto_apply_without_choice
        PASS [   0.053s] (5319/5512) phase-engine game::replacement::tests::umbra_armor_noop_without_umbra
        PASS [   0.473s] (5320/5512) phase-engine game::replacement::tests::optional_choose_token_substitution_inherits_applied_set_and_does_not_reprompt
        PASS [   0.068s] (5321/5512) phase-engine game::replacement::tests::two_identical_tap_replacements_auto_apply_without_choice
        PASS [   0.054s] (5322/5512) phase-engine game::replacement::tests::umbra_armor_replaces_destruction_and_destroys_the_aura
        PASS [   0.053s] (5323/5512) phase-engine game::replacement::tests::unless_player_life_at_most_reads_team_total_in_2hg
        PASS [   0.069s] (5324/5512) phase-engine game::replacement::tests::umbra_armor_applies_even_when_cant_regenerate
        PASS [   0.056s] (5325/5512) phase-engine game::replacement::tests::unless_quantity_no_turn_req_works_on_any_turn
        PASS [   0.041s] (5326/5512) phase-engine game::replacement::tests::unless_quantity_turn_count_tapped_beyond_threshold
        PASS [   0.057s] (5327/5512) phase-engine game::replacement::tests::unless_quantity_tapped_on_opponents_turn_regardless_of_count
        PASS [   0.049s] (5328/5512) phase-engine game::replacement::tests::unless_quantity_turn_count_untapped_within_threshold
        PASS [   0.057s] (5329/5512) phase-engine game::replacement::tests::unless_your_turn_tapped_on_opponents_turn
        PASS [   0.046s] (5330/5512) phase-engine game::replacement::tests::uphill_battle_was_played_filter_matches_cast_creature_not_token
        PASS [   0.058s] (5331/5512) phase-engine game::replacement::tests::unless_your_turn_untapped_on_controllers_turn
        PASS [   0.052s] (5332/5512) phase-engine game::replacement::tests::untap_override_replaces_seeded_zone_change_tap_state
        PASS [   0.030s] (5333/5512) phase-engine game::restrictions::tests::another_flyer_entered_condition_uses_keyword_snapshot_and_excludes_source
        PASS [   0.059s] (5334/5512) phase-engine game::restrictions::tests::activation_once_each_turn_uses_shared_counter
        PASS [   0.086s] (5335/5512) phase-engine game::replacement::tests::unmapped_durable_redirect_recipient_fails_closed_instead_of_preventing
        PASS [   0.070s] (5336/5512) phase-engine game::restrictions::dandan_read_sweep_tests::zone_count_conditions_in_a_per_seat_format_read_the_seats_own_zone
        PASS [   0.074s] (5337/5512) phase-engine game::replacement::tests::zero_candidate_replacement_choice_returns_priority_not_softlock
        PASS [   0.075s] (5338/5512) phase-engine game::replacement::tests::zone_redirect_applied_in_apply_single_replacement
        PASS [   0.064s] (5339/5512) phase-engine game::restrictions::dandan_read_sweep_tests::zone_count_conditions_read_the_shared_pile
        PASS [   0.048s] (5340/5512) phase-engine game::restrictions::tests::after_blockers_declared_window_rejects_pre_blockers_and_admits_post_blockers
        PASS [   0.057s] (5341/5512) phase-engine game::restrictions::tests::battlefield_entry_history_condition_survives_object_leaving
        PASS [   0.054s] (5342/5512) phase-engine game::restrictions::tests::before_attackers_window_admits_non_active_caster
        PASS [   0.068s] (5343/5512) phase-engine game::restrictions::tests::approach_of_the_second_sun_round_trips_through_record_spell_cast
        PASS [   0.042s] (5344/5512) phase-engine game::restrictions::tests::during_your_turn_before_attackers_stays_active_player_gated
        PASS [   0.050s] (5345/5512) phase-engine game::restrictions::tests::effect_tap_is_a_no_op_on_cant_tap_creature
        PASS [   0.317s] (5346/5512) phase-engine game::replacement::tests::swans_self_shield_does_not_prevent_damage_it_deals
        PASS [   0.070s] (5347/5512) phase-engine game::restrictions::tests::changeling_entry_ledger_matches_expanded_subtype
        PASS [   0.072s] (5348/5512) phase-engine game::restrictions::tests::city_blessing_restriction_checks_player_designation
        PASS [   0.079s] (5349/5512) phase-engine game::restrictions::tests::completed_dungeon_restriction_checks_player_progress
        PASS [   0.083s] (5350/5512) phase-engine game::restrictions::tests::before_attackers_window_closes_at_and_after_declaration
        PASS [   0.076s] (5351/5512) phase-engine game::restrictions::tests::enduring_story_restriction_checks_player_designation
        PASS [   0.084s] (5352/5512) phase-engine game::restrictions::tests::completed_dungeon_restriction_honors_specific_dungeon
        PASS [   0.038s] (5353/5512) phase-engine game::restrictions::tests::evaluates_creatures_you_control_total_power_condition
        PASS [   0.065s] (5354/5512) phase-engine game::restrictions::tests::entry_type_filter_answers_instant_false_per_cr_403_3
        PASS [   0.062s] (5355/5512) phase-engine game::restrictions::tests::evaluates_cards_left_graveyard_this_turn_condition
        PASS [   0.093s] (5356/5512) phase-engine game::restrictions::tests::evaluates_artifact_entered_this_turn_condition
        PASS [   0.080s] (5357/5512) phase-engine game::restrictions::tests::evaluates_cast_instant_or_sorcery_this_turn_condition
        PASS [   0.058s] (5358/5512) phase-engine game::restrictions::tests::evaluates_hand_size_choice_condition
        PASS [   0.069s] (5359/5512) phase-engine game::restrictions::tests::evaluates_opponent_searched_library_this_turn_condition
        PASS [   0.058s] (5360/5512) phase-engine game::restrictions::tests::evaluates_you_control_a_commander_condition
        PASS [   0.087s] (5361/5512) phase-engine game::restrictions::tests::evaluates_filtered_spell_count_quantity_restriction
        PASS [   0.081s] (5362/5512) phase-engine game::restrictions::tests::evaluates_graveyard_card_count_condition
        PASS [   0.068s] (5363/5512) phase-engine game::restrictions::tests::evaluates_source_counter_condition
        PASS [   0.039s] (5364/5512) phase-engine game::restrictions::tests::evaluates_you_control_three_or_more_artifacts_condition
        PASS [   0.086s] (5365/5512) phase-engine game::restrictions::tests::evaluates_you_attacked_with_two_or_more_creatures_this_turn_condition
        PASS [   0.134s] (5366/5512) phase-engine game::restrictions::tests::evaluates_creature_died_this_turn_condition
        PASS [   0.039s] (5367/5512) phase-engine game::restrictions::tests::is_sorcery_speed_window_non_team_format_excludes_other_players
        PASS [   0.116s] (5368/5512) phase-engine game::restrictions::tests::evaluates_opponent_controls_creature_with_flying_condition
        PASS [   0.130s] (5369/5512) phase-engine game::restrictions::tests::evaluates_filtered_morbid_quantity_restriction
        PASS [   0.023s] (5370/5512) phase-engine game::restrictions::tests::ledger_guard_agrees_with_matcher
        PASS [   0.047s] (5371/5512) phase-engine game::restrictions::tests::is_source_blocked_reads_blocked_flag_not_assignments
        PASS [   0.047s] (5372/5512) phase-engine game::restrictions::tests::is_your_turn_condition_tracks_active_player
        PASS [   0.053s] (5373/5512) phase-engine game::restrictions::tests::is_sorcery_speed_window_two_headed_giant_includes_nonactive_teammate
        PASS [   0.078s] (5374/5512) phase-engine game::restrictions::tests::evaluates_you_control_two_or_more_vampires_condition
        PASS [   0.057s] (5375/5512) phase-engine game::restrictions::tests::land_played_restriction_checks_player_land_count
        PASS [   0.073s] (5376/5512) phase-engine game::restrictions::tests::fixer_artifact_entered_elided_battlefield_parses_and_gates
        PASS [   0.051s] (5377/5512) phase-engine game::restrictions::tests::object_cant_tap_reflects_printed_cant_tap_static
        PASS [   0.118s] (5378/5512) phase-engine game::restrictions::tests::evaluates_you_control_creature_with_flying_condition
        PASS [   0.052s] (5379/5512) phase-engine game::restrictions::tests::opponents_upkeep_activation_gate_allows_only_opponent_upkeep
        PASS [   0.054s] (5380/5512) phase-engine game::restrictions::tests::opponent_scoped_casting_restrictions_exclude_teammate_turns
        PASS [   0.054s] (5381/5512) phase-engine game::restrictions::tests::real_flash_keyword_overrides_target_dependent_flash_condition
        PASS [   0.059s] (5382/5512) phase-engine game::restrictions::tests::phased_out_permanents_excluded_from_control_conditions
        PASS [   0.054s] (5383/5512) phase-engine game::restrictions::tests::source_attached_to_condition_checks_host_type
        PASS [   0.074s] (5384/5512) phase-engine game::restrictions::tests::opponents_upkeep_activation_gate_denies_own_team_upkeep_in_two_headed_giant
        PASS [   0.440s] (5385/5512) phase-engine game::replacement::tests::token_doubler_and_creature_substitution_commute_no_prompt
        PASS [   0.062s] (5386/5512) phase-engine game::restrictions::tests::spell_cast_with_variant_this_turn_tracks_warp
        PASS [   0.054s] (5387/5512) phase-engine game::restrictions::tests::tap_ability_activation_refused_but_untap_ability_allowed
        PASS [   0.066s] (5388/5512) phase-engine game::restrictions::tests::spell_timing_allows_flash_override
        PASS [   0.058s] (5389/5512) phase-engine game::restrictions::tests::target_dependent_flash_permission_feasible_aura_branch
        PASS [   0.063s] (5390/5512) phase-engine game::restrictions::tests::tap_permanent_for_cost_taps_unrestricted_creature
        PASS [   0.035s] (5391/5512) phase-engine game::restrictions::tests::zone_core_type_card_count_condition_checks_hand_card_types
        PASS [   0.061s] (5392/5512) phase-engine game::restrictions::tests::target_dependent_flash_permission_feasible_modal_defers
        PASS [   0.088s] (5393/5512) phase-engine game::restrictions::tests::tap_permanent_for_cost_refuses_cant_tap_creature
        PASS [   0.060s] (5394/5512) phase-engine game::restrictions::tests::target_dependent_flash_permission_feasible_real_flash_bypass
        PASS [   0.135s] (5395/5512) phase-engine game::restrictions::tests::opponent_entry_threshold_is_per_opponent_not_summed_across_opponents
        PASS [   0.059s] (5396/5512) phase-engine game::restrictions::tests::target_dependent_flash_permission_satisfied_against_commander_target
        PASS [   0.044s] (5397/5512) phase-engine game::visibility::tests::a_face_down_permanent_reveals_to_its_controller_and_redacts_for_an_observer
        PASS [   0.130s] (5398/5512) phase-engine game::restrictions::tests::parsed_combat_window_activation_gates_reach_production_enforcement
        PASS [   0.067s] (5399/5512) phase-engine game::restrictions::tests::target_dependent_flash_permission_feasible_requires_a_commander_target
        PASS [   0.034s] (5400/5512) phase-engine game::visibility::tests::active_search_grants_only_exact_incarnation_and_filters_event_by_latched_audience
        PASS [   0.058s] (5401/5512) phase-engine game::visibility::tests::a_hidden_slot_source_drops_the_responder_facing_template_and_a_visible_one_survives
        PASS [   0.076s] (5402/5512) phase-engine game::restrictions::tests::zero_attacker_declaration_does_not_satisfy_you_attacked_this_turn
        PASS [   0.054s] (5403/5512) phase-engine game::visibility::tests::a_recorded_loop_step_whose_pin_slot_names_a_hidden_source_is_cleared
        PASS [   0.029s] (5404/5512) phase-engine game::visibility::tests::choose_one_prompt_redacts_runtime_continuation_for_every_viewer
        PASS [   0.066s] (5405/5512) phase-engine game::visibility::tests::attraction_deck_cards_are_hidden_unless_revealed
        PASS [   0.051s] (5406/5512) phase-engine game::visibility::tests::context_free_zone_change_keeps_hidden_search_snapshots_aligned
        PASS [   0.057s] (5407/5512) phase-engine game::visibility::tests::commander_damage_is_visible_to_every_viewer
        PASS [   0.057s] (5408/5512) phase-engine game::visibility::tests::chosen_card_name_on_battlefield_permanent_is_visible_to_opponents
        PASS [   0.078s] (5409/5512) phase-engine game::visibility::tests::cards_revealed_drops_only_hidden_library_ids_for_every_viewer
        PASS [   0.061s] (5410/5512) phase-engine game::visibility::tests::d5h2_a_public_pin_ahead_of_a_hidden_one_still_drops_the_whole_declaration
        PASS [   0.065s] (5411/5512) phase-engine game::visibility::tests::contraption_deck_cards_are_hidden_unless_revealed
        PASS [   0.086s] (5412/5512) phase-engine game::visibility::tests::choose_from_zone_choice_is_hidden_from_non_controller
        PASS [   0.087s] (5413/5512) phase-engine game::visibility::tests::behold_for_cost_hides_matching_hand_choices_from_non_controller
        PASS [   0.095s] (5414/5512) phase-engine game::visibility::tests::choose_from_zone_choice_library_cards_visible_to_prompt_player_only
        PASS [   0.064s] (5415/5512) phase-engine game::visibility::tests::debug_permission_without_debug_mode_keeps_own_library_hidden
        PASS [   0.072s] (5416/5512) phase-engine game::visibility::tests::d5h_a_hidden_object_pin_drops_the_whole_declaration_for_a_non_proposer
        PASS [   0.072s] (5417/5512) phase-engine game::visibility::tests::debug_permission_keeps_all_unrevealed_library_cards_hidden
        PASS [   0.042s] (5418/5512) phase-engine game::visibility::tests::exile_for_mana_ability_from_hand_is_hidden_from_non_controller
        PASS [   0.052s] (5419/5512) phase-engine game::visibility::tests::drawn_this_turn_choice_private_tracking_is_hidden_from_non_controller
        PASS [   0.048s] (5420/5512) phase-engine game::visibility::tests::exile_for_cost_graveyard_is_not_redacted
        PASS [   0.063s] (5421/5512) phase-engine game::visibility::tests::durable_product_knowledge_survives_reveal_cleanup_for_its_viewer_only
        PASS [   0.068s] (5422/5512) phase-engine game::visibility::tests::exile_for_mana_ability_graveyard_is_not_redacted
        PASS [   0.065s] (5423/5512) phase-engine game::visibility::tests::face_down_permanent_redacts_parse_warnings_from_observer
        PASS [   0.079s] (5424/5512) phase-engine game::visibility::tests::face_down_look_tce_survives_precise_battlefield_gate
        PASS [   0.081s] (5425/5512) phase-engine game::visibility::tests::expired_library_knowledge_is_canonical_after_reorder
        PASS [   0.082s] (5426/5512) phase-engine game::visibility::tests::exile_from_hand_for_cost_is_hidden_from_non_controller
        PASS [   0.067s] (5427/5512) phase-engine game::visibility::tests::filtered_state_hides_pending_begin_game_queue
        PASS [   0.062s] (5428/5512) phase-engine game::visibility::tests::filters_other_players_decision_templates
        PASS [   0.071s] (5429/5512) phase-engine game::visibility::tests::filters_library_draw_events_for_non_drawer
        PASS [   0.066s] (5430/5512) phase-engine game::visibility::tests::filters_opponent_mulligan_hand_to_library_events
        PASS [   0.092s] (5431/5512) phase-engine game::visibility::tests::face_down_battlefield_permanent_identity_visible_only_to_controller
        PASS [   0.080s] (5432/5512) phase-engine game::visibility::tests::filters_other_players_may_trigger_auto_choices
        PASS [   0.076s] (5433/5512) phase-engine game::visibility::tests::filters_other_players_priority_yields
        PASS [   0.069s] (5434/5512) phase-engine game::visibility::tests::foretold_exile_card_identity_visible_only_to_owner
        PASS [   0.057s] (5435/5512) phase-engine game::visibility::tests::foretold_hand_to_exile_zone_change_is_hidden_from_opponent_and_spectator
        PASS [   0.053s] (5436/5512) phase-engine game::visibility::tests::hidden_cards_redact_source_token_metadata
        PASS [   0.063s] (5437/5512) phase-engine game::visibility::tests::game_over_reveals_absorbed_face_down_component_to_observer
        PASS [   0.072s] (5438/5512) phase-engine game::visibility::tests::hidden_cards_redact_back_face_identity
        PASS [   0.045s] (5439/5512) phase-engine game::visibility::tests::hidden_search_event_visibility_is_scoped_per_card
        PASS [   0.083s] (5440/5512) phase-engine game::visibility::tests::found_footage_reveals_opponent_face_down_to_static_controller_only
        PASS [   0.078s] (5441/5512) phase-engine game::visibility::tests::generic_face_down_exile_card_identity_hidden_from_everyone
        PASS [   0.075s] (5442/5512) phase-engine game::visibility::tests::hidden_hand_card_redacts_printed_identity_metadata_from_opponent
        PASS [   0.087s] (5443/5512) phase-engine game::visibility::tests::free_cast_window_hides_hand_candidates_from_opponent
        PASS [   0.087s] (5444/5512) phase-engine game::visibility::tests::game_over_reveals_face_down_permanent_to_observer
        PASS [   0.086s] (5445/5512) phase-engine game::visibility::tests::hidden_hand_card_redacts_parse_warnings_from_opponent
        PASS [   0.069s] (5446/5512) phase-engine game::visibility::tests::hidden_search_audience_rejects_stale_lineage_after_shuffle
        PASS [   0.074s] (5447/5512) phase-engine game::visibility::tests::hidden_library_identity_is_dropped_from_viewer_event_and_ability_carriers
        PASS [   0.077s] (5448/5512) phase-engine game::visibility::tests::hidden_search_audience_follows_exact_zone_lineage_not_reused_object_id
        PASS [   0.048s] (5449/5512) phase-engine game::visibility::tests::hidden_search_face_down_exile_departure_to_public_zone_is_public
        PASS [   0.036s] (5450/5512) phase-engine game::visibility::tests::library_face_down_battlefield_zone_change_hidden_from_opponent
        PASS [   0.035s] (5451/5512) phase-engine game::visibility::tests::liminal_entry_state_serializes_but_is_filtered_from_viewers
        PASS [   0.063s] (5452/5512) phase-engine game::visibility::tests::hidden_search_snapshot_captures_current_front_and_back_faces
        PASS [   0.068s] (5453/5512) phase-engine game::visibility::tests::library_draw_events_visible_to_turn_controller
        PASS [   0.064s] (5454/5512) phase-engine game::visibility::tests::library_to_exile_reveal_zone_change_stays_public
        PASS [   0.071s] (5455/5512) phase-engine game::visibility::tests::library_mill_zone_change_stays_public
        PASS [   0.058s] (5456/5512) phase-engine game::visibility::tests::milled_event_is_gated_on_a_public_destination
        PASS [   0.061s] (5457/5512) phase-engine game::visibility::tests::non_search_face_down_exile_departure_keeps_public_fallback
        PASS [   0.066s] (5458/5512) phase-engine game::visibility::tests::lumbering_laundry_reveals_opponent_face_down_until_end_of_turn
        PASS [   0.086s] (5459/5512) phase-engine game::visibility::tests::library_draw_events_visible_to_shared_team_turn_controller
        PASS [   0.081s] (5460/5512) phase-engine game::visibility::tests::library_product_knowledge_expires_on_reorder_without_erasing_hand_knowledge
        PASS [   0.048s] (5461/5512) phase-engine game::visibility::tests::opponent_guess_proposition_truth_is_redacted_for_all_viewers
        PASS [   0.078s] (5462/5512) phase-engine game::visibility::tests::lumbering_laundry_look_permission_survives_source_control_change
        PASS [   0.065s] (5463/5512) phase-engine game::visibility::tests::opponent_commander_in_command_zone_remains_visible
        PASS [   0.059s] (5464/5512) phase-engine game::visibility::tests::opponent_spell_cast_hides_stable_card_id_but_keeps_public_stack_reference
        PASS [   0.070s] (5465/5512) phase-engine game::visibility::tests::opponent_guess_hides_only_last_committed_number_from_guesser
        PASS [   0.056s] (5466/5512) phase-engine game::visibility::tests::parked_combat_lifelink_is_absent_from_every_viewer_projection
        PASS [   0.036s] (5467/5512) phase-engine game::visibility::tests::priority_passing_preferences_are_visible_only_to_their_owner
        PASS [   0.056s] (5468/5512) phase-engine game::visibility::tests::parked_exile_from_top_until_is_absent_from_every_viewer_projection
        PASS [   0.066s] (5469/5512) phase-engine game::visibility::tests::optional_decision_subject_identity_is_projected_for_both_prompt_siblings
        PASS [   0.041s] (5470/5512) phase-engine game::visibility::tests::public_reveal_memory_clears_when_card_changes_zones
        PASS [   0.062s] (5471/5512) phase-engine game::visibility::tests::player_chosen_number_is_private_to_that_player
        PASS [   0.072s] (5472/5512) phase-engine game::visibility::tests::pending_cast_remains_visible_to_non_caster_during_target_selection
        PASS [   0.059s] (5473/5512) phase-engine game::visibility::tests::proposer_hidden_view_hides_but_never_writes_a_face_down_name
        PASS [   0.079s] (5474/5512) phase-engine game::visibility::tests::pending_cast_remains_visible_to_non_caster_during_mode_choice
        PASS [   0.042s] (5475/5512) phase-engine game::visibility::tests::public_reveal_memory_keeps_opponent_hand_card_visible
        PASS [   0.091s] (5476/5512) phase-engine game::visibility::tests::paused_cost_move_resume_is_server_authoritative_for_unauthorized_viewers
        PASS [   0.091s] (5477/5512) phase-engine game::visibility::tests::pending_cast_remains_visible_to_non_caster_during_mana_payment
        PASS [   0.092s] (5478/5512) phase-engine game::visibility::tests::pending_cast_remains_visible_to_non_caster_during_choose_x_value
        PASS [   0.099s] (5479/5512) phase-engine game::visibility::tests::parked_discard_batch_is_absent_from_every_viewer_projection
        PASS [   0.045s] (5480/5512) phase-engine game::visibility::tests::r1j_a_controlling_player_sees_the_controlled_seats_decision_template
        PASS [   0.054s] (5481/5512) phase-engine game::visibility::tests::public_reveal_memory_does_not_expose_library_order
        PASS [   0.033s] (5482/5512) phase-engine game::visibility::tests::redacts_private_stack_resolution_session_from_every_viewer
        PASS [   0.064s] (5483/5512) phase-engine game::visibility::tests::r1k_a_public_subject_ahead_of_a_hidden_one_in_a_ranking_still_drops_the_declaration
        PASS [   0.044s] (5484/5512) phase-engine game::visibility::tests::redacts_rng_seed_from_every_viewer
        PASS [   0.064s] (5485/5512) phase-engine game::visibility::tests::redacted_search_choice_preserves_ordering_hint
        PASS [   0.050s] (5486/5512) phase-engine game::visibility::tests::revealing_a_chosen_number_preserves_value_and_tolerates_non_choosers
        PASS [   0.054s] (5487/5512) phase-engine game::visibility::tests::scoped_library_search_redacts_prior_selection_and_current_candidates_per_viewer
        PASS [   0.056s] (5488/5512) phase-engine game::visibility::tests::scoped_hidden_search_uses_latched_audience_after_live_control_changes
        PASS [   0.060s] (5489/5512) phase-engine game::visibility::tests::search_choice_is_hidden_from_non_controller
        PASS [   0.066s] (5490/5512) phase-engine game::visibility::tests::scry_choice_is_visible_to_its_player_but_not_an_opponent
        PASS [   0.076s] (5491/5512) phase-engine game::visibility::tests::replacement_choice_redacts_hidden_candidate_source_for_non_actor
        PASS [   0.046s] (5492/5512) phase-engine game::visibility::tests::surveil_choice_is_visible_to_its_player_but_not_an_opponent
        PASS [   0.074s] (5493/5512) phase-engine game::visibility::tests::search_choice_is_visible_to_turn_controller
        PASS [   0.077s] (5494/5512) phase-engine game::visibility::tests::search_found_batch_is_visible_only_to_searcher
        PASS [   0.072s] (5495/5512) phase-engine game::visibility::tests::supplementary_deck_cards_are_hidden_from_all_viewers
        PASS [   0.097s] (5496/5512) phase-engine game::visibility::tests::replacement_choice_shared_team_turn_controller_receives_private_continuation
        PASS [   0.059s] (5497/5512) phase-engine game::visibility::tests::the_authority_hides_an_opponents_hand_card_and_leaves_the_viewers_own_alone
        PASS [   0.043s] (5498/5512) phase-engine game::visibility::tests::the_cast_exemption_asks_about_an_ordinary_announcement_not_a_madness_one
        PASS [   0.068s] (5499/5512) phase-engine game::visibility::tests::the_authority_hides_every_library_including_the_viewers_own
        PASS [   0.055s] (5500/5512) phase-engine game::visibility::tests::the_cast_exemption_leaves_the_two_sided_face_down_pair_alone
        PASS [   0.062s] (5501/5512) phase-engine game::visibility::tests::the_cast_exemption_drops_only_the_library_card_the_gate_admits
        PASS [   0.063s] (5502/5512) phase-engine game::visibility::tests::the_cast_exemption_does_not_reach_a_viewer_without_private_access
        PASS [   0.051s] (5503/5512) phase-engine game::visibility::tests::the_offer_carrier_keeps_a_declaration_whose_slot_source_its_schema_copublishes
        PASS [   0.055s] (5504/5512) phase-engine game::visibility::tests::the_cast_exemption_refuses_a_grant_that_names_no_grantee
        PASS [   0.041s] (5505/5512) phase-engine game::visibility::tests::unless_payment_projection_redacts_private_iteration_members
        PASS [   0.056s] (5506/5512) phase-engine game::visibility::tests::trigger_target_selection_event_context_redacts_by_trigger_controller
        PASS [   0.044s] (5507/5512) phase-engine game::visibility::tests::viewer_projection_omits_resolution_frames_and_preserves_named_choice_authority
        PASS [   0.060s] (5508/5512) phase-engine game::visibility::tests::triggered_mana_sidecar_and_construction_recipient_are_erased_from_every_viewer
        PASS [   0.027s] (5509/5512) phase-engine game::visibility::tests::viewer_projection_redacts_private_cube_booster_pool
        PASS [   8.870s] (5510/5512) phase-engine game::engine::tests::walking_ballista_db_load_path_enters_with_x_counters
        PASS [   8.265s] (5511/5512) phase-engine game::layers::tests::jaheira_grants_mana_ability_to_noncreature_tokens_you_control
        PASS [  38.367s] (5512/5512) phase-engine game::effects::token::tests::no_catalog_preset_leaks_the_placeholder_into_unparsed_lines
────────────
     Summary [  74.274s] 5512 tests run: 5512 passed, 17649 skipped
done rc=0
