   Compiling phase-engine v0.101.0 (/home/lgray/vibe-coding/dandan-run/wt-dandan/crates/engine)
    Finished `test` profile [unoptimized + debuginfo] target(s) in 43.85s
────────────
 Nextest run ID dab2ccef-fe62-4b18-8221-21f54ca869f9 with nextest profile: default
    Starting 1042 tests across 1 binary (8266 tests skipped)
        PASS [   0.044s] (   1/1042) phase-engine::integration ability_cost_block_readout::graveyard_activated_abilities_are_read_out
        PASS [   0.046s] (   2/1042) phase-engine::integration ark_of_hunger_play_from_graveyard_751::exiled_card_with_play_permission_stays_on_exile_path
        PASS [   0.099s] (   3/1042) phase-engine::integration announced_target_set_placement::conjurers_bauble_declined_target_with_nonempty_graveyard_resolves_as_noop
        PASS [   0.102s] (   4/1042) phase-engine::integration ark_of_hunger_play_from_graveyard_751::milled_card_is_castable_from_graveyard
        PASS [   0.106s] (   5/1042) phase-engine::integration ark_of_hunger_play_from_graveyard_751::graveyard_play_permission_is_pruned_at_end_of_turn
        PASS [   0.121s] (   6/1042) phase-engine::integration announced_target_set_placement::gravepurge_with_empty_graveyard_resolves_and_still_draws
        PASS [   0.128s] (   7/1042) phase-engine::integration announced_target_set_placement::misinformation_places_all_chosen_cards_into_that_opponents_library
        PASS [   0.148s] (   8/1042) phase-engine::integration announced_target_set_placement::conjurers_bauble_with_empty_graveyard_activates_and_still_draws
        PASS [   0.125s] (   9/1042) phase-engine::integration ark_of_hunger_play_from_graveyard_751::milled_land_is_playable_via_land_path_not_cast_path
        PASS [   0.173s] (  10/1042) phase-engine::integration announce_locked_x_runtime::aether_burst_locks_the_graveyard_count_at_cast
        PASS [   0.055s] (  11/1042) phase-engine::integration aurora_awakener_reveal_until_n_permanents::aurora_reveals_until_two_permanents_keeps_one_rest_to_bottom
        PASS [   0.086s] (  12/1042) phase-engine::integration ashes_of_the_fallen_owner_scope_5864::ashes_grants_chosen_type_in_owner_graveyard_by_ownership_not_control
        PASS [   0.063s] (  13/1042) phase-engine::integration aurora_awakener_reveal_until_n_permanents::aurora_with_zero_colors_reveals_nothing
        PASS [   0.047s] (  14/1042) phase-engine::integration aurora_awakener_reveal_until_n_permanents::default_count_keep_each_preserves_single_hit_behavior
        PASS [   0.204s] (  15/1042) phase-engine::integration all_player_library_wheel::echo_of_eons_scopes_every_origin_shuffle_and_draw_to_each_player
        PASS [   0.216s] (  16/1042) phase-engine::integration additional_phase_recipient_kinds::scry_parked_continuation_preserves_pruned_child_target_evidence
        PASS [   0.122s] (  17/1042) phase-engine::integration athreos_god_of_passage_targeted_opponent_unless_pay::athreos_chosen_opponent_pays_keeps_creature_in_graveyard
        PASS [   0.230s] (  18/1042) phase-engine::integration arashin_sovereign_self_tuck::stolen_arashin_sovereign_controller_chooses_owner_library_position
        PASS [   0.251s] (  19/1042) phase-engine::integration a_sigil_of_myrkul::a_sigil_guard_counts_only_its_controllers_graveyard_after_milling
        PASS [   0.052s] (  20/1042) phase-engine::integration banon_kagha_graveyard_pool_permission::comma_separated_pool_qualifier_declines_rather_than_reading_as_absent
        PASS [   0.253s] (  21/1042) phase-engine::integration armored_kincaller_or_condition::declined_reveal_no_dinosaur_gains_no_life
        PASS [   0.158s] (  22/1042) phase-engine::integration avalanche_of_sector_7_activation_trigger::a_graveyard_activation_never_reads_stale_battlefield_lki
        PASS [   0.144s] (  23/1042) phase-engine::integration banon_kagha_graveyard_pool_permission::banon_reads_the_current_incarnation_through_the_real_move_pipeline
        PASS [   0.054s] (  24/1042) phase-engine::integration banon_kagha_graveyard_pool_permission::karador_bare_graveyard_anchor_is_unchanged
        PASS [   0.180s] (  25/1042) phase-engine::integration baldurs_gate_wilderness::room_13_balthazars_lab_returns_two_creatures_from_graveyard
        PASS [   0.116s] (  26/1042) phase-engine::integration banon_kagha_graveyard_pool_permission::kagha_pool_qualifier_scopes_each_branch_of_the_disjunction
        PASS [   0.147s] (  27/1042) phase-engine::integration banon_kagha_graveyard_pool_permission::kagha_play_half_authorizes_a_library_origin_land_at_the_play_action
        PASS [   0.075s] (  28/1042) phase-engine::integration banon_kagha_graveyard_pool_permission::pool_qualifier_without_a_time_phrase_declines
        PASS [   0.231s] (  29/1042) phase-engine::integration balance_library_of_leng_multi_discard_7510::balance_multi_discard_routes_both_cards_to_library_top_when_leng_is_accepted
        PASS [   0.239s] (  30/1042) phase-engine::integration balance_library_of_leng_multi_discard_7510::balance_multi_discard_completes_when_library_of_leng_is_declined
        PASS [   0.323s] (  31/1042) phase-engine::integration armored_kincaller_or_condition::declined_reveal_still_gains_life_when_controlling_another_dinosaur
        PASS [   0.267s] (  32/1042) phase-engine::integration banon_kagha_graveyard_pool_permission::banon_pool_qualifier_lowers_to_arrival_plus_origin_exclusion
        PASS [   0.475s] (  33/1042) phase-engine::integration ancient_brass_dragon_roll_d20::ancient_brass_dragon_under_cap_reanimates_from_graveyard
        PASS [   0.252s] (  34/1042) phase-engine::integration banon_kagha_graveyard_pool_permission::kagha_composite_filter_pool_is_enforced_at_runtime
        PASS [   0.088s] (  35/1042) phase-engine::integration blitz_em_dash_graveyard_cast::a_required_cast_method_survives_persistence
        PASS [   0.312s] (  36/1042) phase-engine::integration banon_kagha_graveyard_pool_permission::banon_offers_only_this_turn_non_battlefield_arrivals
        PASS [   0.134s] (  37/1042) phase-engine::integration blitz_em_dash_graveyard_cast::a_keyword_selector_permission_admits_the_printed_cast
        PASS [   0.176s] (  38/1042) phase-engine::integration banon_kagha_graveyard_pool_permission::raul_unmodeled_pool_qualifier_declines_instead_of_offering_the_whole_graveyard
        PASS [   0.069s] (  39/1042) phase-engine::integration blitz_em_dash_graveyard_cast::bestow_blocked_by_a_spent_slot_still_leaves_the_printed_cast
        PASS [   0.056s] (  40/1042) phase-engine::integration blitz_em_dash_graveyard_cast::bestow_from_graveyard_under_muldrotha_spends_its_enchantment_slot
        PASS [   0.082s] (  41/1042) phase-engine::integration blitz_em_dash_graveyard_cast::bestow_declined_from_graveyard_takes_the_slot_prompt
        PASS [   0.150s] (  42/1042) phase-engine::integration blitz_em_dash_graveyard_cast::a_resolution_created_permissions_counter_rider_applies
        PASS [   0.348s] (  43/1042) phase-engine::integration banon_kagha_graveyard_pool_permission::eye_of_duskmantle_unrecognized_qualifier_shape_declines
        PASS [   0.089s] (  44/1042) phase-engine::integration blitz_em_dash_graveyard_cast::bestow_onto_a_creature_with_protection_from_creatures_is_offered
        PASS [   0.086s] (  45/1042) phase-engine::integration blitz_em_dash_graveyard_cast::bestow_onto_a_creature_with_protection_from_enchantments_is_not_offered
        PASS [   0.171s] (  46/1042) phase-engine::integration blitz_em_dash_graveyard_cast::a_resolution_created_permissions_counter_rider_applies_after_its_source_is_gone
        PASS [   0.186s] (  47/1042) phase-engine::integration blitz_em_dash_graveyard_cast::a_resolution_created_permission_without_a_rider_adds_no_counter
        PASS [   0.204s] (  48/1042) phase-engine::integration blitz_em_dash_graveyard_cast::a_printed_option_through_a_blitz_only_permission_is_refused
        PASS [   0.150s] (  49/1042) phase-engine::integration blitz_em_dash_graveyard_cast::bestow_onto_terror_is_not_offered_when_its_tax_is_unpayable
        PASS [   0.166s] (  50/1042) phase-engine::integration blitz_em_dash_graveyard_cast::bestow_onto_terror_is_not_offered_when_its_discard_tax_has_no_card
        PASS [   0.138s] (  51/1042) phase-engine::integration blitz_em_dash_graveyard_cast::bestow_onto_terror_with_a_defiler_is_not_offered_when_its_total_life_is_unpayable
        PASS [   0.182s] (  52/1042) phase-engine::integration blitz_em_dash_graveyard_cast::bestow_onto_terror_with_a_defiler_completes_through_the_offered_cast
        PASS [   0.136s] (  53/1042) phase-engine::integration blitz_em_dash_graveyard_cast::blitz_charges_only_the_elected_permissions_extra_cost
        PASS [   0.078s] (  54/1042) phase-engine::integration blitz_em_dash_graveyard_cast::blitz_is_not_cast_through_a_permission_requiring_another_method
        PASS [   0.197s] (  55/1042) phase-engine::integration blitz_em_dash_graveyard_cast::bestow_onto_terror_with_its_tax_payable_completes
        PASS [   0.232s] (  56/1042) phase-engine::integration blitz_em_dash_graveyard_cast::bestow_onto_terror_with_a_defiler_is_offered_when_its_total_life_is_payable
        PASS [   0.269s] (  57/1042) phase-engine::integration blitz_em_dash_graveyard_cast::bestow_onto_terror_with_a_card_for_its_discard_tax_completes
        PASS [   0.227s] (  58/1042) phase-engine::integration blitz_em_dash_graveyard_cast::bestow_with_a_tax_free_target_is_offered_and_enchanting_terror_is_refused_at_payment
        PASS [   0.474s] (  59/1042) phase-engine::integration battle_of_wits::battle_of_wits_rechecks_library_count_on_resolution
        PASS [   0.125s] (  60/1042) phase-engine::integration blitz_em_dash_graveyard_cast::blitz_with_a_declined_defiler_pays_its_full_cost_and_rider
        PASS [   0.275s] (  61/1042) phase-engine::integration blitz_em_dash_graveyard_cast::bestow_without_a_residual_pays_terrors_tax_alongside_the_defiler
        PASS [   0.096s] (  62/1042) phase-engine::integration blitz_em_dash_graveyard_cast::blitz_with_a_defiler_and_a_required_life_cost_is_not_offered_when_unpayable
        PASS [   0.144s] (  63/1042) phase-engine::integration blitz_em_dash_graveyard_cast::breach_offers_escape_and_blitz_but_no_printed_permission_option
        PASS [   0.164s] (  64/1042) phase-engine::integration blitz_em_dash_graveyard_cast::blitz_with_a_non_mana_rider_offers_a_matching_defiler
        PASS [   0.147s] (  65/1042) phase-engine::integration blitz_em_dash_graveyard_cast::breach_with_unpayable_escape_auto_routes_to_blitz
        PASS [   0.405s] (  66/1042) phase-engine::integration blitz_em_dash_graveyard_cast::blitz_from_graveyard_keeps_the_permissions_enters_with_counter_rider
        PASS [   0.062s] (  67/1042) phase-engine::integration blitz_em_dash_graveyard_cast::graveyard_bestow_without_its_mana_is_not_a_legal_action
        PASS [   0.081s] (  68/1042) phase-engine::integration blitz_em_dash_graveyard_cast::graveyard_bestow_only_permission_offers_a_payable_bestow
        PASS [   0.183s] (  69/1042) phase-engine::integration blitz_em_dash_graveyard_cast::compound_bestow_offers_a_matching_defiler_and_still_collects_evidence
        PASS [   0.098s] (  70/1042) phase-engine::integration blitz_em_dash_graveyard_cast::graveyard_bestow_only_permission_does_not_admit_an_affordable_printed_cost
        PASS [   0.308s] (  71/1042) phase-engine::integration blitz_em_dash_graveyard_cast::blitz_with_a_defiler_and_a_required_life_cost_is_not_offered_through_the_defiler
        PASS [   0.056s] (  72/1042) phase-engine::integration blitz_em_dash_graveyard_cast::graveyard_blitz_one_mana_short_is_not_a_legal_action
        PASS [   0.052s] (  73/1042) phase-engine::integration blitz_em_dash_graveyard_cast::graveyard_mutate_only_permission_is_an_honest_gap
        PASS [   0.067s] (  74/1042) phase-engine::integration blitz_em_dash_graveyard_cast::graveyard_blitz_only_permission_does_not_admit_an_affordable_printed_cost
        PASS [   0.107s] (  75/1042) phase-engine::integration blitz_em_dash_graveyard_cast::graveyard_blitz_affordable_only_for_its_blitz_cost_is_a_legal_action
        PASS [   0.058s] (  76/1042) phase-engine::integration blitz_em_dash_graveyard_cast::graveyard_blitz_only_permission_offers_a_payable_blitz
        PASS [   0.069s] (  77/1042) phase-engine::integration blitz_em_dash_graveyard_cast::graveyard_printed_cost_is_admitted_by_an_unconstrained_permission
        PASS [   0.279s] (  78/1042) phase-engine::integration blitz_em_dash_graveyard_cast::graveyard_bestow_affordable_only_for_its_bestow_cost_is_a_legal_action
        PASS [   0.496s] (  79/1042) phase-engine::integration blitz_em_dash_graveyard_cast::blitz_from_graveyard_under_muldrotha_spends_its_creature_slot
        PASS [   0.520s] (  80/1042) phase-engine::integration blitz_em_dash_graveyard_cast::blitz_keeps_its_elected_permission_when_the_source_leaves_mid_payment
        PASS [   0.087s] (  81/1042) phase-engine::integration blitz_em_dash_graveyard_cast::sabin_graveyard_blitz_charges_blitz_cost_and_discards
        PASS [   0.625s] (  82/1042) phase-engine::integration blitz_em_dash_graveyard_cast::blitz_from_graveyard_under_a_resolution_created_permission_is_not_refused
        PASS [   0.123s] (  83/1042) phase-engine::integration blitz_em_dash_graveyard_cast::omniscience_menu_offers_bestow_onto_a_creature_with_protection_from_creatures
        PASS [   0.515s] (  84/1042) phase-engine::integration blitz_em_dash_graveyard_cast::blitz_under_broodship_alone_charges_its_land_sacrifice
        PASS [   0.155s] (  85/1042) phase-engine::integration blitz_em_dash_graveyard_cast::printed_cast_commits_to_an_open_permission_scanned_after_a_restricted_one
        PASS [   0.169s] (  86/1042) phase-engine::integration blitz_em_dash_graveyard_cast::menu_keeps_an_unresolved_life_amount_as_an_expression
        PASS [   0.166s] (  87/1042) phase-engine::integration blitz_em_dash_graveyard_cast::menu_resolves_a_previewable_life_amount
        PASS [   0.174s] (  88/1042) phase-engine::integration blitz_em_dash_graveyard_cast::omniscience_menu_offers_no_bestow_onto_a_creature_with_protection_from_enchantments
        PASS [   0.066s] (  89/1042) phase-engine::integration blitz_em_dash_graveyard_cast::underdog_graveyard_blitz_charges_blitz_cost_and_pays_life
        PASS [   0.095s] (  90/1042) phase-engine::integration bolas_citadel_regression::bolas_citadel_library_top_skips_mana_and_surfaces_cast
        PASS [   0.481s] (  91/1042) phase-engine::integration blitz_em_dash_graveyard_cast::broodship_below_its_station_threshold_admits_no_graveyard_cast
        PASS [   0.140s] (  92/1042) phase-engine::integration bolas_citadel_regression::bolas_citadel_library_top_cast_enters_targeting_not_mana_payment
        PASS [   0.116s] (  93/1042) phase-engine::integration booster_tutor_open_pack::booster_tutor_opens_a_pack_and_offers_every_revealed_card
        PASS [   0.163s] (  94/1042) phase-engine::integration blitz_em_dash_graveyard_cast::warp_and_sneak_graveyard_permissions_are_honest_gaps
        PASS [   0.181s] (  95/1042) phase-engine::integration bolas_citadel_regression::bolas_citadel_library_top_not_castable_without_life
        PASS [   0.147s] (  96/1042) phase-engine::integration booster_tutor_open_pack::original_cube_load_reveal_and_selection_use_fifteen_physical_entries
        PASS [   0.159s] (  97/1042) phase-engine::integration borg_queen_assimilate::assimilate_discriminates_an_opponents_graveyard_from_its_own_controllers
        PASS [   0.654s] (  98/1042) phase-engine::integration blitz_em_dash_graveyard_cast::blitz_with_a_required_life_cost_completes_without_the_defiler
        PASS [   0.186s] (  99/1042) phase-engine::integration borg_queen_assimilate::assimilate_discriminates_a_creature_card_from_a_land_in_the_same_graveyard
        PASS [   0.134s] ( 100/1042) phase-engine::integration breathless_knight_graveyard_origin::creature_cast_from_hand_does_not_grow_the_knight
        PASS [   0.220s] ( 101/1042) phase-engine::integration bolas_citadel_regression::bolas_citadel_static_carries_library_alt_cost
        PASS [   0.115s] ( 102/1042) phase-engine::integration breathless_knight_graveyard_origin::knight_cast_from_hand_does_not_grow_itself
        PASS [   0.176s] ( 103/1042) phase-engine::integration breathless_knight_graveyard_origin::creature_cast_from_graveyard_grows_the_knight
        PASS [   0.359s] ( 104/1042) phase-engine::integration blitz_em_dash_graveyard_cast::space_form_blitz_alone_does_not_allow_graveyard_cast
        PASS [   0.156s] ( 105/1042) phase-engine::integration breathless_knight_graveyard_origin::knight_cast_from_graveyard_grows_itself
        PASS [   0.063s] ( 106/1042) phase-engine::integration cascade_intervening_if_pipeline::cascade_trigger_resolves_through_pipeline_and_exiles_hit
        PASS [   0.128s] ( 107/1042) phase-engine::integration breathless_knight_graveyard_origin::parses_that_creature_split_a_graveyard_form
        PASS [   0.078s] ( 108/1042) phase-engine::integration cast_during_resolution_pipeline::cascade_accept_casts_hit_during_resolution
        PASS [   0.078s] ( 109/1042) phase-engine::integration cast_during_resolution_pipeline::cascade_hit_cast_triggers_fire_during_resolution
        PASS [   0.151s] ( 110/1042) phase-engine::integration calamity_of_the_titans_reveal_cost::reveal_cost_prompts_and_exiles_by_revealed_mana_value
        PASS [   0.177s] ( 111/1042) phase-engine::integration breathless_knight_graveyard_origin::reanimated_creature_grows_the_knight
        PASS [   0.101s] ( 112/1042) phase-engine::integration cast_during_resolution_pipeline::cascade_decline_bottoms_hit_and_misses
        PASS [   0.456s] ( 113/1042) phase-engine::integration blitz_em_dash_graveyard_cast::unconstrained_graveyard_permission_still_offers_printed_cost_choice
        PASS [   0.239s] ( 114/1042) phase-engine::integration breathless_knight_graveyard_origin::opponent_owned_creature_reanimated_under_your_control_grows_knight
        PASS [   0.108s] ( 115/1042) phase-engine::integration cast_during_resolution_pipeline::discover_accept_hit_mv_equals_n_casts_to_stack
        PASS [   0.110s] ( 116/1042) phase-engine::integration cast_during_resolution_pipeline::discover_decline_sends_hit_to_hand
        PASS [   0.043s] ( 117/1042) phase-engine::integration cda_counted_quantities_pt::subgoyf_invalidated_by_graveyard_move
        PASS [   0.174s] ( 118/1042) phase-engine::integration cast_during_resolution_pipeline::cascade_hit_with_spell_ability_casts_during_resolution
        PASS [   0.039s] ( 119/1042) phase-engine::integration chaos_warp_owner_library::chaos_warp_reveals_target_owners_library_and_moves_revealed_permanent
        PASS [   0.101s] ( 120/1042) phase-engine::integration chaos_warp_owner_library::chaos_warp_revealed_nonpermanent_owner_top_does_not_enter
        PASS [   0.121s] ( 121/1042) phase-engine::integration cast_during_resolution_pipeline::two_thrumming_stones_preserve_two_ripple_instances
        PASS [   0.052s] ( 122/1042) phase-engine::integration codie_turn14_effect_zone_wedge::a2_exile_resident_member_relocates_to_library_top
        PASS [   0.171s] ( 123/1042) phase-engine::integration chittering_rats::chittering_rats_etb_prompts_target_opponent_and_moves_card_to_top_of_library
        PASS [   0.261s] ( 124/1042) phase-engine::integration cast_during_resolution_pipeline::thrumming_stone_ripple_retriggers_for_each_cast_rat_colony
        PASS [   0.297s] ( 125/1042) phase-engine::integration cast_during_resolution_pipeline::thrumming_stone_terminal_ripple_waits_through_bottom_replacement_choice
        PASS [   0.302s] ( 126/1042) phase-engine::integration cast_during_resolution_pipeline::terminal_ripple_replacement_resume_collects_distinct_spell_cast_observer
        PASS [   0.059s] ( 127/1042) phase-engine::integration consuming_vapors_rebound::rebound_fizzles_to_graveyard_without_arming
        PASS [   0.206s] ( 128/1042) phase-engine::integration cleave_text_changing_cost::dig_up_base_searches_basic_land_and_reveals
        PASS [   0.084s] ( 129/1042) phase-engine::integration cosmic_intervention_graveyard_redirect::bare_card_or_token_subject_stays_unfiltered
        PASS [   0.218s] ( 130/1042) phase-engine::integration cleave_text_changing_cost::dig_up_cleave_searches_any_card_without_reveal
        PASS [   0.185s] ( 131/1042) phase-engine::integration conditional_cost_reduction_3223::a_sewer_crocodile_cost_reduction_carries_graveyard_mana_value_condition
        PASS [   0.067s] ( 132/1042) phase-engine::integration cosmic_intervention_graveyard_redirect::permanent_subject_is_battlefield_scoped
        PASS [   0.183s] ( 133/1042) phase-engine::integration cosmic_intervention_graveyard_redirect::cosmic_intervention_parses_as_a_windowed_resolution_install
        PASS [   0.233s] ( 134/1042) phase-engine::integration cosmic_intervention_graveyard_redirect::commander_exiled_this_way_is_offered_the_command_zone_from_exile
        PASS [   0.077s] ( 135/1042) phase-engine::integration cosmic_intervention_graveyard_redirect::stated_origin_and_consequent_parse_on_a_printed_static
        PASS [   0.049s] ( 136/1042) phase-engine::integration cosmic_intervention_graveyard_redirect::subject_type_phrase_scopes_a_board_wide_graveyard_redirect
        PASS [   0.078s] ( 137/1042) phase-engine::integration cost_zone_pipeline::cascade_bottom_batch_pauses_for_library_redirect_before_completion
        PASS [   0.104s] ( 138/1042) phase-engine::integration cosmic_intervention_graveyard_redirect::token_only_antecedent_claims_tokens_and_spares_cards
        PASS [   0.389s] ( 139/1042) phase-engine::integration cosmic_intervention_graveyard_redirect::cosmic_intervention_exiles_your_dying_permanent_instead_of_graveyard
        PASS [   0.419s] ( 140/1042) phase-engine::integration cosmic_intervention_graveyard_redirect::cosmic_intervention_does_not_shield_an_opponents_permanent
        PASS [   0.418s] ( 141/1042) phase-engine::integration cosmic_intervention_graveyard_redirect::cosmic_intervention_shield_ends_at_cleanup
        PASS [   0.097s] ( 142/1042) phase-engine::integration cost_zone_pipeline::commander_library_return_skips_library_arrival_and_shuffle_when_replaced
        PASS [   0.181s] ( 143/1042) phase-engine::integration cost_zone_pipeline::cascade_exile_loop_stays_synchronous_without_replacements
        PASS [   0.130s] ( 144/1042) phase-engine::integration cost_zone_pipeline::commit_honors_moved_redirect_to_library_battlefield_and_graveyard
        PASS [   0.241s] ( 145/1042) phase-engine::integration cost_zone_pipeline::cascade_library_exile_redirect_pauses_before_hit_tail
        PASS [   0.064s] ( 146/1042) phase-engine::integration cost_zone_pipeline::commit_with_prevented_exile_keeps_fuel_in_graveyard_and_casts
        PASS [   0.572s] ( 147/1042) phase-engine::integration cosmic_intervention_graveyard_redirect::cosmic_intervention_returns_the_exiled_permanent_at_the_next_end_step
        PASS [   0.064s] ( 148/1042) phase-engine::integration cost_zone_pipeline::dig_deferred_reveal_rest_pile_repauses_and_completes_once
        PASS [   0.068s] ( 149/1042) phase-engine::integration cost_zone_pipeline::dig_rest_pile_library_redirect_pauses_before_tracked_set_publish
        PASS [   0.063s] ( 150/1042) phase-engine::integration cost_zone_pipeline::discover_declined_hit_to_hand_redirect_pauses_before_tail
        PASS [   0.108s] ( 151/1042) phase-engine::integration cost_zone_pipeline::discover_bottom_batch_pauses_before_its_hit_and_continuation_complete
        PASS [   0.068s] ( 152/1042) phase-engine::integration cost_zone_pipeline::discover_declined_miss_and_hit_redirects_pause_in_order
        PASS [   0.267s] ( 153/1042) phase-engine::integration cost_zone_pipeline::commit_two_parking_fuel_keeps_both_fuels_leaves_graveyard_trigger
        PASS [   0.052s] ( 154/1042) phase-engine::integration cost_zone_pipeline::drawn_this_turn_topdeck_preserves_selected_library_order
        PASS [   0.318s] ( 155/1042) phase-engine::integration cost_zone_pipeline::commit_parking_on_first_fuel_keeps_second_fuels_leaves_graveyard_trigger
        PASS [   0.117s] ( 156/1042) phase-engine::integration cost_zone_pipeline::discover_rejected_cast_hit_to_hand_redirect_pauses_before_priority
        PASS [   0.100s] ( 157/1042) phase-engine::integration cost_zone_pipeline::discover_rejected_cast_without_redirect_stays_synchronous
        PASS [   0.593s] ( 158/1042) phase-engine::integration cosmic_intervention_graveyard_redirect::ugins_nexus_redirect_queues_the_extra_turn_for_its_controller
        PASS [   0.356s] ( 159/1042) phase-engine::integration cost_zone_pipeline::commit_parking_on_second_fuel_keeps_first_fuels_leaves_graveyard_trigger
        PASS [   0.093s] ( 160/1042) phase-engine::integration cost_zone_pipeline::effect_pay_cost_rider_waits_for_scry_post_effect_before_typed_root_settles
        PASS [   0.074s] ( 161/1042) phase-engine::integration cost_zone_pipeline::effect_zone_put_at_library_position_rejects_duplicate_selection
        PASS [   0.079s] ( 162/1042) phase-engine::integration cost_zone_pipeline::library_effect_placements_stay_synchronous_without_redirects
        PASS [   0.099s] ( 163/1042) phase-engine::integration cost_zone_pipeline::effect_zone_put_at_library_position_mixed_sources_preserves_legacy_library_order
        PASS [   0.112s] ( 164/1042) phase-engine::integration cost_zone_pipeline::mana_cost_scry_post_effect_serializes_until_answered_then_resumes_root_once
        PASS [   0.128s] ( 165/1042) phase-engine::integration counter_spell_zone_redirect::plain_counter_still_sends_countered_spell_to_graveyard
        PASS [   0.150s] ( 166/1042) phase-engine::integration counter_spell_zone_redirect::memory_lapse_redirects_countered_spell_to_library_top
        PASS [   0.121s] ( 167/1042) phase-engine::integration cr605_1a_library_criterion::chromatic_sphere_is_not_offered_as_an_instant_speed_mana_source
        PASS [   0.182s] ( 168/1042) phase-engine::integration counter_spell_zone_redirect::spell_crumple_redirects_countered_spell_to_library_bottom
        PASS [   0.190s] ( 169/1042) phase-engine::integration cr605_1a_library_criterion::burning_tree_shaman_now_sees_a_chromatic_sphere_activation
        PASS [   0.278s] ( 170/1042) phase-engine::integration cost_zone_pipeline::village_rites_sacrifice_cost_pauses_for_competing_graveyard_replacements
        PASS [   0.071s] ( 171/1042) phase-engine::integration cr605_1a_library_criterion::raggadragga_no_longer_pumps_a_mill_cost_mana_creature
        PASS [   0.115s] ( 172/1042) phase-engine::integration cr605_1a_library_criterion::chromatic_sphere_waits_on_the_stack_before_producing
        PASS [   0.140s] ( 173/1042) phase-engine::integration cr605_1a_library_criterion::chromatic_sphere_produces_mana_and_draws_through_the_stack
        PASS [   0.034s] ( 174/1042) phase-engine::integration custom_format_schema::companion_reveal_check_does_not_panic_for_an_in_memory_custom_format_config
        PASS [   0.030s] ( 175/1042) phase-engine::integration custom_format_schema::from_lobby_config_rejects_dandan_source
        PASS [   0.130s] ( 176/1042) phase-engine::integration curse_of_thirst_attached_count::curse_of_surveillance_target_exclusion_fails_closed
        PASS [   0.417s] ( 177/1042) phase-engine::integration counter_rider_tail_8762::thranduils_decree_sends_a_countered_instant_to_the_graveyard_without_provenance_or_permission
        PASS [   0.197s] ( 178/1042) phase-engine::integration cruel_revival_destroy_and_return_5281::cruel_revival_destroys_creature_and_returns_graveyard_zombie
        PASS [   0.161s] ( 179/1042) phase-engine::integration curse_upkeep_triggers::curse_of_surveillance_fires_at_upkeep
        PASS [   0.538s] ( 180/1042) phase-engine::integration curse_misc_triggers::fraying_sanity_mills_cards_put_into_graveyard_this_turn
        PASS [   4.253s] ( 181/1042) phase-engine::integration ajani_nacatl_pariah_co_departure_6427::ajani_stays_in_graveyard_when_co_departure_trigger_declined
        PASS [   4.420s] ( 182/1042) phase-engine::integration ajani_nacatl_pariah_co_departure_6427::ajani_stays_in_graveyard_when_co_departing_with_dying_cat
        PASS [   3.818s] ( 183/1042) phase-engine::integration call_forth_tempest_and_rootha::call_forth_real_card_cast_puts_two_cascade_triggers_on_the_stack
        PASS [   3.947s] ( 184/1042) phase-engine::integration cast_during_resolution_pipeline::surging_dementia_ripple_reveal_offer_then_controller_orders_bottom
        PASS [   4.056s] ( 185/1042) phase-engine::integration cast_during_resolution_pipeline::surging_flame_ripple_decline_reveal_leaves_library_untouched
        PASS [   5.655s] ( 186/1042) phase-engine::integration best_of_three_ceiling::r1_dandan_bo3_plays_as_bo1_and_never_enters_between_games
        PASS [   4.897s] ( 187/1042) phase-engine::integration cast_during_resolution_pipeline::surging_flame_ripple_no_match_routes_through_bottom_order
        PASS [   5.353s] ( 188/1042) phase-engine::integration chain_of_smog_copy::chain_of_smog_discard_choice_resumes_selected_tail_after_library_of_leng
        PASS [   4.778s] ( 189/1042) phase-engine::integration dandan_read_sweep::v15_clash_reveals_the_pile_top_for_either_seat
        PASS [   4.757s] ( 190/1042) phase-engine::integration dandan_read_sweep::v15_clash_reveals_the_top_card_of_a_standard_library
        PASS [   6.024s] ( 191/1042) phase-engine::integration dandan_read_sweep::v2_predict_mills_the_pile_for_either_target_and_counts_the_name
        PASS [   5.905s] ( 192/1042) phase-engine::integration dandan_read_sweep::v3_accumulated_knowledge_counts_the_shared_graveyard_once
        PASS [   5.675s] ( 193/1042) phase-engine::integration dandan_read_sweep::v3_brainstorm_draws_from_and_puts_back_onto_the_pile
        PASS [   6.842s] ( 194/1042) phase-engine::integration dandan_read_sweep::v2_mental_note_mills_the_top_two_of_the_pile
        PASS [   8.832s] ( 195/1042) phase-engine::integration call_forth_tempest_and_rootha::call_forth_counts_cascade_casts_but_not_uncast_spell_copies
        PASS [   5.457s] ( 196/1042) phase-engine::integration dandan_read_sweep::v3_surgical_bay_draws_from_the_pile_and_is_sacrificed_into_it
        PASS [   4.415s] ( 197/1042) phase-engine::integration dandan_read_sweep::v4_fact_or_fiction_reveals_the_pile_front_five
        PASS [   9.375s] ( 198/1042) phase-engine::integration dandan_read_sweep::v10_debug_views_and_mill_act_on_the_pile
        PASS [   8.322s] ( 199/1042) phase-engine::integration dandan_read_sweep::v3_metamorphose_puts_the_target_on_top_of_the_owners_library
        PASS [   7.763s] ( 200/1042) phase-engine::integration dandan_read_sweep::v4_ethrimik_manifests_dread_from_the_pile_top_two
        PASS [   7.765s] ( 201/1042) phase-engine::integration dandan_read_sweep::v4_explore_over_an_empty_pile_adds_a_counter
        PASS [   7.444s] ( 202/1042) phase-engine::integration dandan_read_sweep::v4_grave_expectations_heists_the_opponents_pile
        PASS [   9.290s] ( 203/1042) phase-engine::integration dandan_read_sweep::v4_consider_surveils_the_pile_front_into_the_shared_graveyard
        PASS [   8.390s] ( 204/1042) phase-engine::integration dandan_read_sweep::v4_merfolk_branchwalker_explores_the_pile_top
        PASS [   6.855s] ( 205/1042) phase-engine::integration dandan_read_sweep::v4_opt_scries_the_pile_front_and_bottoms_it
        PASS [  13.188s] ( 206/1042) phase-engine::integration dandan_read_sweep::v1_telling_time_looks_at_the_pile_top_three_from_either_seat
        PASS [   7.909s] ( 207/1042) phase-engine::integration dandan_read_sweep::v4_nesting_instinct_seeks_the_land_in_the_pile
        PASS [   9.635s] ( 208/1042) phase-engine::integration dandan_read_sweep::v4_mirelurk_queen_rad_counters_mill_the_pile
        PASS [   7.846s] ( 209/1042) phase-engine::integration dandan_read_sweep::v4_reckless_impulse_exiles_the_pile_top_two
        PASS [   7.874s] ( 210/1042) phase-engine::integration dandan_read_sweep::v4_sifter_wurm_reveals_the_pile_top_for_life
        PASS [   8.347s] ( 211/1042) phase-engine::integration dandan_read_sweep::v4_sweet_gum_recluse_cascades_from_the_pile
        PASS [   7.270s] ( 212/1042) phase-engine::integration dandan_read_sweep::v4_treasure_hunt_reveals_the_pile_down_to_the_first_nonland
        PASS [   6.411s] ( 213/1042) phase-engine::integration dandan_read_sweep::v5_doomsday_searches_the_pile_library_and_graveyard
        PASS [   9.468s] ( 214/1042) phase-engine::integration dandan_read_sweep::v4_thrumming_stone_ripples_the_pile_front_four
        PASS [   8.423s] ( 215/1042) phase-engine::integration dandan_read_sweep::v4_trumpeting_carnosaur_discovers_from_the_pile
        PASS [   7.653s] ( 216/1042) phase-engine::integration dandan_read_sweep::v6_altar_of_the_wretched_crafts_from_the_pile_graveyard
        PASS [  11.765s] ( 217/1042) phase-engine::integration dandan_read_sweep::v4_tashas_hideous_laughter_exiles_the_opponents_pile_to_twenty
        PASS [   6.468s] ( 218/1042) phase-engine::integration dandan_read_sweep::v7_think_twice_flashback_is_offered_from_the_pile_graveyard
        PASS [   8.973s] ( 219/1042) phase-engine::integration dandan_read_sweep::v6_gruesome_menagerie_chooses_from_the_pile_graveyard
        PASS [   9.506s] ( 220/1042) phase-engine::integration dandan_read_sweep::v6_kylox_voltstrider_collects_evidence_from_the_pile_graveyard
        PASS [   0.081s] ( 221/1042) phase-engine::integration dandan_shared_pile_storage::shuffling_the_empty_seat_consumes_no_entropy
        PASS [   7.577s] ( 222/1042) phase-engine::integration dandan_read_sweep::v8_fblthp_offers_plot_for_a_nonland_pile_top_only
        PASS [   0.063s] ( 223/1042) phase-engine::integration dandan_shared_pile_storage::v14_wasm_boot_guard_reads_the_library_accessor
        PASS [   6.570s] ( 224/1042) phase-engine::integration dandan_read_sweep::v8_future_sight_reveals_and_casts_from_the_pile_top
        PASS [  12.648s] ( 225/1042) phase-engine::integration dandan_read_sweep::v5_parker_luck_reveals_the_pile_top_for_each_targeted_seat
        PASS [   9.479s] ( 226/1042) phase-engine::integration dandan_read_sweep::v6_organ_grinder_exiles_three_from_the_pile_graveyard
        PASS [  10.445s] ( 227/1042) phase-engine::integration dandan_read_sweep::v6_corpseberry_cultivator_forages_from_the_pile_graveyard
        PASS [  12.636s] ( 228/1042) phase-engine::integration dandan_read_sweep::v6_baron_helmut_zemo_boasts_by_exiling_black_cards_from_the_pile_graveyard
        PASS [   5.594s] ( 229/1042) phase-engine::integration dandan_read_sweep::v9_deep_spawn_pays_its_upkeep_mill_from_the_pile
        PASS [   7.177s] ( 230/1042) phase-engine::integration dandan_read_sweep::v8_sphinx_of_jwar_isle_lets_the_controller_see_the_pile_top
        PASS [  11.420s] ( 231/1042) phase-engine::integration dandan_read_sweep::v8_crown_of_convergence_offers_the_pile_to_bottom
        PASS [   9.002s] ( 232/1042) phase-engine::integration dandan_read_sweep::v8_soul_summons_manifests_the_pile_top_whoever_owns_it
        PASS [  12.622s] ( 233/1042) phase-engine::integration dandan_read_sweep::v7_crucible_of_worlds_plays_a_land_from_the_pile_graveyard
        PASS [   5.979s] ( 234/1042) phase-engine::integration dandan_read_sweep::v9_golgari_thug_dredge_reads_the_pile_size
        PASS [  12.072s] ( 235/1042) phase-engine::integration dandan_read_sweep::v8_mul_daya_channelers_reads_the_pile_top_type
        PASS [   9.649s] ( 236/1042) phase-engine::integration dandan_read_sweep::v9_eldritch_pact_counts_the_targets_pile_graveyard
        PASS [   6.287s] ( 237/1042) phase-engine::integration dandan_shared_pile_storage::v15_surveil_keeps_cards_on_top_of_the_pile_for_the_non_canonical_seat
        PASS [   6.801s] ( 238/1042) phase-engine::integration dandan_shared_pile_storage::v15_dig_choice_reorders_the_pile_for_the_non_canonical_seat
        PASS [   5.009s] ( 239/1042) phase-engine::integration dandan_shared_pile_storage::v5_v6_either_seat_cycles_from_and_into_the_shared_zones
        PASS [   8.969s] ( 240/1042) phase-engine::integration dandan_shared_pile_storage::v15_scry_choice_reorders_the_pile_for_the_non_canonical_seat
        PASS [   7.177s] ( 241/1042) phase-engine::integration dandan_shared_pile_storage::v2_fixed_list_resolves_against_the_real_database
        PASS [   0.183s] ( 242/1042) phase-engine::integration deferred_card_type_reflexive_guard::specialized_card_type_guard_draws_for_a_revealed_creature
        PASS [   0.351s] ( 243/1042) phase-engine::integration delayed_departure_lookback::delayed_surveil_that_many_uses_departure_counters
        PASS [  10.242s] ( 244/1042) phase-engine::integration dandan_shared_pile_storage::v10_pool_resolver_maps_both_seats_to_the_pile_holder
        PASS [   0.136s] ( 245/1042) phase-engine::integration demilich_helbrute_graveyard_exile_cost::demilich_graveyard_cast_blocked_without_four_exilable_cards
        PASS [   0.257s] ( 246/1042) phase-engine::integration demilich_helbrute_graveyard_exile_cost::demilich_graveyard_cast_exiles_four_spells
        PASS [   0.144s] ( 247/1042) phase-engine::integration demilich_helbrute_graveyard_exile_cost::helbrute_graveyard_cast_exiles_another_creature_card
        PASS [   0.202s] ( 248/1042) phase-engine::integration descendants_fury_sacrificed_referent_4795::descendants_fury_multi_attacker_chosen_type_drives_reveal
        PASS [   9.256s] ( 249/1042) phase-engine::integration dandan_shared_pile_storage::v1_pile_stays_in_the_lowest_seat_when_another_seat_starts
        PASS [   1.054s] ( 250/1042) phase-engine::integration delayed_parent_target_incarnation::t_d1_whippoorwill_exiles_the_dead_referent_from_the_graveyard
        PASS [   0.255s] ( 251/1042) phase-engine::integration descendants_fury_sacrificed_referent_4795::descendants_fury_reveals_and_battlefields_shared_type_creature
        PASS [   0.261s] ( 252/1042) phase-engine::integration descendants_fury_sacrificed_referent_4795::descendants_fury_no_shared_type_reveals_whole_library_nothing_enters
        PASS [   0.181s] ( 253/1042) phase-engine::integration desperate_futurescribe_instead::futurescribe_grants_counter_after_scry
        PASS [   0.085s] ( 254/1042) phase-engine::integration detectives_phoenix_bestow_graveyard::detectives_phoenix_bestow_cast_from_graveyard_resolves_as_aura
        PASS [   0.048s] ( 255/1042) phase-engine::integration detectives_phoenix_bestow_graveyard::detectives_phoenix_graveyard_permission_does_not_allow_normal_creature_cast
        PASS [   0.277s] ( 256/1042) phase-engine::integration desperate_futurescribe_instead::futurescribe_pumps_without_counter_when_no_scry_or_surveil
        PASS [   0.378s] ( 257/1042) phase-engine::integration desperate_futurescribe_instead::futurescribe_grants_counter_after_surveil
        PASS [   4.575s] ( 258/1042) phase-engine::integration dandan_shared_pile_storage::v9_library_boundary_by_either_seat_forgets_the_looked_at_pile
        PASS [  11.496s] ( 259/1042) phase-engine::integration dandan_shared_pile_storage::v15_library_placement_by_the_zone_pipeline_targets_the_pile
        PASS [   0.133s] ( 260/1042) phase-engine::integration diligent_farmhand_counts_as_named::muscle_burst_counts_diligent_farmhands_in_graveyard
        PASS [  10.394s] ( 261/1042) phase-engine::integration dandan_shared_pile_storage::v1_non_shared_formats_keep_per_seat_libraries
        PASS [   0.215s] ( 262/1042) phase-engine::integration divine_gambit_metamorphose_prompt_8257::metamorphose_accept_prompts_opponent_after_hidden_library_move
        PASS [   0.280s] ( 263/1042) phase-engine::integration diluvian_primordial_6754::diluvian_primordial_drops_removed_pair_without_graveyard_substitution
        PASS [   0.102s] ( 264/1042) phase-engine::integration doom_s_time_platform_exile_with_time_counters::dooms_time_platform_exiles_graveyard_card_with_two_time_counters
        PASS [   0.403s] ( 265/1042) phase-engine::integration diluvian_primordial_6754::diluvian_primordial_uncastable_selected_spell_stays_in_graveyard_and_runs_tail
        PASS [   0.060s] ( 266/1042) phase-engine::integration doomsday_excruciator_copy::each_player_library_exile_keeps_spell_controller_as_actor
        PASS [   8.926s] ( 267/1042) phase-engine::integration dandan_shared_pile_storage::v3_mulligan_by_either_seat_shuffles_the_pile
        PASS [   8.880s] ( 268/1042) phase-engine::integration dandan_shared_pile_storage::v4_opening_deal_draws_both_hands_from_the_pile
        PASS [   0.052s] ( 269/1042) phase-engine::integration dragon_man_reformed_robot_graveyard_discard_cost::dragon_man_graveyard_cast_blocked_without_discardable_card
        PASS [   0.071s] ( 270/1042) phase-engine::integration dragon_man_reformed_robot_graveyard_discard_cost::dragon_man_graveyard_discard_is_mandatory
        PASS [   0.883s] ( 271/1042) phase-engine::integration dihada_graveyard_treasure_count_8159::dihada_minus_three_keeping_no_legendaries_creates_treasure_per_graveyard_card
        PASS [   0.153s] ( 272/1042) phase-engine::integration drake_familiar_unrestricted_return_to_hand::harvest_wurm_can_pay_with_an_owned_graveyard_basic_land
        PASS [   0.209s] ( 273/1042) phase-engine::integration dragon_man_reformed_robot_graveyard_discard_cost::dragon_man_graveyard_cast_requires_discard
        PASS [   0.171s] ( 274/1042) phase-engine::integration drake_familiar_unrestricted_return_to_hand::unqualified_graveyard_return_may_use_any_players_graveyard
        PASS [  13.240s] ( 275/1042) phase-engine::integration dandan_read_sweep::v9_manakin_and_millikin_mills_the_pile_to_pay
        PASS [   0.180s] ( 276/1042) phase-engine::integration draw_delivery_preview::preview_checks_empty_library_replacements_before_exact_zero
        PASS [   0.103s] ( 277/1042) phase-engine::integration draw_preflight_matches_live_pipeline::empty_library_draw_is_predicted_and_not_delivered
        PASS [   0.526s] ( 278/1042) phase-engine::integration divine_gambit_metamorphose_prompt_8257::metamorphose_prompts_targets_controller_not_owner_after_library_move
        PASS [   0.123s] ( 279/1042) phase-engine::integration draw_delivery_preview::preview_reports_partial_delivery_from_short_library
        PASS [   0.055s] ( 280/1042) phase-engine::integration end_combat_phase::end_combat_phase_spell_goes_to_graveyard_outside_combat
        PASS [   0.117s] ( 281/1042) phase-engine::integration erratic_mutation::reveal_until_unspecified_bottom_order_is_owner_choice
        PASS [   0.140s] ( 282/1042) phase-engine::integration erratic_mutation::reveal_until_all_unspecified_bottom_order_is_owner_choice
        PASS [   0.199s] ( 283/1042) phase-engine::integration erratic_mutation::reveal_until_then_shuffle_randomizes_unrevealed_library_cards
        PASS [   0.074s] ( 284/1042) phase-engine::integration etching_of_kumano_die_exile::etching_of_kumano_parses_a_graveyard_move_replacement
        PASS [   0.596s] ( 285/1042) phase-engine::integration doomsday_excruciator_copy::superior_spider_man_copies_doomsday_excruciator_in_graveyard
        PASS [  12.111s] ( 286/1042) phase-engine::integration dandan_shared_pile_storage::v1_boot_loads_one_pile_into_the_canonical_seat
        PASS [   0.359s] ( 287/1042) phase-engine::integration electrostatic_bolt::target_plus_revealed_preserves_revealed_card_type
        PASS [   0.214s] ( 288/1042) phase-engine::integration etrata_cloak_enters_under_cloaker_5944::self_library_cloak_controller_equals_owner
        PASS [   0.198s] ( 289/1042) phase-engine::integration excess_damage_quantity_channel::contest_of_claws_discovers_for_the_resolution_chain_excess
        PASS [   0.374s] ( 290/1042) phase-engine::integration esper_origins_flashback_transform::esper_origins_flashback_requires_graveyard_origin_gate
        PASS [   0.234s] ( 291/1042) phase-engine::integration exile_dynamic_from_top::rakdos_form_b_prime_exiles_targeted_players_library_owner_axis
        PASS [   0.121s] ( 292/1042) phase-engine::integration exile_origin_target_acquisition::generic_counted_graveyard_preserves_resolution_choice
        PASS [   1.615s] ( 293/1042) phase-engine::integration dihada_graveyard_treasure_count_8159::dihada_minus_three_keeping_one_legendary_creates_fewer_treasures
        PASS [   0.462s] ( 294/1042) phase-engine::integration etrata_cloak_enters_under_cloaker_5944::etrata_cloak_empty_library_fizzles
        PASS [   0.264s] ( 295/1042) phase-engine::integration exile_origin_target_acquisition::generic_already_zoned_opponent_graveyard_preservation
        PASS [   0.186s] ( 296/1042) phase-engine::integration exile_origin_target_acquisition::generic_each_opponent_graveyard_mass_recovery
        PASS [   0.165s] ( 297/1042) phase-engine::integration exile_origin_target_acquisition::generic_each_opponent_graveyard_singular_recovery
        PASS [   0.776s] ( 298/1042) phase-engine::integration erratic_mutation::transmogrify_shuffles_the_revealing_players_library
        PASS [   0.191s] ( 299/1042) phase-engine::integration exile_origin_target_acquisition::generic_plain_graveyard_recovery
        PASS [   0.260s] ( 300/1042) phase-engine::integration exile_origin_target_acquisition::generic_each_player_owner_binding_selects_only_each_iterations_graveyard
        PASS [   0.596s] ( 301/1042) phase-engine::integration exile_origin_target_acquisition::generic_already_zoned_target_player_graveyard_preservation
        PASS [   0.501s] ( 302/1042) phase-engine::integration exile_origin_target_acquisition::generic_each_opponent_graveyard_mass_empty_recovery
        PASS [   0.260s] ( 303/1042) phase-engine::integration exile_origin_target_acquisition::generic_your_graveyard_recovery
        PASS [   9.504s] ( 304/1042) phase-engine::integration dandan_shared_pile_storage::v5_v6_standard_format_cycles_in_the_owners_own_zones
        PASS [   0.209s] ( 305/1042) phase-engine::integration exile_origin_target_acquisition::identity_crisis_preserves_p2_hand_and_graveyard_authority
        PASS [   0.086s] ( 306/1042) phase-engine::integration eyetwitch_learn_decline_lesson::eyetwitch_learn_decline_discard_reveals_lesson_into_hand
        PASS [   1.075s] ( 307/1042) phase-engine::integration event_deadline_duration::goblin_charbelcher_reveals_until_a_land_card
        PASS [   0.299s] ( 308/1042) phase-engine::integration exile_origin_target_acquisition::scavenging_ooze_preserves_any_graveyard_target_and_creature_result
        PASS [   0.102s] ( 309/1042) phase-engine::integration festival_of_embers_graveyard_additional_cost::festival_keeps_printed_mana_cost
        PASS [   0.200s] ( 310/1042) phase-engine::integration festival_of_embers_graveyard_additional_cost::festival_cast_pays_one_life_in_addition
        PASS [   0.195s] ( 311/1042) phase-engine::integration festival_of_embers_graveyard_additional_cost::festival_only_functions_on_controllers_turn
        PASS [   0.799s] ( 312/1042) phase-engine::integration exile_origin_target_acquisition::gyrus_does_not_rebind_a_target_that_leaves_and_returns_to_its_graveyard
        PASS [   8.007s] ( 313/1042) phase-engine::integration dandan_shared_pile_storage::v8_library_shuffle_acts_on_the_pile_and_replays
        PASS [   0.418s] ( 314/1042) phase-engine::integration fertile_thicket_reveal_to_top_2349::fertile_thicket_keeps_revealed_basic_land_on_top_and_rest_on_bottom
        PASS [   0.663s] ( 315/1042) phase-engine::integration extract_power_each_player_exile::extract_power_empty_library_resolves_without_error
        PASS [   0.280s] ( 316/1042) phase-engine::integration fire_lord_ozai_each_opponent_library_top::etali_each_player_scope_is_unchanged
        PASS [   0.043s] ( 317/1042) phase-engine::integration fire_lord_ozai_each_opponent_library_top::synthetic_plural_each_opponent_library_top_scopes_to_opponents
        PASS [   0.313s] ( 318/1042) phase-engine::integration fire_lord_ozai_each_opponent_library_top::lobelia_look_then_exile_scopes_to_opponents
        PASS [   1.086s] ( 319/1042) phase-engine::integration exile_origin_target_acquisition::gyrus_announces_own_graveyard_card_then_exiles_and_copies_selected_card
        PASS [   0.149s] ( 320/1042) phase-engine::integration for_the_ancestors_chosen_creature_type_4834::for_the_ancestors_puts_revealed_elves_in_hand
        PASS [   1.071s] ( 321/1042) phase-engine::integration exile_origin_target_acquisition::gyrus_sole_graveyard_target_is_autoassigned_before_optional_effect
        PASS [   0.560s] ( 322/1042) phase-engine::integration fire_lord_ozai_each_opponent_library_top::brainstealer_dragon_end_step_exile_scopes_to_opponents
        PASS [   0.367s] ( 323/1042) phase-engine::integration fire_lord_ozai_each_opponent_library_top::ozai_exiles_top_card_of_each_opponent_in_three_player
        PASS [   0.439s] ( 324/1042) phase-engine::integration fire_lord_ozai_each_opponent_library_top::ozai_empty_opponent_library_resolves_without_error
        PASS [   0.235s] ( 325/1042) phase-engine::integration frantic_inventory_graveyard_count::frantic_inventory_draws_one_plus_named_graveyard_copies
        PASS [   0.101s] ( 326/1042) phase-engine::integration game_log_correctness::face_up_library_exile_stays_named
        PASS [   1.421s] ( 327/1042) phase-engine::integration exile_origin_target_acquisition::gyrus_without_legal_graveyard_card_has_no_trigger_option
        PASS [   0.393s] ( 328/1042) phase-engine::integration game_log_correctness::auditore_ambush_illegal_searched_player_shuffles_no_library
        PASS [   0.384s] ( 329/1042) phase-engine::integration game_log_correctness::discover_decline_keeps_the_card_unnamed
        PASS [   0.402s] ( 330/1042) phase-engine::integration game_log_correctness::auditore_ambush_search_mode_alone_shuffles_the_searched_players_library
        PASS [   0.061s] ( 331/1042) phase-engine::integration graveyard_permission_announcement::a_choice_nested_in_a_composite_extra_cost_is_not_offered
        PASS [   0.543s] ( 332/1042) phase-engine::integration game_log_correctness::auditore_ambush_both_modes_shuffle_the_searched_players_library
        PASS [   0.260s] ( 333/1042) phase-engine::integration game_log_correctness::library_departures_into_public_zones_are_logged
        PASS [   0.148s] ( 334/1042) phase-engine::integration gifts_ungiven_duplicate_candidates_8135::gifts_ungiven_offers_each_revealed_card_exactly_once
        PASS [   0.135s] ( 335/1042) phase-engine::integration graveyard_permission_announcement::a_choice_extra_cost_permission_is_not_offered
        PASS [   8.211s] ( 336/1042) phase-engine::integration dandan_shared_pile_storage::v8_zone_change_commands_record_and_replay_pile_positions
        PASS [   0.028s] ( 337/1042) phase-engine::integration graveyard_permission_announcement::a_land_spends_the_slot_of_the_grant_that_admitted_it
        PASS [   0.019s] ( 338/1042) phase-engine::integration graveyard_permission_announcement::a_live_bounded_and_unlimited_land_grant_pair_plays_no_land
        PASS [   0.152s] ( 339/1042) phase-engine::integration graveyard_permission_announcement::a_granted_counter_rider_is_latched_when_the_grant_ends_mid_payment
        PASS [   0.099s] ( 340/1042) phase-engine::integration graveyard_permission_announcement::a_land_admitted_by_two_sources_still_plays_through_the_first
        PASS [   0.175s] ( 341/1042) phase-engine::integration graveyard_permission_announcement::a_forged_bestow_slot_is_refused_before_payment
        PASS [   0.052s] ( 342/1042) phase-engine::integration graveyard_permission_announcement::a_lone_bounded_play_grant_plays_the_land_and_spends_its_slot
        PASS [   0.045s] ( 343/1042) phase-engine::integration graveyard_permission_announcement::a_stale_slot_answer_is_refused_before_payment
        PASS [   0.074s] ( 344/1042) phase-engine::integration graveyard_permission_announcement::a_slot_answer_under_a_changed_digest_is_refused
        PASS [   0.094s] ( 345/1042) phase-engine::integration graveyard_permission_announcement::a_spent_bounded_grant_leaves_the_unlimited_one_usable_for_a_land
        PASS [   0.075s] ( 346/1042) phase-engine::integration graveyard_permission_announcement::a_two_permission_cast_is_payable_by_some_option
        PASS [   9.413s] ( 347/1042) phase-engine::integration dandan_shared_pile_storage::v7_conjure_into_the_library_lands_in_the_pile_only
        PASS [   0.108s] ( 348/1042) phase-engine::integration graveyard_permission_announcement::a_two_permission_cast_with_no_payable_option_is_not_offered
        PASS [   0.089s] ( 349/1042) phase-engine::integration graveyard_permission_announcement::an_announced_menu_survives_json
        PASS [   0.090s] ( 350/1042) phase-engine::integration graveyard_permission_announcement::an_announcement_whose_grant_ended_is_refused
        PASS [   0.647s] ( 351/1042) phase-engine::integration graveyard_permission_announcement::a_granted_choice_extra_cost_permission_is_not_offered
        PASS [   0.362s] ( 352/1042) phase-engine::integration graveyard_permission_announcement::decoy_blitz_announces_leonardo_or_muldrotha
        PASS [   0.406s] ( 353/1042) phase-engine::integration graveyard_permission_announcement::broodship_without_a_land_is_not_announced
        PASS [   0.461s] ( 354/1042) phase-engine::integration graveyard_permission_announcement::aura_only_mana_pays_an_announced_bestow
        PASS [   0.167s] ( 355/1042) phase-engine::integration graveyard_permission_announcement::decoy_blitz_under_one_permission_needs_no_announcement
        PASS [   0.086s] ( 356/1042) phase-engine::integration graveyard_permission_announcement::identical_grants_on_one_source_are_two_announcements
        PASS [   0.860s] ( 357/1042) phase-engine::integration graveyard_permission_announcement::a_granted_second_bounded_grant_offers_neither
        PASS [   0.203s] ( 358/1042) phase-engine::integration graveyard_permission_announcement::escape_beside_two_permissions_spends_neither
        PASS [   0.236s] ( 359/1042) phase-engine::integration graveyard_permission_announcement::forged_stale_and_legacy_announcements_are_refused
        PASS [   0.798s] ( 360/1042) phase-engine::integration graveyard_permission_announcement::announced_broodship_is_kept_when_it_leaves_mid_payment
        PASS [   0.226s] ( 361/1042) phase-engine::integration graveyard_permission_announcement::printed_bears_announce_lurrus_or_muldrotha
        PASS [   1.314s] ( 362/1042) phase-engine::integration game_log_correctness::searched_player_shuffles_their_library
        PASS [   1.981s] ( 363/1042) phase-engine::integration foreign_subject_split_guard::the_swarmweaver_delirium_gates_insects_and_spiders_by_graveyard_types
        PASS [   0.422s] ( 364/1042) phase-engine::integration graveyard_permission_announcement::ornithopter_announces_muldrotha_then_a_slot_or_lurrus
        PASS [   0.274s] ( 365/1042) phase-engine::integration graveyard_permission_announcement::printed_bears_offer_an_unlimited_permission_beside_muldrotha
        PASS [   0.179s] ( 366/1042) phase-engine::integration graveyard_permission_announcement::sabin_blitz_announces_its_own_permission_or_muldrothas
        PASS [   0.201s] ( 367/1042) phase-engine::integration graveyard_permission_announcement::printed_bears_under_one_permission_need_no_announcement
        PASS [   1.227s] ( 368/1042) phase-engine::integration graveyard_permission_announcement::an_alternative_cost_permission_authorizes_no_graveyard_cast
        PASS [   0.059s] ( 369/1042) phase-engine::integration graveyard_permission_announcement::two_bounded_play_grants_on_one_source_play_no_land
        PASS [   0.582s] ( 370/1042) phase-engine::integration graveyard_permission_announcement::mycosynth_bestow_through_muldrotha_is_announced_per_slot
        PASS [   0.043s] ( 371/1042) phase-engine::integration graveyard_permission_owner_zone::a_land_that_died_under_an_opponents_control_is_still_its_owners_to_play
        PASS [   0.203s] ( 372/1042) phase-engine::integration graveyard_permission_announcement::sabin_blitz_offers_each_of_three_permissions
        PASS [   0.041s] ( 373/1042) phase-engine::integration graveyard_permission_owner_zone::a_spell_that_died_under_an_opponents_control_is_still_its_owners_to_cast
        PASS [   0.067s] ( 374/1042) phase-engine::integration graveyard_permission_owner_zone::bestow_cast_from_graveyard_under_a_creature_permission_falls_back_to_the_printed_cast
        PASS [   0.832s] ( 375/1042) phase-engine::integration graveyard_permission_announcement::guardian_blitz_announces_broodship_or_muldrotha
        PASS [   0.113s] ( 376/1042) phase-engine::integration graveyard_permission_owner_zone::casting_a_stolen_then_buried_bestow_creature_with_no_host_completes_the_normal_cast
        PASS [   0.311s] ( 377/1042) phase-engine::integration graveyard_permission_announcement::sole_muldrotha_asks_for_the_slot_and_spends_it
        PASS [   0.776s] ( 378/1042) phase-engine::integration graveyard_permission_announcement::leonardos_counter_applies_after_it_is_sacrificed_mid_payment
        PASS [   0.066s] ( 379/1042) phase-engine::integration graveyard_permission_owner_zone::the_owner_substitution_does_not_widen_to_another_players_card
        PASS [   0.174s] ( 380/1042) phase-engine::integration graveyard_permission_owner_zone::casting_a_stolen_then_buried_creature_from_its_owners_graveyard_is_accepted
        PASS [   0.181s] ( 381/1042) phase-engine::integration graveyard_permission_owner_zone::casting_another_players_stolen_then_buried_bestow_creature_is_still_refused
        PASS [   0.173s] ( 382/1042) phase-engine::integration graveyard_permission_owner_zone::playing_another_players_graveyard_land_is_still_refused
        PASS [   0.273s] ( 383/1042) phase-engine::integration graveyard_permission_owner_zone::playing_a_stolen_then_buried_land_from_its_owners_graveyard_is_accepted
        PASS [   0.142s] ( 384/1042) phase-engine::integration graveyard_permission_turn_timing::lurrus_permission_is_limited_to_your_turns
        PASS [   0.207s] ( 385/1042) phase-engine::integration graveyard_permission_turn_timing::broodship_permission_needs_station_and_your_turn
        PASS [   0.589s] ( 386/1042) phase-engine::integration graveyard_permission_announcement::satyr_bestow_announces_broodship_or_muldrotha
        PASS [   0.157s] ( 387/1042) phase-engine::integration graveyard_permission_turn_timing::permission_with_an_unconsumed_tail_offers_no_cast
        PASS [   0.201s] ( 388/1042) phase-engine::integration graveyard_permission_turn_timing::once_each_turn_disjunctive_permission_works_on_any_turn
        PASS [   0.366s] ( 389/1042) phase-engine::integration graveyard_permission_turn_timing::coordinated_grant_with_an_unconsumed_gate_stays_unsupported
        PASS [   0.285s] ( 390/1042) phase-engine::integration graveyard_permission_turn_timing::muldrotha_permission_is_limited_to_your_turns
        PASS [   0.459s] ( 391/1042) phase-engine::integration graveyard_permission_turn_timing::jaya_emblem_allows_an_instant_on_the_opponents_turn
        PASS [   0.326s] ( 392/1042) phase-engine::integration graveyard_permission_turn_timing::permission_with_an_unconsumed_tail_yields_no_grant
        PASS [   0.627s] ( 393/1042) phase-engine::integration graveyard_permission_turn_timing::coordinated_grant_with_an_unconsumed_gate_grants_nothing
        PASS [   0.262s] ( 394/1042) phase-engine::integration graveyard_permission_turn_timing::player_grant_with_an_opponent_board_condition_fails_closed
        PASS [   0.587s] ( 395/1042) phase-engine::integration graveyard_permission_turn_timing::magus_of_the_will_activated_on_the_opponents_turn
        PASS [   0.368s] ( 396/1042) phase-engine::integration graveyard_permission_turn_timing::turn_grant_to_the_opponent_on_my_turn_is_not_usable
        PASS [   0.248s] ( 397/1042) phase-engine::integration graveyard_permission_turn_timing::unconsumed_if_rider_declines_the_permission
        PASS [   1.244s] ( 398/1042) phase-engine::integration graveyard_permission_announcement::two_bounded_grants_on_one_source_offer_neither
        PASS [   0.096s] ( 399/1042) phase-engine::integration graveyard_permission_turn_timing::zombie_grant_nests_is_present
        PASS [   0.170s] ( 400/1042) phase-engine::integration graveyard_permission_turn_timing::your_turns_permissions_carry_during_your_turn
        PASS [   0.340s] ( 401/1042) phase-engine::integration graveyard_permission_turn_timing::yawgmoths_agenda_allows_an_instant_on_the_opponents_turn
        PASS [   0.591s] ( 402/1042) phase-engine::integration graveyard_permission_turn_timing::turn_grant_to_myself_on_the_opponents_turn_is_not_usable
        PASS [   0.665s] ( 403/1042) phase-engine::integration graveyard_permission_turn_timing::turn_grant_to_myself_on_my_turn_is_usable
        PASS [   0.424s] ( 404/1042) phase-engine::integration graveyard_permission_turn_timing::unmodelled_permission_gate_declines_the_permission
        PASS [   0.157s] ( 405/1042) phase-engine::integration graveyard_to_hand_activation_zone::attached_bestial_bloodline_aura_not_activatable_from_battlefield
        PASS [   0.817s] ( 406/1042) phase-engine::integration graveyard_permission_turn_timing::player_grant_with_a_board_condition_fails_closed
        PASS [   0.157s] ( 407/1042) phase-engine::integration graveyard_to_hand_activation_zone::sanitarium_skeleton_not_activatable_from_battlefield
        PASS [   0.214s] ( 408/1042) phase-engine::integration graveyard_to_hand_activation_zone::sibling_battlefield_pump_ability_still_offered
        PASS [   0.204s] ( 409/1042) phase-engine::integration great_work_chapter_three_8750::a_printed_own_graveyard_permission_refuses_the_opponents_card_at_cast
        PASS [   0.709s] ( 410/1042) phase-engine::integration graveyard_permission_turn_timing::turn_grant_to_the_opponent_on_their_turn_is_usable
        PASS [   0.287s] ( 411/1042) phase-engine::integration graveyard_to_hand_activation_zone::self_sacrifice_return_remains_battlefield_activated
        PASS [   0.404s] ( 412/1042) phase-engine::integration graveyard_to_hand_activation_zone::bestial_bloodline_activatable_from_graveyard_returns_to_hand
        PASS [   0.374s] ( 413/1042) phase-engine::integration graveyard_to_hand_activation_zone::craft_ability_still_activatable_from_battlefield
        PASS [   0.259s] ( 414/1042) phase-engine::integration great_work_chapter_three_8750::a_your_graveyard_grant_does_not_reach_the_opponents_graveyard
        PASS [   0.101s] ( 415/1042) phase-engine::integration heist_production_path_handoff::heist_look_step_does_not_drain_when_library_has_no_nonlands
        PASS [   0.252s] ( 416/1042) phase-engine::integration guardian_project_same_name_intervening_if::duplicate_name_in_graveyard_does_not_draw
        PASS [   0.314s] ( 417/1042) phase-engine::integration guardian_project_same_name_intervening_if::duplicate_name_in_opponents_graveyard_still_draws
        PASS [   0.324s] ( 418/1042) phase-engine::integration guardian_project_same_name_intervening_if::your_graveyard_creature_with_opponents_last_control_does_not_draw
        PASS [   0.307s] ( 419/1042) phase-engine::integration havi_the_all_father::havi_historic_graveyard_gate_follows_debug_controller_changes
        PASS [   0.407s] ( 420/1042) phase-engine::integration havi_the_all_father::havi_historic_graveyard_gate_tracks_zone_membership_and_historic_axes
        PASS [   0.184s] ( 421/1042) phase-engine::integration hogaak_cant_spend_mana_1095::hogaak_combines_convoke_and_delve_from_graveyard
        PASS [   0.260s] ( 422/1042) phase-engine::integration identity_crisis_multi_zone_exile::identity_crisis_exiles_target_hand_and_graveyard
        PASS [   0.880s] ( 423/1042) phase-engine::integration great_work_chapter_three_8750::great_work_chapter_three_casts_from_any_graveyard_until_end_of_turn
        PASS [   0.663s] ( 424/1042) phase-engine::integration hit_the_mother_lode::discover_hit_mv10_creates_no_treasures
        PASS [   0.432s] ( 425/1042) phase-engine::integration if_you_do_declined_gate_later_instruction_p7::hollow_specter_declined_reveals_and_discards_nothing
        PASS [   0.202s] ( 426/1042) phase-engine::integration integration_adventure::adventure_countered_to_graveyard
        PASS [   0.763s] ( 427/1042) phase-engine::integration hit_the_mother_lode::discover_no_hit_all_lands_creates_no_treasures
        PASS [   9.657s] ( 428/1042) phase-engine::integration dark_confidant_upkeep::dark_confidant_upkeep_loses_life_equal_to_revealed_card_mana_value
        PASS [   0.355s] ( 429/1042) phase-engine::integration inside_information::inside_information_exiles_x_from_targeted_opponents_library
        PASS [   9.922s] ( 430/1042) phase-engine::integration dandan_shared_pile_storage::v9_standard_shuffle_keeps_the_other_players_library_knowledge
        PASS [   1.167s] ( 431/1042) phase-engine::integration hit_the_mother_lode::discover_hit_cast_still_creates_seven_treasures
        PASS [   1.177s] ( 432/1042) phase-engine::integration hit_the_mother_lode::discover_hit_mv3_to_hand_creates_seven_tapped_treasures
        PASS [   0.644s] ( 433/1042) phase-engine::integration if_you_do_declined_gate_later_instruction_p7::hollow_specter_paid_x1_resolves_the_reveal_and_discard_kinds
        PASS [   0.030s] ( 434/1042) phase-engine::integration issue_1374_atraxa_grand_unifier::atraxa_etb_choice_offers_revealed_library_not_graveyard
        PASS [   1.146s] ( 435/1042) phase-engine::integration hit_the_mother_lode::discover_hit_x_spell_uses_x_zero_mana_value
        PASS [   0.331s] ( 436/1042) phase-engine::integration issue_1018_manifest_dread_choice::manifest_dread_prompts_for_top_two_library_cards
        PASS [   0.317s] ( 437/1042) phase-engine::integration issue_1302_final_parting::issue_1302_final_parting_partitions_hand_and_graveyard
        PASS [   0.050s] ( 438/1042) phase-engine::integration issue_2354_norman_osborn_mayhem::green_goblin_static_parses_graveyard_mayhem_grant
        PASS [   0.456s] ( 439/1042) phase-engine::integration issue_1005_suffer_the_past::suffer_the_past_parses_graveyard_origin
        PASS [   0.414s] ( 440/1042) phase-engine::integration issue_1128_elrond_scry_counter::elrond_multi_scry_queues_one_trigger_per_scry_with_its_own_look_count
        PASS [   0.133s] ( 441/1042) phase-engine::integration issue_1973_rise_of_dark_realms::rise_of_dark_realms_reanimates_all_graveyard_creatures_under_caster
        PASS [   0.460s] ( 442/1042) phase-engine::integration issue_1128_elrond_scry_counter::elrond_scry_counters_are_capped_by_clamped_look_count_not_requested_amount
        PASS [   0.209s] ( 443/1042) phase-engine::integration issue_1374_atraxa_grand_unifier::atraxa_parser_wires_reveal_top_to_distinct_card_type_choose
        PASS [   0.135s] ( 444/1042) phase-engine::integration issue_2354_norman_osborn_mayhem::mayhem_allows_cast_from_graveyard_after_discard_this_turn
        PASS [   0.376s] ( 445/1042) phase-engine::integration issue_1332_bronzehide_lion::bronzehide_lion_dies_with_no_creature_you_control_returns_then_graveyards
        PASS [   0.217s] ( 446/1042) phase-engine::integration issue_1970_eladamri::eladamri_hand_mode_offers_reveal_choice_for_controller_hand
        PASS [   0.705s] ( 447/1042) phase-engine::integration integration_landfall::bloodghast_parser_trigger_is_graveyard_active
        PASS [   0.274s] ( 448/1042) phase-engine::integration issue_2020_smeagol_ring_tempt::smeagol_ring_tempt_reveal_steals_opponent_land
        PASS [   0.153s] ( 449/1042) phase-engine::integration issue_2863_commander_aura_zone_change::issue_2863_commander_not_duplicated_in_graveyard_on_death
        PASS [   0.288s] ( 450/1042) phase-engine::integration issue_2374_fblthp_library_origin::fblthp_etb_parses_library_origin_instead_draw
        PASS [   0.255s] ( 451/1042) phase-engine::integration issue_2376_pyromancers_ascension::pyromancers_ascension_graveyard_name_match_filters_counter_trigger
        PASS [   0.240s] ( 452/1042) phase-engine::integration issue_2397_wall_of_mourning_etb::issue_2397_wall_of_mourning_etb_exiles_from_library_not_battlefield
        PASS [   0.226s] ( 453/1042) phase-engine::integration issue_2863_commander_aura_zone_change::issue_2863_aura_put_in_graveyard_when_commander_exiled_and_returns
        PASS [   0.051s] ( 454/1042) phase-engine::integration issue_2918_future_sight_reveal::future_sight_keeps_library_top_revealed_to_all_players
        PASS [   0.061s] ( 455/1042) phase-engine::integration issue_2918_future_sight_reveal::lantern_effect_reveals_each_players_library_top
        PASS [   0.339s] ( 456/1042) phase-engine::integration issue_2872_drc_flashback_cast_trigger::issue_2872_drc_surveil_with_hardened_academic_graveyard_trigger
        PASS [   0.339s] ( 457/1042) phase-engine::integration issue_2897_nexus_of_fate::nexus_of_fate_shuffles_into_library_on_resolution
        PASS [   0.480s] ( 458/1042) phase-engine::integration issue_2374_fblthp_library_origin::fblthp_runtime_draws_two_only_from_library_origin
        PASS [   0.411s] ( 459/1042) phase-engine::integration issue_2899_tainted_pact::jace_plus_one_on_an_empty_library_moves_nothing
        PASS [   0.283s] ( 460/1042) phase-engine::integration issue_2921_amareth_shares_card_type::amareth_offers_reveal_when_library_top_shares_card_type
        PASS [   0.384s] ( 461/1042) phase-engine::integration issue_2899_tainted_pact::tainted_pact_empty_library_is_a_mandatory_loop_draw
        PASS [   0.459s] ( 462/1042) phase-engine::integration issue_2899_tainted_pact::tainted_pact_draws_when_the_library_empties_mid_repeat
        PASS [   0.264s] ( 463/1042) phase-engine::integration issue_3245_abhorrent_oculus_manifest_dread::manifest_dread_defers_graveyard_until_paused_manifest_entry_resolves
        PASS [   0.426s] ( 464/1042) phase-engine::integration issue_2921_amareth_shares_card_type::amareth_skips_reveal_when_library_top_lacks_shared_card_type
        PASS [   0.184s] ( 465/1042) phase-engine::integration issue_3252_rhythm_of_the_wild::rhythm_of_the_wild_grants_riot_on_library_to_battlefield_put
        PASS [   0.373s] ( 466/1042) phase-engine::integration issue_3127_reveal_otherwise_graveyard::reveal_nonmatching_card_goes_to_graveyard
        PASS [   0.391s] ( 467/1042) phase-engine::integration issue_3127_reveal_otherwise_graveyard::reveal_matching_creature_goes_to_hand
        PASS [   0.036s] ( 468/1042) phase-engine::integration issue_3281_uro_escape::uro_escape_castable_from_graveyard_with_five_other_cards
        PASS [   0.141s] ( 469/1042) phase-engine::integration issue_3267_sanwell_rest_on_bottom::sanwell_declined_cast_puts_exiled_cards_on_library_bottom
        PASS [   0.022s] ( 470/1042) phase-engine::integration issue_3281_uro_escape::uro_escape_not_castable_with_only_four_other_graveyard_cards
        PASS [   0.062s] ( 471/1042) phase-engine::integration issue_3281_uro_escape::uro_escape_full_cast_pauses_for_graveyard_exile_payment
        PASS [   0.226s] ( 472/1042) phase-engine::integration issue_3257_macabre_waltz::macabre_waltz_returns_creature_from_graveyard_to_hand
        PASS [   0.036s] ( 473/1042) phase-engine::integration issue_3285_face_down_public_zone::manifested_creature_turns_face_up_in_graveyard_when_it_dies
        PASS [   0.388s] ( 474/1042) phase-engine::integration issue_3251_force_of_negation::force_of_negation_exiles_countered_spell_without_graveyard
        PASS [   0.730s] ( 475/1042) phase-engine::integration issue_2899_tainted_pact::tainted_pact_draw_survives_a_replacement_order_prompt_on_its_graveyard_move
        PASS [   0.848s] ( 476/1042) phase-engine::integration issue_2899_tainted_pact::fishing_gear_on_an_empty_library_declines_the_put_and_makes_a_fish
        PASS [   0.197s] ( 477/1042) phase-engine::integration issue_3309_rise_etb_returns::rise_of_dark_realms_mandatory_etb_skips_when_graveyard_has_no_creature_targets
        PASS [   0.313s] ( 478/1042) phase-engine::integration issue_3277_captain_nghathrod_eliminated_opponent::captain_nghathrod_end_step_skips_eliminated_opponent_graveyard
        PASS [   0.143s] ( 479/1042) phase-engine::integration issue_3653_crystal_skull::crystal_skull_carries_historic_top_of_library_permission
        PASS [   0.185s] ( 480/1042) phase-engine::integration issue_3309_rise_etb_returns::sun_titan_parses_enters_or_attacks_graveyard_return
        PASS [   0.531s] ( 481/1042) phase-engine::integration issue_3264_jace_mind_sculptor_minus_twelve::jace_minus_twelve_exiles_library_and_shuffles_hand_without_touching_permanents
        PASS [   0.546s] ( 482/1042) phase-engine::integration issue_3280_owner_axis_name_hate_shuffle::owner_axis_name_hate_exiles_all_same_name_cards_and_shuffles_owner_library
        PASS [   0.456s] ( 483/1042) phase-engine::integration issue_3309_rise_etb_returns::sun_titan_attack_branch_returns_graveyard_permanent
        PASS [   0.280s] ( 484/1042) phase-engine::integration issue_3653_crystal_skull::crystal_skull_surfaces_historic_land_on_library_top
        PASS [   0.518s] ( 485/1042) phase-engine::integration issue_3302_breach_multiverse::ghouls_night_out_caster_orders_every_graveyard
        PASS [   0.691s] ( 486/1042) phase-engine::integration issue_3817_sheoldred_apocalypse::sheoldred_scry_only_no_draw_trigger
        PASS [   0.981s] ( 487/1042) phase-engine::integration issue_3302_breach_multiverse::ai_order_picks_include_the_casters_own_graveyard
        PASS [   0.572s] ( 488/1042) phase-engine::integration issue_3874_emet_selch_optional_decline::emet_selch_declining_graveyard_cast_does_not_exile_spell
        PASS [   0.917s] ( 489/1042) phase-engine::integration issue_3875_kozilek_graveyard_shuffle::kozilek_graveyard_trigger_shuffles_owners_graveyard_into_library
        PASS [   0.555s] ( 490/1042) phase-engine::integration issue_3993_delve_cancel_payment::cancel_after_signet_activation_leaves_selected_fuel_in_graveyard
        PASS [   0.055s] ( 491/1042) phase-engine::integration issue_3993_delve_cancel_payment::commit_rejects_selection_that_left_the_graveyard
        PASS [   1.226s] ( 492/1042) phase-engine::integration issue_3988_vaultborn_tyrant::vaultborn_tyrant_dies_intervening_if_matches_graveyard_destination
        PASS [  10.219s] ( 493/1042) phase-engine::integration duskmantle_seer_each_player_reveal::duskmantle_seer_each_player_loses_life_for_their_own_revealed_card
        PASS [  11.430s] ( 494/1042) phase-engine::integration devour_intellect_treasure_rider::devour_intellect_reveals_hand_when_treasure_mana_spent
        PASS [   8.861s] ( 495/1042) phase-engine::integration fire_lord_ozai_each_opponent_library_top::ozai_grants_play_permission_over_every_opponents_exiled_card
        PASS [   0.124s] ( 496/1042) phase-engine::integration issue_3993_delve_cancel_payment::issue_3993_cancel_during_delve_payment_returns_graveyard_cards
        PASS [   8.863s] ( 497/1042) phase-engine::integration fuse_runtime::hand_fuse_normal_right_casts_only_entering_with_preexisting_graveyard_creature
        PASS [   0.148s] ( 498/1042) phase-engine::integration issue_3993_delve_cancel_payment::selecting_non_adjacent_fuel_keeps_graveyard_order_through_cancel
        PASS [   6.854s] ( 499/1042) phase-engine::integration issue_3866_insidious_roots_double_trigger::issue_3866_insidious_roots_fires_once_when_two_creatures_leave_graveyard
        PASS [   7.343s] ( 500/1042) phase-engine::integration issue_3670_season_burrow::season_burrow_mode2_returns_from_graveyard_with_indestructible
        PASS [   0.386s] ( 501/1042) phase-engine::integration issue_4235_cloak_and_dagger_entwined::full_card_has_exact_target_slots_reveal_binding_and_exile_union
        PASS [   0.173s] ( 502/1042) phase-engine::integration issue_4243_from_the_rubble::from_the_rubble_end_step_trigger_targets_graveyard_creature_cards
        PASS [   0.063s] ( 503/1042) phase-engine::integration issue_4250_octavia_cost_reduction::octavia_castable_for_two_blue_with_eight_instants_in_graveyard
        PASS [   0.099s] ( 504/1042) phase-engine::integration issue_4250_octavia_cost_reduction::octavia_not_castable_for_two_blue_with_empty_graveyard
        PASS [   0.024s] ( 505/1042) phase-engine::integration issue_4251_mad_wizards_lair::deep_mines_room_effect_is_implemented_scry_three
        PASS [   0.173s] ( 506/1042) phase-engine::integration issue_4251_mad_wizards_lair::mad_wizards_lair_draws_reveals_and_casts_one_revealed_card_free
        PASS [   8.478s] ( 507/1042) phase-engine::integration issue_3866_insidious_roots_double_trigger::issue_3866_insidious_roots_fires_again_when_same_card_leaves_graveyard_twice_same_turn
        PASS [   0.055s] ( 508/1042) phase-engine::integration issue_4253_sanar_vivid::sanar_vivid_per_color_exile_offers_revealed_library_cards
        PASS [   0.494s] ( 509/1042) phase-engine::integration issue_4253_sanar_vivid::sanar_vivid_parses_library_reveal_then_per_color_exile
        PASS [   0.387s] ( 510/1042) phase-engine::integration issue_4786_wrenn_realmbreaker::wrenn_minus_seven_emblem_grants_graveyard_land_play
        PASS [   0.846s] ( 511/1042) phase-engine::integration issue_4566_jocasta::jocasta_returns_tapped_and_attacking_from_graveyard_on_commander_attack
        PASS [   9.902s] ( 512/1042) phase-engine::integration issue_3653_crystal_skull::crystal_skull_surfaces_historic_artifact_on_library_top
        PASS [   0.980s] ( 513/1042) phase-engine::integration issue_4786_wrenn_realmbreaker::wrenn_minus_seven_emblem_grants_graveyard_permanent_spell_cast
        PASS [   9.465s] ( 514/1042) phase-engine::integration issue_3987_jace_life_death_split_graveyard_cast::graveyard_split_card_cast_offers_face_choice_for_affordable_half
        PASS [   0.762s] ( 515/1042) phase-engine::integration issue_4825_feather_the_redeemed::countered_lilah_spell_goes_to_graveyard_and_is_not_plotted
        PASS [   0.241s] ( 516/1042) phase-engine::integration issue_4835_intimidation_tactics::intimidation_tactics_parses_artifact_or_creature_reveal_filter
        PASS [  14.166s] ( 517/1042) phase-engine::integration green_suns_zenith_regression::green_suns_zenith_search_then_shuffle_self_into_library
        PASS [   0.760s] ( 518/1042) phase-engine::integration issue_4956_gift_of_immortality_reattach::gift_of_immortality_stays_in_graveyard_when_host_gone
        PASS [   0.352s] ( 519/1042) phase-engine::integration issue_4962_volo_guide_to_monsters::volo_does_not_copy_when_sharing_type_with_graveyard_card
        PASS [   1.606s] ( 520/1042) phase-engine::integration issue_4825_feather_the_redeemed::fizzled_spell_goes_to_graveyard_and_never_returns
        PASS [   0.315s] ( 521/1042) phase-engine::integration issue_4999_treasure_cruise_delve_tokens::delve_eligibility_and_actions_exclude_stale_noncard_graveyard_residents
        PASS [   2.147s] ( 522/1042) phase-engine::integration issue_4825_feather_the_redeemed::countered_spell_goes_to_graveyard_and_never_returns
        PASS [   0.642s] ( 523/1042) phase-engine::integration issue_5279_grave_sifter::grave_sifter_each_player_creature_type_return_from_graveyard
        PASS [   0.787s] ( 524/1042) phase-engine::integration issue_5263_chaos_warp::chaos_warp_cast_reveals_target_owner_library_not_caster
        PASS [  10.477s] ( 525/1042) phase-engine::integration issue_3993_delve_cancel_payment::delve_spell_cast_from_graveyard_cannot_select_itself
        PASS [   0.951s] ( 526/1042) phase-engine::integration issue_5240_silent_blade_oni::hand_reveal_cast_respects_the_mana_value_gate
        PASS [   0.451s] ( 527/1042) phase-engine::integration issue_5282_nissa_ultimate_emblem_search::nissa_who_shakes_the_world_ultimate_searches_library_for_forests
        PASS [  19.007s] ( 528/1042) phase-engine::integration game_log_correctness::face_down_search_exiles_come_only_from_the_library
        PASS [   0.558s] ( 529/1042) phase-engine::integration issue_5287_samwise_stouthearted::samwise_etb_with_no_graveyard_return_stays_on_battlefield_and_tempts_ring
        PASS [  11.189s] ( 530/1042) phase-engine::integration issue_3993_delve_cancel_payment::delve_only_spell_cast_from_graveyard_without_other_fuel_auto_pays
        PASS [  13.439s] ( 531/1042) phase-engine::integration issue_3653_crystal_skull::crystal_skull_blocks_non_historic_spell_on_library_top
        PASS [  12.590s] ( 532/1042) phase-engine::integration issue_3987_jace_life_death_split_graveyard_cast::exiled_split_card_free_cast_permission_stays_free_after_face_choice
        PASS [   0.189s] ( 533/1042) phase-engine::integration issue_5336_kodama_mana_value_filter::kodama_triggers_on_forest_etb_from_library
        PASS [   0.121s] ( 534/1042) phase-engine::integration issue_536_six_grants_retrace::six_grants_retrace_to_graveyard_permanents_only
        PASS [   0.249s] ( 535/1042) phase-engine::integration issue_541_endurance_graveyard_to_bottom::target_player_bottoms_graveyard_without_shuffling_library
        PASS [   0.992s] ( 536/1042) phase-engine::integration issue_5287_samwise_stouthearted::samwise_etb_returns_creature_put_into_graveyard_from_battlefield_this_turn
        PASS [   0.233s] ( 537/1042) phase-engine::integration issue_5900_conjurers_mantle::conjurers_mantle_reveal_matches_shared_creature_type
        PASS [  11.649s] ( 538/1042) phase-engine::integration issue_3993_delve_cancel_payment::delve_composed_with_convoke_excludes_spell_cast_from_graveyard
        PASS [   0.205s] ( 539/1042) phase-engine::integration issue_5976_unearth_leave_redirect::r5_non_unearthed_rats_sacrifice_goes_to_graveyard
        PASS [   0.492s] ( 540/1042) phase-engine::integration issue_5657_zurs_weirding::zurs_weirding_decline_leaves_drawing_player_with_revealed_card
        PASS [   0.278s] ( 541/1042) phase-engine::integration issue_5984_aloy_discover_on_attack::aloy_discover_binds_x_to_greatest_artifact_attacker_power
        PASS [   1.270s] ( 542/1042) phase-engine::integration issue_5330_scavengers_talent_graveyard_return::scavengers_talent_level3_end_step_skipped_below_level_three
        PASS [   1.061s] ( 543/1042) phase-engine::integration issue_5330_scavengers_talent_graveyard_return::scavengers_talent_level3_return_targets_graveyard_creature_cards
        PASS [   0.153s] ( 544/1042) phase-engine::integration issue_5996_planetarium_look_cast::planetarium_empty_post_surveil_library_does_not_offer_cast
        PASS [   0.072s] ( 545/1042) phase-engine::integration issue_5999_aura_exile_host::issue_5999_aura_goes_to_graveyard_when_host_is_exiled_by_simple_exile_spell
        PASS [   0.259s] ( 546/1042) phase-engine::integration issue_5996_planetarium_look_cast::planetarium_decline_leaves_looked_card_in_library
        PASS [  11.418s] ( 547/1042) phase-engine::integration issue_3993_delve_cancel_payment::x_delve_max_excludes_spell_cast_from_graveyard
        PASS [   0.452s] ( 548/1042) phase-engine::integration issue_5989_ardyn_exile_copy::ardyn_combat_trigger_exiles_opponents_graveyard_creature_and_copies_it_as_demon
        PASS [   0.983s] ( 549/1042) phase-engine::integration issue_5657_zurs_weirding::zurs_weirding_accept_pays_life_and_bins_revealed_card
        PASS [   0.096s] ( 550/1042) phase-engine::integration issue_5999_aura_exile_host::issue_5999_aura_goes_to_graveyard_when_host_is_exiled_directly
        PASS [   0.143s] ( 551/1042) phase-engine::integration issue_6498_portent_of_calamity::dynamic_reveal_put_rest_emits_last_revealed_sibling
        PASS [   0.042s] ( 552/1042) phase-engine::integration issue_6498_portent_of_calamity::opponent_library_bottom_order_prompts_owner_and_applies_submitted_order
        PASS [   0.278s] ( 553/1042) phase-engine::integration issue_6091_grindstone::grindstone_stops_mid_library_when_pair_no_longer_shares_color
        PASS [   0.518s] ( 554/1042) phase-engine::integration issue_5999_aura_exile_host::issue_5999_aura_goes_to_graveyard_when_enchanted_creature_is_exiled
        PASS [   0.107s] ( 555/1042) phase-engine::integration issue_6517_dauthi_voidwalker_void_play::your_own_dying_creature_still_goes_to_the_graveyard
        PASS [   0.388s] ( 556/1042) phase-engine::integration issue_6498_portent_of_calamity::dynamic_reveal_put_rest_moves_revealed_cards_to_library_bottom
        PASS [   2.020s] ( 557/1042) phase-engine::integration issue_5330_scavengers_talent_graveyard_return::scavengers_talent_card_data_level3_shape_matches_oracle_parse
        PASS [   0.211s] ( 558/1042) phase-engine::integration issue_6498_portent_of_calamity::portent_parses_dynamic_reveal_and_last_revealed_rest_to_graveyard
        PASS [   0.114s] ( 559/1042) phase-engine::integration issue_7063_library_reorder::time_ebb_triggers_dutiful_knowledge_seeker_for_a_distinct_creature
        PASS [   0.161s] ( 560/1042) phase-engine::integration issue_7221_forage_trigger::foraging_from_graveyard_triggers_corpseberry_cultivator
        PASS [   0.188s] ( 561/1042) phase-engine::integration issue_7467_manifest_dread_tracked_set::a_one_card_library_manifests_synchronously_with_exactly_x_counters
        PASS [   0.645s] ( 562/1042) phase-engine::integration issue_6102_ragavan_exile_cast::ragavan_creates_treasure_when_damaged_player_has_empty_library
        PASS [   0.164s] ( 563/1042) phase-engine::integration issue_8183_static_gate_fail_open::dandan_parses_a_condition_gated_cant_attack_static
        PASS [   0.236s] ( 564/1042) phase-engine::integration issue_8183_static_gate_fail_open::dandan_attack_legality_follows_the_defending_players_board
        PASS [   0.542s] ( 565/1042) phase-engine::integration issue_6498_portent_of_calamity::portent_full_resolution_exiles_picks_to_hand_and_unselected_reveal_to_graveyard
        PASS [   0.212s] ( 566/1042) phase-engine::integration issue_8431_etali_primal_storm_cast_window::etali_window_opens_for_lone_exile_when_a_library_is_empty
        PASS [   0.182s] ( 567/1042) phase-engine::integration issue_8543_up_to_draw_count_choice::choosing_the_whole_library_draws_all_of_it
        PASS [  12.596s] ( 568/1042) phase-engine::integration issue_3993_delve_cancel_payment::pure_delve_spell_cast_from_graveyard_cannot_select_itself
        PASS [   0.161s] ( 569/1042) phase-engine::integration issue_8543_up_to_draw_count_choice::the_count_menu_is_not_clamped_to_library_size
        PASS [   0.385s] ( 570/1042) phase-engine::integration issue_841_selvala_explorer_returned::selvala_parley_adds_green_only_for_nonland_reveals
        PASS [   0.107s] ( 571/1042) phase-engine::integration issue_861_first_sliver_cascade::first_sliver_grants_cascade_to_sliver_spells_cast_from_hand
        PASS [   0.099s] ( 572/1042) phase-engine::integration issue_861_first_sliver_cascade::first_sliver_oracle_parses_sliver_spell_cascade_grant
        PASS [   2.540s] ( 573/1042) phase-engine::integration issue_5330_scavengers_talent_graveyard_return::scavengers_talent_level3_end_step_returns_creature_with_finality
        PASS [   0.339s] ( 574/1042) phase-engine::integration issue_8431_etali_primal_storm_cast_window::etali_window_offers_exile_from_every_library_in_multiplayer
        PASS [   0.460s] ( 575/1042) phase-engine::integration issue_852_torrential_gearhulk::torrential_gearhulk_etb_casts_graveyard_instant_without_mana_cost
        PASS [   1.225s] ( 576/1042) phase-engine::integration issue_6002_neera_wild_mage_bottom_of_library::neera_bottoms_the_cast_spell_not_herself
        PASS [   0.505s] ( 577/1042) phase-engine::integration issue_934_ring_goes_south::ring_goes_south_puts_revealed_lands_onto_battlefield_tapped
        PASS [   0.594s] ( 578/1042) phase-engine::integration issue_934_ring_goes_south::ring_goes_south_parses_reveal_until_lands_to_battlefield_tapped
        PASS [   2.792s] ( 579/1042) phase-engine::integration issue_5977_hunger_tide_chapter_iv::hunger_tide_chapter_iv_library_search_puts_creature_once
        PASS [   3.065s] ( 580/1042) phase-engine::integration issue_5977_hunger_tide_chapter_iv::hunger_tide_chapter_iv_graveyard_search_puts_creature_once
        PASS [  15.213s] ( 581/1042) phase-engine::integration issue_3993_delve_cancel_payment::delve_affordability_preview_excludes_spell_cast_from_graveyard
        PASS [   0.202s] ( 582/1042) phase-engine::integration kaito_integration::kaito_surveil_and_draw
        PASS [   0.185s] ( 583/1042) phase-engine::integration kellan_daring_traveler_mana_value_gate::reveal_creature_above_mv_threshold_does_not_go_to_hand
        PASS [   0.163s] ( 584/1042) phase-engine::integration kellan_daring_traveler_mana_value_gate::reveal_creature_at_or_below_mv_threshold_goes_to_hand
        PASS [  12.465s] ( 585/1042) phase-engine::integration issue_3994_malevolent_rumble::malevolent_rumble_puts_unkept_cards_in_graveyard
        PASS [  19.497s] ( 586/1042) phase-engine::integration issue_3866_insidious_roots_double_trigger::issue_3866_insidious_roots_fires_once_when_creature_leaves_graveyard
        PASS [   0.212s] ( 587/1042) phase-engine::integration kiora_self_library_peek_cast::a_second_resolution_offers_only_its_own_exile_batch
        PASS [   1.047s] ( 588/1042) phase-engine::integration kiora_self_library_peek_cast::a_refused_paid_batch_cast_grants_no_casting_permission_in_production
        PASS [   5.572s] ( 589/1042) phase-engine::integration issue_9282_counter_stack_referent::counterspell_counters_a_cascade_spell_and_leaves_its_cascade_trigger
        PASS [   0.241s] ( 590/1042) phase-engine::integration kiora_self_library_peek_cast::an_undated_coordinated_play_and_cast_grant_stays_a_resolution_window
        PASS [   0.295s] ( 591/1042) phase-engine::integration kiora_self_library_peek_cast::and_joined_cast_type_gate_is_a_disjunction
        PASS [   0.399s] ( 592/1042) phase-engine::integration kiora_self_library_peek_cast::and_or_joined_cast_type_gate_is_a_disjunction
        PASS [   0.243s] ( 593/1042) phase-engine::integration kiora_self_library_peek_cast::collected_conjuring_does_not_offer_an_instant
        PASS [   0.166s] ( 594/1042) phase-engine::integration kiora_self_library_peek_cast::counted_cast_type_gate_keeps_the_type_leg
        PASS [  12.501s] ( 595/1042) phase-engine::integration issue_4792_isochron_scepter::isochron_cast_copy_snapshots_thrumming_stone_ripple
        PASS [   6.737s] ( 596/1042) phase-engine::integration jace_wielder_empty_library_win::jace_draw_from_empty_library_wins
        PASS [   0.181s] ( 597/1042) phase-engine::integration kiora_self_library_peek_cast::epic_experiment_decline_still_runs_its_uncast_cleanup
        PASS [   0.142s] ( 598/1042) phase-engine::integration kiora_self_library_peek_cast::epic_experiment_does_not_offer_a_creature_inside_its_mana_value_ceiling
        PASS [   0.180s] ( 599/1042) phase-engine::integration kiora_self_library_peek_cast::epic_experiment_window_casts_within_x_then_runs_its_uncast_cleanup
        PASS [   0.702s] ( 600/1042) phase-engine::integration kiora_self_library_peek_cast::duration_and_hand_anaphors_stay_lingering_permissions
        PASS [   0.297s] ( 601/1042) phase-engine::integration kiora_self_library_peek_cast::from_among_them_cast_retains_the_instant_or_sorcery_gate
        PASS [   5.467s] ( 602/1042) phase-engine::integration ketramose_exile_trigger_gate_4952::graveyard_exile_on_own_turn_fires_draw_and_lose_life
        PASS [   0.068s] ( 603/1042) phase-engine::integration kiora_self_library_peek_cast::hand_bound_cast_keeps_rich_typed_gate_as_a_complete_predicate
        PASS [   7.940s] ( 604/1042) phase-engine::integration jace_vryns_prodigy_transform::jace_stays_front_face_after_interactive_fourth_graveyard_card
        PASS [   0.236s] ( 605/1042) phase-engine::integration kiora_self_library_peek_cast::hand_bound_cast_retains_the_instant_or_sorcery_gate
        PASS [   0.212s] ( 606/1042) phase-engine::integration kiora_self_library_peek_cast::hand_bound_or_shaped_gate_ands_rather_than_grafts
        PASS [   6.873s] ( 607/1042) phase-engine::integration json_smoke_test::test_scryfall_oracle_id_populated
        PASS [   2.652s] ( 608/1042) phase-engine::integration kiora_self_library_peek_cast::coordinated_leading_durations_bind_to_the_cast_half
        PASS [   0.521s] ( 609/1042) phase-engine::integration kiora_self_library_peek_cast::kiora_accept_casts_during_resolution_and_bottoms_the_rest
        PASS [   2.542s] ( 610/1042) phase-engine::integration kiora_self_library_peek_cast::dig_peek_suffix_constraints_and_negative_siblings
        PASS [   0.724s] ( 611/1042) phase-engine::integration kiora_self_library_peek_cast::itazura_raises_no_redundant_optional_prompt_and_still_runs_its_hand_instruction
        PASS [   1.419s] ( 612/1042) phase-engine::integration kiora_self_library_peek_cast::exile_batch_anaphors_are_resolution_windows_with_their_stated_bounds
        PASS [  10.378s] ( 613/1042) phase-engine::integration issue_5984_aloy_discover_on_attack::aloy_discover_resolves_from_card_db
        PASS [   9.209s] ( 614/1042) phase-engine::integration issue_9282_counter_stack_referent::declined_nether_void_counters_the_spell_and_leaves_its_cascade_trigger
        PASS [   4.489s] ( 615/1042) phase-engine::integration kiora_self_library_peek_cast::a_stated_duration_keeps_the_grant_a_lingering_permission
        PASS [   0.304s] ( 616/1042) phase-engine::integration kiora_self_library_peek_cast::or_shaped_cast_gate_still_references_the_exile_set
        PASS [   1.091s] ( 617/1042) phase-engine::integration kiora_self_library_peek_cast::kiora_bottom_order_is_deterministic_under_a_fixed_seed
        PASS [   8.330s] ( 618/1042) phase-engine::integration jace_wielder_empty_library_win::laboratory_maniac_draw_from_empty_library_wins
        PASS [   0.777s] ( 619/1042) phase-engine::integration kiora_self_library_peek_cast::kiora_multi_candidate_choice_casts_exactly_one_and_bottoms_the_rest
        PASS [   0.921s] ( 620/1042) phase-engine::integration kiora_self_library_peek_cast::kiora_decline_bottoms_every_looked_at_card_without_a_permission
        PASS [   1.925s] ( 621/1042) phase-engine::integration kiora_self_library_peek_cast::from_among_window_refuses_a_cap_it_cannot_carry_instead_of_granting_an_uncapped_permission
        PASS [   0.542s] ( 622/1042) phase-engine::integration kiora_self_library_peek_cast::ral_leyline_prodigy_mid_clause_duration_is_detected_but_not_yet_stamped
        PASS [   9.612s] ( 623/1042) phase-engine::integration jace_vryns_prodigy_transform::stolen_jace_uses_controllers_graveyard_and_returns_to_owner
        PASS [   9.906s] ( 624/1042) phase-engine::integration issue_9282_counter_stack_referent::hesitation_counters_the_spell_that_triggered_it_not_its_cascade_trigger
        PASS [   1.141s] ( 625/1042) phase-engine::integration kiora_self_library_peek_cast::kiora_zero_eligible_cards_bottom_without_parking_a_choice
        PASS [   1.299s] ( 626/1042) phase-engine::integration kiora_self_library_peek_cast::kiora_library_choice_is_private_across_serde_round_trip
        PASS [   9.990s] ( 627/1042) phase-engine::integration jace_vryns_prodigy_transform::jace_transforms_after_interactive_fifth_graveyard_card
        PASS [   0.596s] ( 628/1042) phase-engine::integration kiora_self_library_peek_cast::sanwell_offers_only_vehicles_and_artifact_creatures
        PASS [   0.677s] ( 629/1042) phase-engine::integration kiora_self_library_peek_cast::sanwell_type_gate_holds_under_a_real_trigger_context
        PASS [   0.211s] ( 630/1042) phase-engine::integration kiora_self_library_peek_cast::svella_untyped_peek_still_offers_a_creature
        PASS [   0.437s] ( 631/1042) phase-engine::integration kiora_self_library_peek_cast::subtype_and_multiword_cast_type_gate
        PASS [   0.485s] ( 632/1042) phase-engine::integration kiora_self_library_peek_cast::singular_batch_anaphors_are_one_shot_resolution_windows
        PASS [   1.383s] ( 633/1042) phase-engine::integration kiora_self_library_peek_cast::primeval_spawn_enforces_its_running_total_mana_value_budget
        PASS [   0.592s] ( 634/1042) phase-engine::integration kiora_self_library_peek_cast::svella_activated_peek_casts_one_spell_and_bottoms_the_rest
        PASS [   0.730s] ( 635/1042) phase-engine::integration kiora_self_library_peek_cast::serial_comma_cast_type_gate_yields_all_three_legs
        PASS [   0.404s] ( 636/1042) phase-engine::integration kiora_self_library_peek_cast::the_omenkeel_plural_land_play_is_not_refused
        PASS [   1.516s] ( 637/1042) phase-engine::integration kiora_self_library_peek_cast::perception_bobblehead_excludes_mana_value_four
        PASS [   0.517s] ( 638/1042) phase-engine::integration kiora_self_library_peek_cast::the_will_cycle_window_rides_the_delivered_permission
        PASS [   0.420s] ( 639/1042) phase-engine::integration kiora_self_library_peek_cast::untyped_hand_bound_cast_keeps_a_bare_card_filter
        PASS [   0.152s] ( 640/1042) phase-engine::integration l02_bb1_activation_conditions::s1_bonecache_runtime_true_via_graveyard_disjunct
        PASS [   0.380s] ( 641/1042) phase-engine::integration kylox_voltstrider::kylox_cast_rider_lowers_to_library_bottom_parent_target
        PASS [   0.166s] ( 642/1042) phase-engine::integration l02_bb1_activation_conditions::s7_cavernous_maw_runtime_false_opponent_graveyard_cave_excluded
        PASS [   0.136s] ( 643/1042) phase-engine::integration l02_bb1_activation_conditions::s7_cavernous_maw_runtime_true_all_in_graveyard
        PASS [   0.140s] ( 644/1042) phase-engine::integration l02_bb2_cast_origin::ran_and_shaw_opponent_graveyard_dragon_uncounted
        PASS [   0.617s] ( 645/1042) phase-engine::integration kiora_self_library_peek_cast::untyped_pre_anchor_prefix_adds_no_type_gate
        PASS [   1.902s] ( 646/1042) phase-engine::integration kiora_self_library_peek_cast::real_cards_whose_printed_cap_no_mechanism_can_carry_are_refused
        PASS [   0.121s] ( 647/1042) phase-engine::integration l02_bb2_cast_origin::ran_and_shaw_trigger_condition_is_cast_and_graveyard_count
        PASS [   0.128s] ( 648/1042) phase-engine::integration l02_bb3_cast_permission_finality::leonardo_parse_graveyard_permission_timing_and_finality
        PASS [   0.166s] ( 649/1042) phase-engine::integration lasting_play_from_exile_permission::lasting_play_permission_covers_the_targeted_graveyard_exile_member
        PASS [   0.087s] ( 650/1042) phase-engine::integration living_conundrum_skip_empty_draw::empty_library_draw_is_skipped_no_card_no_loss_flag
        PASS [  10.807s] ( 651/1042) phase-engine::integration jace_wielder_empty_library_win::jace_natural_draw_step_from_empty_library_wins
        PASS [   0.150s] ( 652/1042) phase-engine::integration living_conundrum_skip_empty_draw::nonempty_library_draw_is_not_skipped
        PASS [   0.143s] ( 653/1042) phase-engine::integration living_death_ordering_2932::living_death_returns_graveyard_cards_not_sacrificed_creatures
        PASS [   0.205s] ( 654/1042) phase-engine::integration lead_the_stampede_reveal_visibility_2005::lead_the_stampede_reveals_dig_cards_to_opponent_during_choice
        PASS [   1.774s] ( 655/1042) phase-engine::integration kiora_self_library_peek_cast::self_library_peek_constraints_are_retained
        PASS [   0.328s] ( 656/1042) phase-engine::integration living_death_same_destination_disambiguation_2932::living_death_sacrificed_this_way_excludes_same_graveyard_milled
        PASS [   0.585s] ( 657/1042) phase-engine::integration loop_shortcut::interactive_3p_optional_cascade_apnap_accept_win
        PASS [  11.535s] ( 658/1042) phase-engine::integration jace_wielder_empty_library_win::jace_draw_from_nonempty_library_does_not_win_and_does_not_leak
        PASS [   0.064s] ( 659/1042) phase-engine::integration mad_mage_lost_level_scry_runtime::mad_mage_lost_level_scries_two_at_runtime
        PASS [   0.389s] ( 660/1042) phase-engine::integration lurking_predators_1604_repro::lurking_predators_puts_creature_from_library_top_when_opponent_casts
        PASS [   2.581s] ( 661/1042) phase-engine::integration kiora_self_library_peek_cast::resolution_window_grants_are_never_double_wrapped_in_an_optional_choice
        PASS [   1.452s] ( 662/1042) phase-engine::integration kiora_self_library_peek_cast::velomachus_does_not_offer_a_creature_inside_its_mana_value_ceiling
        PASS [   1.456s] ( 663/1042) phase-engine::integration kiora_self_library_peek_cast::velomachus_power_constraint_is_frozen_before_the_library_choice
        PASS [   0.155s] ( 664/1042) phase-engine::integration maestros_ascendancy_permission_destination::maestros_hand_cast_resolves_to_graveyard
        PASS [   0.201s] ( 665/1042) phase-engine::integration maestros_ascendancy_permission_destination::maestros_graveyard_cast_sacrifices_and_exiles_resolved_spell
        PASS [   0.218s] ( 666/1042) phase-engine::integration magmatic_scorchwing_intervening_if::magmatic_scorchwing_intervening_if_counts_only_nonbasic_lands_in_its_library
        PASS [   0.322s] ( 667/1042) phase-engine::integration maestros_ascendancy_permission_destination::maestros_graveyard_cast_blocked_without_creature
        PASS [   0.094s] ( 668/1042) phase-engine::integration mana_values_among_graveyard_condition::graveyard_shift_castable_at_instant_speed_with_five_distinct_mana_values
        PASS [   0.197s] ( 669/1042) phase-engine::integration mana_values_among_graveyard_condition::aven_heartstabber_gets_bonus_with_five_distinct_mana_values
        PASS [   0.322s] ( 670/1042) phase-engine::integration mana_values_among_graveyard_condition::aven_heartstabber_counts_owned_creature_that_died_under_opponent_control
        PASS [   0.357s] ( 671/1042) phase-engine::integration mana_values_among_graveyard_condition::aven_heartstabber_bonus_tracks_live_as_graveyard_changes
        PASS [   0.063s] ( 672/1042) phase-engine::integration mass_library_order_restore::legacy_marker_removed_hand_controller_continuation_reaches_priority
        PASS [   0.072s] ( 673/1042) phase-engine::integration mass_library_order_restore::legacy_marker_removed_real_continuation_preserves_hand_and_graveyard_origins
        PASS [   0.132s] ( 674/1042) phase-engine::integration manifest_dread_that_creature_anaphor::an_empty_library_manifests_nothing_and_attaches_nothing
        PASS [   0.043s] ( 675/1042) phase-engine::integration mass_library_order_restore::single_owner_mass_library_order_completes_through_change_zone_all
        PASS [   0.202s] ( 676/1042) phase-engine::integration mana_values_among_graveyard_condition::graveyard_shift_not_castable_at_instant_speed_with_four_distinct_mana_values
        PASS [   0.090s] ( 677/1042) phase-engine::integration masters_councillors::masters_councillors_pt_scales_with_graveyard_census_across_players
        PASS [   0.451s] ( 678/1042) phase-engine::integration mana_values_among_graveyard_condition::aven_heartstabber_no_bonus_with_four_distinct_values_despite_more_cards
        PASS [   0.091s] ( 679/1042) phase-engine::integration max_speed_owner_arm_from_graveyard::the_owner_at_max_speed_may_activate_it_from_their_graveyard
        PASS [   0.177s] ( 680/1042) phase-engine::integration max_speed_owner_arm_from_graveyard::the_engine_resets_the_controller_when_a_permanent_dies
        PASS [   1.367s] ( 681/1042) phase-engine::integration loop_shortcut::object_growth_library_observer_does_not_suppress_offer
        PASS [   0.083s] ( 682/1042) phase-engine::integration max_speed_owner_arm_from_graveyard::the_owner_below_max_speed_may_not_activate_it_from_their_graveyard
        PASS [   0.061s] ( 683/1042) phase-engine::integration mill_rest_in_peace_redirect::mill_honors_rest_in_peace_graveyard_to_exile_redirect
        PASS [   0.133s] ( 684/1042) phase-engine::integration memory_plunder_free_cast_2884::declining_free_cast_prompt_leaves_card_in_graveyard
        PASS [   0.121s] ( 685/1042) phase-engine::integration mill_double_redirect_choice_continuation::mill_under_two_graveyard_redirects_delivers_every_card_through_ordering_choices
        PASS [   0.038s] ( 686/1042) phase-engine::integration mogg_fanatic_target_before_cost::targeted_activation_surfaces_reveal_cost_after_target_selection
        PASS [   0.042s] ( 687/1042) phase-engine::integration mox_diamond_discard_cost_2853::mox_diamond_accept_unpayable_routes_to_graveyard
        PASS [   3.270s] ( 688/1042) phase-engine::integration kiora_self_library_peek_cast::self_library_peek_casts_route_during_resolution
        PASS [   0.061s] ( 689/1042) phase-engine::integration mox_diamond_discard_cost_2853::mox_diamond_decline_routes_to_graveyard_without_discard
        PASS [   0.182s] ( 690/1042) phase-engine::integration mizzixs_mastery::creature_card_in_graveyard_is_not_a_legal_target
        PASS [   0.079s] ( 691/1042) phase-engine::integration myrkul_crew_phase1_incarnation::within_library_reposition_does_not_bump_incarnation
        PASS [   0.202s] ( 692/1042) phase-engine::integration mizzixs_mastery::overload_with_empty_graveyard_resolves_and_self_exiles
        PASS [   0.952s] ( 693/1042) phase-engine::integration mimeoplasm_interactive_exile::mimeoplasm_exiles_from_opponent_graveyard
        PASS [   0.562s] ( 694/1042) phase-engine::integration necrobloom_dredge::necrobloom_dredge_decline_draws_normally_land_stays_in_graveyard
        PASS [   0.368s] ( 695/1042) phase-engine::integration necrobloom_dredge::necrobloom_dredge_does_not_cross_into_opponents_graveyard
        PASS [   0.379s] ( 696/1042) phase-engine::integration necrobloom_dredge::necrobloom_dredge_not_offered_when_library_smaller_than_two
        PASS [   5.838s] ( 697/1042) phase-engine::integration kiora_self_library_peek_cast::sentence_leading_duration_over_a_capped_coordinated_cast_refuses
        PASS [   0.892s] ( 698/1042) phase-engine::integration necrobloom_dredge::necrobloom_two_granted_dredge_lands_accepting_one_leaves_the_other_in_graveyard
        PASS [   0.152s] ( 699/1042) phase-engine::integration nether_spirit_only_creature_card_intervening_if::declining_leaves_nether_spirit_in_graveyard
        PASS [   0.543s] ( 700/1042) phase-engine::integration necrobloom_dredge::necrobloom_two_granted_library_exactly_two_sibling_not_offered_after_accept
        PASS [   0.122s] ( 701/1042) phase-engine::integration nether_spirit_only_creature_card_intervening_if::does_not_fire_with_two_creature_cards_in_graveyard
        PASS [   0.376s] ( 702/1042) phase-engine::integration oath_cycle_target_restriction::oath_of_druids_with_no_legal_target_never_reaches_the_reveal
        PASS [   0.733s] ( 703/1042) phase-engine::integration old_growth_troll_return_as_aura::old_growth_troll_dies_to_graveyard_returns_as_aura_attached_to_forest
        PASS [   5.628s] ( 704/1042) phase-engine::integration loop_shortcut_mana_engine::a_hidden_library_hojo_does_not_block_the_mana_engine_shortcut
        PASS [   0.525s] ( 705/1042) phase-engine::integration onakke_oathkeeper::onakke_oathkeeper_graveyard_activation_returns_own_planeswalker
        PASS [   0.281s] ( 706/1042) phase-engine::integration opposition_agent_final::opponent_own_library_search_controls_exiles_and_grants_any_color_permission
        PASS [   0.380s] ( 707/1042) phase-engine::integration opposition_agent_final::cross_library_and_muzzled_searches_do_not_activate_agent_control
        PASS [   0.368s] ( 708/1042) phase-engine::integration optional_replacement_decline_keeps_resident_drain::crypt_first_then_accepted_dredge_does_not_reveal_a_drawn_card
        PASS [   0.161s] ( 709/1042) phase-engine::integration owned_you_target_authority::declared_target_player_owner_still_means_the_selected_players_graveyard
        PASS [   0.356s] ( 710/1042) phase-engine::integration otherwise_conditional_effects::caustic_bronco_saddled_opponents_lose_revealed_mana_value
        PASS [   7.362s] ( 711/1042) phase-engine::integration kiora_self_library_peek_cast::untyped_from_among_them_cast_stays_a_bare_exile_anaphor
        PASS [   0.405s] ( 712/1042) phase-engine::integration owned_you_target_authority::missing_source_choice_refuses_and_unqualified_graveyard_keeps_all_owners
        PASS [   0.213s] ( 713/1042) phase-engine::integration owned_you_target_authority::typed_multi_zone_your_pool_moves_selected_hand_and_graveyard_cards
        PASS [   0.047s] ( 714/1042) phase-engine::integration owner_scoped_graveyard_activation_8506::an_opponent_is_offered_nothing_from_another_players_graveyard
        PASS [   0.449s] ( 715/1042) phase-engine::integration owned_you_target_authority::natural_ooze_can_select_opponents_creature_from_a_graveyard
        PASS [   0.076s] ( 716/1042) phase-engine::integration owner_scoped_graveyard_activation_8506::controller_defaults_to_owner_after_a_foreign_cast_resolves
        PASS [   0.046s] ( 717/1042) phase-engine::integration owner_scoped_graveyard_activation_8506::owner_partitions_graveyard_abilities_across_offers_and_the_block_readout
        PASS [   0.086s] ( 718/1042) phase-engine::integration owner_scoped_graveyard_activation_8506::controller_defaults_to_owner_after_dying_under_an_opponents_control
        PASS [   0.083s] ( 719/1042) phase-engine::integration oxford_type_list_boundary_7451::graveyard_origin_mass_return_applies_the_exclusion
        PASS [   0.346s] ( 720/1042) phase-engine::integration owned_you_target_authority::wretched_full_modes_keep_your_graveyard_independent_from_draw_recipient
        PASS [   0.308s] ( 721/1042) phase-engine::integration palantir_of_orthanc::empty_library_mills_zero_and_loses_zero_life
        PASS [   0.797s] ( 722/1042) phase-engine::integration palace_jailer::palace_jailer_in_graveyard_does_not_change_the_delayed_return
        PASS [   0.433s] ( 723/1042) phase-engine::integration parker_luck::parker_luck_empty_library_fails_closed
        PASS [   6.003s] ( 724/1042) phase-engine::integration mystic_forge_regression::mystic_forge_surfaces_colorless_artifact_on_library_top
        PASS [   6.667s] ( 725/1042) phase-engine::integration mass_library_order_restore::mass_library_order_rejects_stale_typed_incarnation_and_legacy_origin
        PASS [   0.866s] ( 726/1042) phase-engine::integration palantir_of_orthanc::short_library_loses_only_mana_value_of_cards_actually_milled
        PASS [   0.343s] ( 727/1042) phase-engine::integration parker_luck::parker_luck_lose_parses_to_other_revealed_card_mana_value
        PASS [   0.363s] ( 728/1042) phase-engine::integration part_in_friendship_conditional_reveal::part_in_friendship_battlefield_hit_receives_chained_tracked_set_counter
        PASS [   0.340s] ( 729/1042) phase-engine::integration part_in_friendship_conditional_reveal::part_in_friendship_cheap_creature_enters_battlefield
        PASS [   0.364s] ( 730/1042) phase-engine::integration part_in_friendship_conditional_reveal::part_in_friendship_second_death_same_turn_does_not_retrigger
        PASS [   0.749s] ( 731/1042) phase-engine::integration parser_velocity_sprint_1_runtime::draconic_roar_extra_damage_needs_a_revealed_or_controlled_dragon
        PASS [   0.626s] ( 732/1042) phase-engine::integration part_in_friendship_conditional_reveal::part_in_friendship_expensive_creature_goes_to_hand
        PASS [   0.384s] ( 733/1042) phase-engine::integration part_in_friendship_conditional_reveal::part_in_friendship_token_death_does_not_trigger
        PASS [  11.015s] ( 734/1042) phase-engine::integration kiora_self_library_peek_cast::no_card_is_both_instant_and_sorcery
        PASS [   0.096s] ( 735/1042) phase-engine::integration play_with_fire_damage_scry::play_with_fire_parses_player_damage_scry_condition
        PASS [   7.438s] ( 736/1042) phase-engine::integration mass_library_order_restore::turn15_legacy_mass_order_survives_save_reload_and_both_owners_complete
        PASS [   0.263s] ( 737/1042) phase-engine::integration play_with_fire_damage_scry::play_with_fire_damages_creature_without_scrying
        PASS [   0.707s] ( 738/1042) phase-engine::integration part_in_friendship_conditional_reveal::part_in_friendship_hand_hit_receives_chained_tracked_set_counter
        PASS [   0.280s] ( 739/1042) phase-engine::integration play_with_fire_damage_scry::play_with_fire_damages_player_and_scries
        PASS [   0.244s] ( 740/1042) phase-engine::integration player_action_recording_after_choice::opt_records_scry_once_after_choice
        PASS [   0.300s] ( 741/1042) phase-engine::integration player_action_recording_after_choice::surveil_records_once_via_the_pre_choice_emission_site
        PASS [   0.168s] ( 742/1042) phase-engine::integration proctor_of_potential_restriction::proctor_activation_refused_with_no_scry_or_surveil
        PASS [   0.471s] ( 743/1042) phase-engine::integration play_with_fire_damage_scry::play_with_fire_prevented_player_damage_does_not_scry
        PASS [   0.387s] ( 744/1042) phase-engine::integration pr65_growing_cascade_win::n3_growing_cascade_three_player_live_win_on
        PASS [   0.364s] ( 745/1042) phase-engine::integration proctor_of_potential_restriction::proctor_activation_resolves_after_scry
        PASS [   0.215s] ( 746/1042) phase-engine::integration reflexive_discard_this_way::silvan_reveler_discards_nonland_stays_in_graveyard
        PASS [   0.165s] ( 747/1042) phase-engine::integration reflexive_if_rider::consuming_ashes_surveils_when_target_mana_value_le_3
        PASS [   0.522s] ( 748/1042) phase-engine::integration pulse_of_the_forge::pulse_of_the_forge_stays_in_graveyard_after_player_damage_removes_life_lead
        PASS [   0.274s] ( 749/1042) phase-engine::integration reflexive_if_rider::consuming_ashes_no_surveil_when_target_mana_value_gt_3
        PASS [   0.611s] ( 750/1042) phase-engine::integration reflexive_body_token_referent::cadric_gate_false_skips_the_whole_cascade
        PASS [   0.960s] ( 751/1042) phase-engine::integration proctor_of_potential_restriction::proctor_activation_resolves_after_surveil
        PASS [   0.462s] ( 752/1042) phase-engine::integration reflexive_surveil_this_way::chandra_redirected_graveyard_card_stays_out_of_hand
        PASS [   0.614s] ( 753/1042) phase-engine::integration reflexive_surveil_this_way::chandra_moves_a_qualifying_card_from_graveyard_to_hand
        PASS [   0.355s] ( 754/1042) phase-engine::integration rejoin_the_fight_choose_pool::pool_is_the_casters_whole_graveyard_not_just_the_milled_cards
        PASS [   9.163s] ( 755/1042) phase-engine::integration mass_library_order_restore::ordinary_unmarked_battlefield_library_prompt_is_rejected
        PASS [   0.106s] ( 756/1042) phase-engine::integration resolve_all_consent::explicit_restore_resume_publishes_revealed_cards_through_the_boundary_journal
        PASS [   0.944s] ( 757/1042) phase-engine::integration reflexive_surveil_this_way::chandra_keeping_the_card_on_top_never_moves_it_to_hand
        PASS [   0.348s] ( 758/1042) phase-engine::integration rejoin_the_fight_choose_pool::your_graveyard_is_the_casters_not_each_iterated_opponents
        PASS [   0.475s] ( 759/1042) phase-engine::integration relic_of_progenitus_6446::end_to_end_targeted_player_chooses_from_own_graveyard
        PASS [  10.417s] ( 760/1042) phase-engine::integration lurking_predators_1604_repro::lurking_predators_creature_branch_requires_card_types_on_library_object
        PASS [   9.031s] ( 761/1042) phase-engine::integration mystic_forge_regression::future_sight_surfaces_non_land_top_of_library
        PASS [   0.395s] ( 762/1042) phase-engine::integration reveal_until_simultaneous_kept_delivery::kindred_summons_batched_observer_without_turn_limit_fires_once
        PASS [   0.331s] ( 763/1042) phase-engine::integration reveal_until_simultaneous_kept_delivery::kindred_summons_riot_pause_on_first_hit_still_delivers_second_hit
        PASS [   9.388s] ( 764/1042) phase-engine::integration mystic_forge_regression::future_sight_surfaces_land_on_top_of_library
        PASS [   0.530s] ( 765/1042) phase-engine::integration reveal_until_simultaneous_kept_delivery::kindred_summons_preexisting_per_event_observer_counts_each_entry_once
        PASS [   0.169s] ( 766/1042) phase-engine::integration reveal_until_simultaneous_kept_delivery::raph_and_mikey_kept_creature_entering_through_a_riot_pause_is_attacking
        PASS [   9.537s] ( 767/1042) phase-engine::integration mystic_forge_regression::no_static_means_top_of_library_not_castable
        PASS [   0.196s] ( 768/1042) phase-engine::integration reveal_until_simultaneous_kept_delivery::raph_and_mikey_kept_creature_entry_attack_choice_selects_a_planeswalker
        PASS [   0.111s] ( 769/1042) phase-engine::integration reveal_until_that_many::mass_polymorph_exhausts_library_when_too_few_creature_cards
        PASS [   0.240s] ( 770/1042) phase-engine::integration reveal_until_simultaneous_kept_delivery::wild_magic_surge_kept_aura_pause_attaches_and_settles_rest_pile
        PASS [   0.938s] ( 771/1042) phase-engine::integration reveal_until_simultaneous_kept_delivery::kindred_summons_preexisting_warmaster_fires_once_for_two_elves
        PASS [   0.184s] ( 772/1042) phase-engine::integration reveal_until_that_many::mass_polymorph_with_no_creatures_moves_nothing
        PASS [   2.177s] ( 773/1042) phase-engine::integration reflexive_surveil_this_way::chandra_leaves_a_nonqualifying_creature_card_in_the_graveyard
        PASS [   0.214s] ( 774/1042) phase-engine::integration reveal_until_that_many::old_stickfingers_puts_revealed_creature_cards_into_graveyard
        PASS [   1.410s] ( 775/1042) phase-engine::integration rev_tithe_extractor_facedown_cast::rev_reveals_and_casts_the_opponents_facedown_exiled_card
        PASS [   0.456s] ( 776/1042) phase-engine::integration reveal_until_that_many::mass_polymorph_reveals_until_that_many_and_creatures_enter_together
        PASS [   0.196s] ( 777/1042) phase-engine::integration revealed_card_type_disjunction_518::track_down_draws_on_revealed_creature
        PASS [   0.317s] ( 778/1042) phase-engine::integration reveal_until_that_many::synthetic_destiny_zero_count_is_not_replaced_by_a_count_stamped_earlier_in_the_action
        PASS [   0.437s] ( 779/1042) phase-engine::integration reveal_until_that_many::synthetic_destiny_with_no_creatures_reveals_nothing_at_end_step
        PASS [   0.282s] ( 780/1042) phase-engine::integration revealed_card_type_disjunction_518::track_down_does_not_draw_on_revealed_instant
        PASS [   1.200s] ( 781/1042) phase-engine::integration reveal_until_simultaneous_kept_delivery::kindred_summons_single_hit_regression
        PASS [   1.674s] ( 782/1042) phase-engine::integration reveal_until_simultaneous_kept_delivery::destroy_the_evidence_mills_the_whole_revealed_pile_as_one_event
        PASS [   0.548s] ( 783/1042) phase-engine::integration reveal_until_that_many::synthetic_destiny_end_step_reveal_uses_the_count_fixed_at_resolution
        PASS [   6.119s] ( 784/1042) phase-engine::integration oracle_of_the_alpha_conjure_power_nine::oracle_of_the_alpha_etb_conjures_power_nine_into_library_then_shuffles
        PASS [   0.215s] ( 785/1042) phase-engine::integration riku_modal_modes_chosen_cap::bumi_etb_cap_resolves_to_lesson_graveyard_count
        PASS [   0.278s] ( 786/1042) phase-engine::integration revealed_card_type_disjunction_518::track_down_draws_on_revealed_land
        PASS [   0.054s] ( 787/1042) phase-engine::integration rules::battle::battle_protector_narrowing_to_zero_sends_the_battle_to_the_graveyard
        PASS [   0.611s] ( 788/1042) phase-engine::integration revealed_card_type_disjunction_518::hidetsugu_free_cast_currently_unreachable_for_either_type
        PASS [   0.144s] ( 789/1042) phase-engine::integration rules::attractions::attraction_leaving_for_graveyard_redirects_to_command_junkyard
        PASS [   0.056s] ( 790/1042) phase-engine::integration rules::battle::battle_with_no_legal_protector_goes_to_graveyard
        PASS [   0.060s] ( 791/1042) phase-engine::integration rules::battle::zero_defense_battle_goes_to_graveyard_via_sba
        PASS [   0.059s] ( 792/1042) phase-engine::integration rules::casting::escape_card_appears_castable_with_enough_graveyard
        PASS [   0.047s] ( 793/1042) phase-engine::integration rules::casting::miracle_first_draw_surfaces_reveal_prompt
        PASS [   0.101s] ( 794/1042) phase-engine::integration rules::casting::escape_card_not_castable_without_enough_graveyard
        PASS [   0.130s] ( 795/1042) phase-engine::integration rules::casting::escape_multi_clause_exiles_land_then_graveyard_cards
        PASS [   0.074s] ( 796/1042) phase-engine::integration rules::casting::muldrotha_per_permanent_type_blocks_second_land_from_graveyard
        PASS [   0.059s] ( 797/1042) phase-engine::integration rules::casting::play_land_from_graveyard_with_permission
        PASS [   0.105s] ( 798/1042) phase-engine::integration rules::casting::play_land_from_graveyard_respects_land_drop_limit
        PASS [   0.112s] ( 799/1042) phase-engine::integration rules::replacement::karoo_land_accept_with_unpayable_cost_routes_to_graveyard
        PASS [   0.130s] ( 800/1042) phase-engine::integration rules::replacement::karoo_land_decline_routes_to_graveyard
        PASS [   0.228s] ( 801/1042) phase-engine::integration run_for_your_life_escape::run_for_your_life_escape_castable_from_graveyard_with_four_other_cards
        PASS [   0.192s] ( 802/1042) phase-engine::integration runo_stromkirk_reveal_transform_gate::a_transform_after_a_non_revealing_instruction_is_unaffected
        PASS [   0.291s] ( 803/1042) phase-engine::integration runo_stromkirk_reveal_transform_gate::a_bare_look_then_transform_chain_transforms_the_source
        PASS [   0.151s] ( 804/1042) phase-engine::integration runo_stromkirk_reveal_transform_gate::delver_of_secrets_transforms_when_top_card_is_an_instant
        PASS [   0.265s] ( 805/1042) phase-engine::integration runo_stromkirk_reveal_transform_gate::delver_of_secrets_does_not_transform_when_top_card_is_a_creature
        PASS [   2.095s] ( 806/1042) phase-engine::integration reveal_until_simultaneous_kept_delivery::kindred_summons_warmaster_as_first_hit_fires_once
        PASS [   0.333s] ( 807/1042) phase-engine::integration runo_stromkirk_reveal_transform_gate::runo_accepting_a_reveal_below_the_mana_value_gate_does_not_transform
        PASS [   0.390s] ( 808/1042) phase-engine::integration runo_stromkirk_reveal_transform_gate::runo_accepting_a_reveal_of_a_noncreature_does_not_transform
        PASS [   0.504s] ( 809/1042) phase-engine::integration runo_stromkirk_reveal_transform_gate::runo_declining_a_qualifying_reveal_still_transforms_residual_defect
        PASS [   0.313s] ( 810/1042) phase-engine::integration runo_stromkirk_reveal_transform_gate::runo_declining_a_reveal_of_a_noncreature_does_not_transform
        PASS [   0.470s] ( 811/1042) phase-engine::integration runo_stromkirk_reveal_transform_gate::runo_declining_a_reveal_below_the_mana_value_gate_does_not_transform
        PASS [   0.256s] ( 812/1042) phase-engine::integration runo_stromkirk_reveal_transform_gate::runo_fixture_parses_to_a_transform_gated_on_the_mana_value_floor
        PASS [   0.109s] ( 813/1042) phase-engine::integration sandman_reanimate_self_and_land_s25::sandman_returns_self_and_land_both_tapped_from_graveyard
        PASS [   0.673s] ( 814/1042) phase-engine::integration runo_stromkirk_reveal_transform_gate::runo_transforms_when_top_card_is_a_creature_with_mana_value_six
        PASS [   0.680s] ( 815/1042) phase-engine::integration runo_stromkirk_reveal_transform_gate::sidequest_catch_a_fish_does_not_transform_when_the_reveal_is_declined
        PASS [   3.945s] ( 816/1042) phase-engine::integration reveal_until_simultaneous_kept_delivery::kindred_summons_co_entering_warmaster_sees_the_other_elf
        PASS [   0.639s] ( 817/1042) phase-engine::integration sarkhan_dragon_ascendant_behold::behold_single_battlefield_dragon_no_reveal_makes_treasure
        PASS [   0.525s] ( 818/1042) phase-engine::integration sarkhan_dragon_ascendant_behold::behold_two_hand_dragons_prompts_and_reveals_only_chosen
        PASS [   0.623s] ( 819/1042) phase-engine::integration sarkhan_dragon_ascendant_behold::behold_single_hand_dragon_reveals_and_makes_treasure
        PASS [   0.094s] ( 820/1042) phase-engine::integration scroll_of_fate_manifest_from_hand::from_hand_manifest_is_not_a_library_move_for_the_mana_ability_classifier
        PASS [   0.103s] ( 821/1042) phase-engine::integration scry_substituted_draw_per_card_replacement::scry_substituted_draw_applies_draw_replacement_exactly_once_per_card
        PASS [   0.570s] ( 822/1042) phase-engine::integration scholarship_sponsor::enigma_ridges_reveals_only_after_the_final_scoped_search_choice
        PASS [   0.068s] ( 823/1042) phase-engine::integration scry_surveil_empty_library::one_scry_plus_one_replacement_on_empty_library_records_in_chain_window
        PASS [   0.118s] ( 824/1042) phase-engine::integration scry_substituted_draw_per_card_replacement::scry_substituted_draw_offers_dredge_per_individual_card
        PASS [   0.263s] ( 825/1042) phase-engine::integration scry_choice_not_clobbered_by_triggers::scry_with_two_watchers_still_prompts_and_fires_triggers
        PASS [   0.153s] ( 826/1042) phase-engine::integration scry_surveil_empty_library::scry_against_empty_library_records_without_prompt
        PASS [   1.576s] ( 827/1042) phase-engine::integration runo_stromkirk_reveal_transform_gate::sidequest_catch_a_fish_transforms_when_the_reveal_is_accepted
        PASS [   0.133s] ( 828/1042) phase-engine::integration scry_surveil_empty_library::surveil_against_empty_library_records_without_prompt
        PASS [  15.230s] ( 829/1042) phase-engine::integration loop_shortcut_mana_engine::a_revealed_hojo_does_not_block_the_mana_engine_shortcut
        PASS [   0.200s] ( 830/1042) phase-engine::integration scry_surveil_empty_library::surveil_against_empty_library_still_fires_whenever_you_surveil
        PASS [   0.352s] ( 831/1042) phase-engine::integration scry_surveil_empty_library::scry_against_empty_library_still_fires_whenever_you_scry
        PASS [  15.660s] ( 832/1042) phase-engine::integration loop_shortcut::bloodloop_mandatory_draw_cascade_offers_at_2p_3p_and_4p
        PASS [   6.989s] ( 833/1042) phase-engine::integration pr65_growing_cascade_win::n3_growing_cascade_three_player_natural_death_off
        PASS [   0.652s] ( 834/1042) phase-engine::integration scry_surveil_empty_library::scry_x_graveyard_count_of_zero_is_not_an_instructed_scry
        PASS [   1.364s] ( 835/1042) phase-engine::integration scoped_unless_sacrifice_token::scoped_unless_sacrifice_resumes_after_a_graveyard_replacement_choice
        PASS [   0.526s] ( 836/1042) phase-engine::integration scry_surveil_empty_library::two_scry_plus_one_replacements_on_empty_library_via_replacement_choice
        PASS [   0.067s] ( 837/1042) phase-engine::integration speed_maxspeed_recursion::lightwheel_owner_below_max_speed_cannot_cast_it_from_the_graveyard
        PASS [   0.128s] ( 838/1042) phase-engine::integration speed_maxspeed_recursion::lightwheel_owner_at_max_speed_may_cast_it_from_the_graveyard
        PASS [   0.055s] ( 839/1042) phase-engine::integration spell_controller_is_derived::origin_zone_arrival_mark::graveyard_origin_seeds_controller
        PASS [   0.075s] ( 840/1042) phase-engine::integration spell_controller_is_derived::resolving_stack_entry_in_graveyard_is_excluded
        PASS [   0.054s] ( 841/1042) phase-engine::integration stack_entry_node_reach::a_batched_trigger_acts_on_every_subject_of_its_batch
        PASS [   0.121s] ( 842/1042) phase-engine::integration stack_entry_node_reach::a_counter_acts_on_its_target_spell_beneath_that_spells_own_trigger
        PASS [   0.153s] ( 843/1042) phase-engine::integration stack_entry_node_reach::a_child_whose_targets_are_set_during_resolution_acts_on_nothing
        PASS [   0.743s] ( 844/1042) phase-engine::integration scry_surveil_empty_library::surveil_x_graveyard_count_of_zero_is_not_an_instructed_surveil
        PASS [   0.135s] ( 845/1042) phase-engine::integration stack_entry_node_reach::a_creature_that_fights_itself_acts_on_nothing_while_that_damage_is_replaced
        PASS [   0.497s] ( 846/1042) phase-engine::integration shuffle_that_pile_manifest::ghastly_conscription_shuffles_pile_and_manifests_graveyard_creatures
        PASS [   0.468s] ( 847/1042) phase-engine::integration shuffle_them_into_libraries::turn_the_earth_puts_each_target_into_its_owners_library_then_each_owner_shuffles
        PASS [   0.100s] ( 848/1042) phase-engine::integration stack_entry_node_reach::a_damage_trigger_reads_the_damaged_player_through_its_scoped_player
        PASS [   0.121s] ( 849/1042) phase-engine::integration stack_entry_node_reach::a_declared_target_that_became_illegal_is_not_acted_on
        PASS [   0.078s] ( 850/1042) phase-engine::integration stack_entry_node_reach::a_destroy_below_a_regeneration_of_its_object_acts_on_nothing
        PASS [   0.062s] ( 851/1042) phase-engine::integration stack_entry_node_reach::a_group_that_no_longer_shares_its_quality_is_not_acted_on
        PASS [   0.060s] ( 852/1042) phase-engine::integration stack_entry_node_reach::a_group_whose_shared_quality_a_pump_may_change_acts_on_nothing
        PASS [   0.017s] ( 853/1042) phase-engine::integration stack_entry_node_reach::a_node_above_a_player_scope_still_acts_on_its_target
        PASS [   0.030s] ( 854/1042) phase-engine::integration stack_entry_node_reach::a_node_below_a_choice_published_for_a_scoped_player_acts_on_nothing
        PASS [   0.027s] ( 855/1042) phase-engine::integration stack_entry_node_reach::a_node_below_a_damage_node_a_replacement_may_change_acts_on_nothing
        PASS [   1.066s] ( 856/1042) phase-engine::integration shorten_efficacy::v1c_graveyard_hate_across_a_per_player_zone_keeps_its_window
        PASS [   0.035s] ( 857/1042) phase-engine::integration stack_entry_node_reach::a_node_naming_a_card_its_surveil_may_move_acts_on_nothing
        PASS [   0.110s] ( 858/1042) phase-engine::integration stack_entry_node_reach::a_node_naming_a_set_its_own_resolution_produces_names_nothing_yet
        PASS [   0.180s] ( 859/1042) phase-engine::integration stack_entry_node_reach::a_node_below_a_surveil_whose_cards_a_replacement_may_move_acts_on_nothing
        PASS [   0.084s] ( 860/1042) phase-engine::integration stack_entry_node_reach::a_node_over_any_number_of_target_players_acts_on_nothing
        PASS [   0.074s] ( 861/1042) phase-engine::integration stack_entry_node_reach::a_node_that_chooses_from_the_board_below_a_pump_acts_on_nothing
        PASS [   0.415s] ( 862/1042) phase-engine::integration stack_entry_node_reach::a_later_node_reads_a_cast_fact_condition_as_its_resolution_does
        PASS [   0.068s] ( 863/1042) phase-engine::integration stack_entry_node_reach::a_node_that_declares_its_own_target_acts_only_on_it
        PASS [   0.741s] ( 864/1042) phase-engine::integration stack_entry_node_reach::a_damage_node_whose_subject_a_redirect_reads_acts_on_nothing
        PASS [   0.065s] ( 865/1042) phase-engine::integration stack_entry_node_reach::a_node_with_no_referent_bound_acts_on_nothing
        PASS [   0.040s] ( 866/1042) phase-engine::integration stack_entry_node_reach::a_pending_trigger_reads_its_own_trigger_event_not_the_one_resolving
        PASS [   0.802s] ( 867/1042) phase-engine::integration stack_entry_node_reach::a_damage_node_below_a_change_acts_on_nothing_while_a_damage_replacement_is_on_the_board
        PASS [   0.058s] ( 868/1042) phase-engine::integration stack_entry_node_reach::a_repeated_node_acts_on_nothing
        PASS [   0.025s] ( 869/1042) phase-engine::integration stack_entry_node_reach::a_root_condition_reads_no_coin_flip_from_an_earlier_resolution
        PASS [   0.061s] ( 870/1042) phase-engine::integration stack_entry_node_reach::a_root_condition_counts_its_own_resolution_as_the_resolver_does
        PASS [   0.103s] ( 871/1042) phase-engine::integration stack_entry_node_reach::a_referent_the_parent_produces_during_resolution_is_not_answered
        PASS [   0.860s] ( 872/1042) phase-engine::integration stack_entry_node_reach::a_damage_node_that_damages_its_own_source_acts_on_nothing_while_that_damage_is_replaced
        PASS [   0.120s] ( 873/1042) phase-engine::integration stack_entry_node_reach::a_one_sided_fight_without_its_subject_acts_on_nothing
        PASS [   0.055s] ( 874/1042) phase-engine::integration stack_entry_node_reach::a_root_condition_reads_the_ledgers_resolution_clears
        PASS [   0.862s] ( 875/1042) phase-engine::integration stack_entry_node_reach::a_damage_node_whose_target_an_earlier_instruction_returns_to_hand_acts_on_nothing
        PASS [   0.051s] ( 876/1042) phase-engine::integration stack_entry_node_reach::a_trigger_whose_intervening_if_is_false_acts_on_nothing
        PASS [   0.077s] ( 877/1042) phase-engine::integration stack_entry_node_reach::a_spell_cast_counter_acts_on_nothing_once_its_spell_is_cast_again
        PASS [   0.107s] ( 878/1042) phase-engine::integration stack_entry_node_reach::a_slot_reads_the_root_of_its_own_entry
        PASS [   0.056s] ( 879/1042) phase-engine::integration stack_entry_node_reach::an_else_branch_acts_on_nothing
        PASS [   0.215s] ( 880/1042) phase-engine::integration stack_entry_node_reach::a_self_move_relatch_from_another_resolution_is_not_read
        PASS [   0.121s] ( 881/1042) phase-engine::integration stack_entry_node_reach::a_ward_counter_never_reports_the_targeting_abilitys_source_as_acted_on
        PASS [   0.040s] ( 882/1042) phase-engine::integration stack_entry_node_reach::an_entry_below_a_stack_object_does_not_act_on_it
        PASS [   0.191s] ( 883/1042) phase-engine::integration stack_entry_node_reach::a_spell_with_a_lone_player_target_reads_it_through_its_scoped_player
        PASS [   0.037s] ( 884/1042) phase-engine::integration stack_entry_node_reach::an_exile_whose_until_event_already_happened_acts_on_nothing
        PASS [   0.076s] ( 885/1042) phase-engine::integration stack_entry_node_reach::an_entry_whose_root_is_unimplemented_acts_on_nothing
        PASS [   0.072s] ( 886/1042) phase-engine::integration stack_entry_node_reach::an_exile_of_a_card_in_hand_that_the_resolver_rebinds_acts_on_nothing
        PASS [   0.256s] ( 887/1042) phase-engine::integration stack_entry_node_reach::a_trigger_whose_parent_target_was_not_seeded_reads_its_event_referent
        PASS [   0.101s] ( 888/1042) phase-engine::integration stack_entry_node_reach::an_instead_node_below_the_first_instruction_acts_on_nothing
        PASS [   0.055s] ( 889/1042) phase-engine::integration stack_entry_node_reach::an_undeclared_child_acts_on_the_target_the_engine_hands_it
        PASS [   0.085s] ( 890/1042) phase-engine::integration stack_entry_node_reach::an_undeclared_child_acts_on_nothing_where_the_two_hand_offs_differ
        PASS [   0.059s] ( 891/1042) phase-engine::integration stack_entry_node_reach::brain_freeze_mills_the_player_it_declares
        PASS [   0.329s] ( 892/1042) phase-engine::integration stack_entry_node_reach::aether_spike_counter_acts_on_nothing_while_no_energy_is_paid
        PASS [   0.209s] ( 893/1042) phase-engine::integration stack_entry_node_reach::arc_trail_each_damage_node_acts_on_its_own_target
        PASS [   0.531s] ( 894/1042) phase-engine::integration stack_entry_node_reach::a_spell_whose_control_changed_on_the_stack_acts_on_nothing
        PASS [   0.325s] ( 895/1042) phase-engine::integration stack_entry_node_reach::chancellor_of_the_annex_counter_acts_on_the_spell_that_triggered_it
        PASS [   0.285s] ( 896/1042) phase-engine::integration stack_entry_node_reach::clash_of_wills_with_x_zero_counters_nothing
        PASS [   0.194s] ( 897/1042) phase-engine::integration stack_entry_node_reach::compel_brutality_planeswalker_mode_acts_on_its_recipient
        PASS [   0.473s] ( 898/1042) phase-engine::integration stack_entry_node_reach::boon_of_erebos_life_loss_acts_on_its_controller_not_the_creature
        PASS [   0.161s] ( 899/1042) phase-engine::integration stack_entry_node_reach::cruel_revival_return_node_does_not_act_on_the_destroyed_creature
        PASS [   0.037s] ( 900/1042) phase-engine::integration stack_entry_node_reach::every_routed_single_target_effect_acts_on_its_declared_target
        PASS [   0.284s] ( 901/1042) phase-engine::integration stack_entry_node_reach::delay_exile_rider_below_its_counter_acts_on_nothing
        PASS [   0.296s] ( 902/1042) phase-engine::integration stack_entry_node_reach::embersmith_damage_node_below_its_payment_acts_on_nothing
        PASS [   0.451s] ( 903/1042) phase-engine::integration stack_entry_node_reach::counterbalance_counter_below_its_reveal_acts_on_nothing
        PASS [   0.623s] ( 904/1042) phase-engine::integration stack_entry_node_reach::compel_brutality_planeswalker_mode_acts_on_a_recipient_that_prevents_its_damage
        PASS [   0.255s] ( 905/1042) phase-engine::integration stack_entry_node_reach::laquatus_champion_life_loss_acts_on_nothing_until_its_target_is_chosen
        PASS [   0.172s] ( 906/1042) phase-engine::integration stack_entry_node_reach::leeching_sliver_life_loss_acts_on_the_player_another_sliver_attacks
        PASS [   0.187s] ( 907/1042) phase-engine::integration stack_entry_node_reach::off_balance_acts_on_the_creature_it_declares
        PASS [   0.255s] ( 908/1042) phase-engine::integration stack_entry_node_reach::molten_rain_damage_node_whose_condition_reads_the_board_acts_on_nothing
        PASS [   0.152s] ( 909/1042) phase-engine::integration stack_entry_node_reach::pariah_moves_damage_off_its_controller_so_the_damage_node_acts_on_nothing
        PASS [   0.499s] ( 910/1042) phase-engine::integration stack_entry_node_reach::entropic_battlecruiser_each_opponent_nodes_act_on_nothing
        PASS [   0.373s] ( 911/1042) phase-engine::integration stack_entry_node_reach::memory_erosion_mill_acts_on_the_player_who_cast
        PASS [   0.148s] ( 912/1042) phase-engine::integration stack_entry_node_reach::tail_swipe_cast_outside_a_main_phase_answers_its_pump_and_fight_with_nothing
        PASS [   0.295s] ( 913/1042) phase-engine::integration stack_entry_node_reach::soul_rend_destroy_node_acts_only_on_a_creature_its_condition_admits
        PASS [   1.235s] ( 914/1042) phase-engine::integration stack_entry_node_reach::burst_lightning_answers_the_damage_node_its_kicker_selects
        PASS [   0.498s] ( 915/1042) phase-engine::integration stack_entry_node_reach::self_destruct_later_node_and_slot_anaphor_each_act_on_their_own_object
        PASS [   0.492s] ( 916/1042) phase-engine::integration stack_entry_node_reach::swallowed_by_leviathan_counter_acts_on_the_chosen_spell
        PASS [   0.412s] ( 917/1042) phase-engine::integration stack_entry_node_reach::tail_swipe_fight_acts_on_both_declared_creatures
        PASS [   0.200s] ( 918/1042) phase-engine::integration stack_entry_node_reach::warstorm_surge_damage_from_a_nonartifact_creature_acts_on_the_chosen_player
        PASS [   0.179s] ( 919/1042) phase-engine::integration stack_entry_node_reach::warstorm_surge_damage_from_an_artifact_creature_a_redirect_reads_acts_on_nothing
        PASS [   0.124s] ( 920/1042) phase-engine::integration strategic_betrayal_6505::shape_creature_scopedplayer_resolution_graveyard_owned_scopedplayer
        PASS [   0.362s] ( 921/1042) phase-engine::integration stack_entry_node_reach::underworld_dreams_damage_acts_on_the_player_who_drew
        PASS [   0.167s] ( 922/1042) phase-engine::integration strategic_betrayal_6505::creature_leg_selects_from_battlefield_not_graveyard
        PASS [   0.043s] ( 923/1042) phase-engine::integration surveil_rest_pile_redirect_continuation::surveil_rest_pile_honors_graveyard_exile_redirect
        PASS [   0.191s] ( 924/1042) phase-engine::integration strategic_betrayal_6505::shape_exile_all_creatures_and_graveyard_stays_fail_closed
        PASS [   0.246s] ( 925/1042) phase-engine::integration strategic_betrayal_6505::end_to_end_opponent_chooses_creature_and_loses_graveyard_no_ward
        PASS [   0.588s] ( 926/1042) phase-engine::integration stack_entry_node_reach::teferis_protection_later_nodes_act_on_nothing
        PASS [   0.147s] ( 927/1042) phase-engine::integration surveil_rest_pile_redirect_continuation::surveil_rest_pile_under_two_redirects_runs_keep_on_top_cleanup_once
        PASS [   0.204s] ( 928/1042) phase-engine::integration surveillance_phantasm_scry_or_surveil::phantasm_can_attack_after_scry
        PASS [   0.216s] ( 929/1042) phase-engine::integration surveillance_phantasm_scry_or_surveil::phantasm_can_attack_after_surveil
        PASS [   0.188s] ( 930/1042) phase-engine::integration surveillance_phantasm_scry_or_surveil::phantasm_cannot_attack_with_no_scry_or_surveil
        PASS [   0.102s] ( 931/1042) phase-engine::integration targeted_player_mass_library_shuffle::reminisce_empty_graveyard_still_shuffles_the_target_player
        PASS [   0.027s] ( 932/1042) phase-engine::integration telling_time_rest_split::a_library_bound_remainder_with_no_split_routes_uniformly
        PASS [   0.096s] ( 933/1042) phase-engine::integration telling_time_rest_split::a_degenerate_cross_player_split_asks_the_library_owner_for_the_order
        PASS [   7.069s] ( 934/1042) phase-engine::integration ripples_of_undeath_regression::ripples_of_undeath_triggers_at_precombat_main_phase
        PASS [   1.123s] ( 935/1042) phase-engine::integration stack_entry_node_reach::sheoldred_life_loss_acts_on_the_player_who_drew
        PASS [   0.313s] ( 936/1042) phase-engine::integration targeted_player_mass_library_shuffle::head_games_search_selection_preserves_targeted_opponent_for_final_shuffle
        PASS [   0.106s] ( 937/1042) phase-engine::integration telling_time_rest_split::telling_time_parses_a_library_top_bottom_rest_split
        PASS [   0.264s] ( 938/1042) phase-engine::integration targeted_player_mass_library_shuffle::reminisce_moves_and_shuffles_only_the_target_players_graveyard
        PASS [   0.160s] ( 939/1042) phase-engine::integration telling_time_rest_split::a_revealed_cross_player_pile_stays_visible_to_the_arranging_owner
        PASS [   0.198s] ( 940/1042) phase-engine::integration telling_time_rest_split::telling_time_splits_its_remainder_between_library_top_and_bottom
        PASS [   0.150s] ( 941/1042) phase-engine::integration tempt_with_discovery::searched_this_way_survives_search_choice_continuation
        PASS [   0.041s] ( 942/1042) phase-engine::integration tempt_with_discovery::tempt_with_discovery_step_4_does_not_fire_when_no_opponents_accept
        PASS [   0.334s] ( 943/1042) phase-engine::integration temporal_anchor::temporal_anchor_parses_completed_scry_predicate_and_bottom_exile
        PASS [   0.117s] ( 944/1042) phase-engine::integration tempt_with_discovery::tempt_with_discovery_step_4_fires_n_times_when_n_opponents_accept
        PASS [   0.758s] ( 945/1042) phase-engine::integration swallow_optional_you_may::hades_graveyard_play_permission_is_limited_to_your_turns
        PASS [   0.105s] ( 946/1042) phase-engine::integration tempt_with_discovery::tempt_with_discovery_step_4_fires_once_per_accepting_opponent_two_accept
        PASS [  11.310s] ( 947/1042) phase-engine::integration peer_into_the_abyss::tamiyo_minus_seven_draws_half_library_rounded_up_for_controller
        PASS [   0.147s] ( 948/1042) phase-engine::integration the_ur_dragon_eminence::eminence_cost_reduction_inactive_from_graveyard
        PASS [   0.545s] ( 949/1042) phase-engine::integration tempt_with_discovery::parsed_tempt_with_discovery_two_accepting_opponents_full_flow
        PASS [   0.296s] ( 950/1042) phase-engine::integration tempt_with_discovery::tempt_with_discovery_step_4_uses_performed_action_this_way_repeat_for
        PASS [   0.213s] ( 951/1042) phase-engine::integration tomb_tyrant_graveyard_count_activation::battlefield_zombies_do_not_count
        PASS [   0.083s] ( 952/1042) phase-engine::integration tomb_tyrant_graveyard_count_activation::opponent_turn_is_illegal_even_with_three_zombies
        PASS [   0.733s] ( 953/1042) phase-engine::integration tempt_with_discovery::parsed_tempt_with_bunnies_two_accepting_opponents_full_flow
        PASS [   1.163s] ( 954/1042) phase-engine::integration surveillance_phantasm_scry_or_surveil::phantasm_unaffected_by_an_opponents_scry
        PASS [   0.213s] ( 955/1042) phase-engine::integration tomb_tyrant_graveyard_count_activation::opponent_graveyard_zombies_do_not_count
        PASS [   0.725s] ( 956/1042) phase-engine::integration tempt_with_discovery::tempt_with_bunnies_bonus_counts_opponents_who_accept_offer
        PASS [   0.133s] ( 957/1042) phase-engine::integration tomb_tyrant_graveyard_count_activation::two_zombie_creature_cards_in_controller_graveyard_is_illegal
        PASS [   0.355s] ( 958/1042) phase-engine::integration tomb_tyrant_graveyard_count_activation::empty_graveyard_is_illegal
        PASS [   0.032s] ( 959/1042) phase-engine::integration top_of_library_object_form_permission::object_form_permission_carries_typed_gate
        PASS [   0.179s] ( 960/1042) phase-engine::integration tomb_tyrant_graveyard_count_activation::two_zombies_and_one_human_do_not_meet_threshold
        PASS [   0.046s] ( 961/1042) phase-engine::integration top_of_library_object_form_permission::object_form_permission_gates_land_play_on_source_state
        PASS [   0.059s] ( 962/1042) phase-engine::integration top_of_library_object_form_permission::object_form_permission_plays_the_top_land
        PASS [   0.489s] ( 963/1042) phase-engine::integration tomb_tyrant_graveyard_count_activation::three_human_creatures_in_graveyard_are_not_zombies
        PASS [   0.245s] ( 964/1042) phase-engine::integration tracked_set_anaphor_source::scheme_reveal_batch_anaphor_stays_an_honest_red
        PASS [   0.525s] ( 965/1042) phase-engine::integration tomb_tyrant_graveyard_count_activation::three_zombie_creature_cards_in_controller_graveyard_is_legal
        PASS [   0.472s] ( 966/1042) phase-engine::integration tombstone_stairwell_per_player_tokens::tombstone_stairwell_creates_per_player_tokens_scaled_to_own_graveyard
        PASS [   0.107s] ( 967/1042) phase-engine::integration ultimate_nullification::ultimate_nullification_wipes_creatures_and_all_graveyards_then_self_tucks
        PASS [   0.093s] ( 968/1042) phase-engine::integration umbra_stalker_graveyard_chroma_4066::umbra_stalker_pt_equals_black_symbols_in_your_graveyard
        PASS [   0.162s] ( 969/1042) phase-engine::integration twinned_vision_cast_origin::twinned_vision_nonflashback_graveyard_permission_draws_two
        PASS [   0.161s] ( 970/1042) phase-engine::integration valki_god_of_lies::target_creatures_controller_reveals_their_hand
        PASS [   0.205s] ( 971/1042) phase-engine::integration valki_god_of_lies::denied_reveals_target_spells_controllers_hand
        PASS [   0.216s] ( 972/1042) phase-engine::integration valki_god_of_lies::kitesail_freebooter_bounced_before_etb_resolves_reveals_but_exiles_nothing
        PASS [   0.081s] ( 973/1042) phase-engine::integration valki_god_of_lies::target_creatures_owner_reveals_their_hand_even_when_stolen
        PASS [   8.851s] ( 974/1042) phase-engine::integration ripples_of_undeath_regression::ripples_of_undeath_triggers_after_being_cast_and_next_turn
        PASS [   0.116s] ( 975/1042) phase-engine::integration vannifar_cloak_from_hand::vannifar_cloaks_chosen_hand_card_leaving_library_top_untouched
        PASS [   0.211s] ( 976/1042) phase-engine::integration valki_god_of_lies::valki_etb_reveals_every_opponents_hand_before_the_first_choice
        PASS [   0.362s] ( 977/1042) phase-engine::integration valki_god_of_lies::valki_etb_bounced_in_response_reveals_but_exiles_nothing
        PASS [   9.254s] ( 978/1042) phase-engine::integration ripples_of_undeath_regression::ripples_of_undeath_resolves_mill_three_cards
        PASS [   0.248s] ( 979/1042) phase-engine::integration victimize_graveyard_recursion_7898::victimize_interactive_path_rejects_empty_mandatory_sacrifice_selection
        PASS [   0.383s] ( 980/1042) phase-engine::integration victimize_graveyard_recursion_7898::victimize_interactive_path_real_selection_fires_rider
        PASS [   0.280s] ( 981/1042) phase-engine::integration victimize_graveyard_recursion_7898::victimize_interactive_path_returns_exactly_the_two_chosen_cards_by_identity
        PASS [   0.264s] ( 982/1042) phase-engine::integration victimize_graveyard_recursion_7898::victimize_interactive_path_sacrifices_fodder_and_returns_both_chosen_cards_tapped
        PASS [   9.753s] ( 983/1042) phase-engine::integration ripples_of_undeath_regression::ripples_of_undeath_decline_optional_keeps_milled_cards_in_graveyard
        PASS [   0.281s] ( 984/1042) phase-engine::integration victimize_graveyard_recursion_7898::victimize_returned_cards_enter_tapped
        PASS [   0.432s] ( 985/1042) phase-engine::integration victimize_graveyard_recursion_7898::victimize_resolution_completes_without_dangling_prompt
        PASS [   0.189s] ( 986/1042) phase-engine::integration victimize_graveyard_recursion_7898::victimize_rider_fires_when_sacrifice_happens
        PASS [   0.547s] ( 987/1042) phase-engine::integration victimize_graveyard_recursion_7898::victimize_returned_cards_are_controlled_by_caster
        PASS [   0.302s] ( 988/1042) phase-engine::integration victimize_graveyard_recursion_7898::victimize_rider_suppressed_when_no_creature_to_sacrifice
        PASS [   0.560s] ( 989/1042) phase-engine::integration victimize_graveyard_recursion_7898::victimize_returns_exactly_the_two_chosen_cards_by_identity
        PASS [   0.314s] ( 990/1042) phase-engine::integration victimize_graveyard_recursion_7898::victimize_sacrifice_pool_is_battlefield_not_graveyard
        PASS [   0.300s] ( 991/1042) phase-engine::integration victimize_graveyard_recursion_7898::victimize_sacrifices_exactly_one_creature
        PASS [   0.292s] ( 992/1042) phase-engine::integration victimize_graveyard_recursion_7898::victimize_sacrifices_fodder_and_returns_both_chosen_cards_tapped
        PASS [   0.196s] ( 993/1042) phase-engine::integration victimize_graveyard_recursion_7898::victimize_stale_chosen_card_is_dropped_without_substitution
        PASS [   0.138s] ( 994/1042) phase-engine::integration weeping_angel_combat_prevention::weeping_angel_prevention_uses_owner_not_controller_for_library
        PASS [   0.174s] ( 995/1042) phase-engine::integration wickerfolk_indomitable_composite_gerund_cost::wickerfolk_graveyard_cast_blocked_without_artifact_or_creature
        PASS [   0.177s] ( 996/1042) phase-engine::integration wickerfolk_indomitable_composite_gerund_cost::wickerfolk_graveyard_cast_pays_life_and_sacrifices
        PASS [   0.512s] ( 997/1042) phase-engine::integration weeping_angel_combat_prevention::weeping_angel_combat_damage_to_blocker_shuffles_into_owners_library
        PASS [   0.145s] ( 998/1042) phase-engine::integration wickerfolk_indomitable_composite_gerund_cost::wickerfolk_graveyard_cast_rejected_when_declared_fodder_leaves_before_payment
        PASS [   0.134s] ( 999/1042) phase-engine::integration wickerfolk_indomitable_composite_gerund_cost::wickerfolk_graveyard_cast_requires_controlling_the_sacrifice
        PASS [   0.188s] (1000/1042) phase-engine::integration will_cycle_delivery::d1_resolving_the_will_makes_a_graveyard_land_playable
        PASS [   0.189s] (1001/1042) phase-engine::integration will_cycle_delivery::d2_a_land_reaching_the_graveyard_after_resolution_is_also_covered
        PASS [   0.039s] (1002/1042) phase-engine::integration will_cycle_duration_seam_b1::v1b_hostile_head_without_graveyard_clause_still_declines
        PASS [  11.485s] (1003/1042) phase-engine::integration ripples_of_undeath_regression::ripples_of_undeath_does_not_trigger_on_opponents_turn
        PASS [   0.647s] (1004/1042) phase-engine::integration windfall_greatest_discard_aggregate::windfall_short_library_does_not_shrink_later_players_draws
        PASS [   0.473s] (1005/1042) phase-engine::integration winding_way_reveal_partition_2931::winding_way_routes_chosen_type_to_hand_and_rest_to_graveyard
        PASS [   0.937s] (1006/1042) phase-engine::integration windfall_greatest_discard_aggregate::windfall_counts_a_card_redirected_out_of_the_graveyard_mid_batch
        PASS [   6.058s] (1007/1042) phase-engine::integration twice_instead_repeat_for::secrets_of_the_key_from_graveyard_makes_two_clues
        PASS [  15.144s] (1008/1042) phase-engine::integration ripple_reveal_choice_interaction::ripple_prompts_derive_interaction_for_every_seat
        PASS [   0.074s] (1009/1042) phase-engine::integration wrenn_and_six_up_to_one_optout::plus_one_parses_as_optional_targeted_graveyard_return
        PASS [   0.213s] (1010/1042) phase-engine::integration wrens_run_vanquisher_reveal_cost::wrens_run_vanquisher_auto_falls_through_when_no_elf_in_hand
        PASS [   7.388s] (1011/1042) phase-engine::integration top_of_library_mixed_permission::mixed_unlimited_and_once_per_turn_does_not_burn_bounded_slot
        PASS [   0.158s] (1012/1042) phase-engine::integration wrens_run_vanquisher_reveal_cost::wrens_run_vanquisher_cast_by_paying_three
        PASS [   6.862s] (1013/1042) phase-engine::integration valki_god_of_lies::tibalt_minus_eight_exiles_graveyards_playable_and_adds_rrr
        PASS [   0.175s] (1014/1042) phase-engine::integration yunas_whistle::a_cleared_slot_cannot_turn_this_reveals_whiff_into_a_hit
        PASS [   0.374s] (1015/1042) phase-engine::integration wrens_run_vanquisher_reveal_cost::wrens_run_vanquisher_cast_by_revealing_elf
        PASS [   0.314s] (1016/1042) phase-engine::integration yunas_whistle::a_stale_whiff_verdict_cannot_suppress_this_reveals_hit
        PASS [   0.310s] (1017/1042) phase-engine::integration yunas_whistle::calibrated_blast_reflexive_fires_after_the_reveal
        PASS [   0.555s] (1018/1042) phase-engine::integration yunas_whistle::generic_when_you_do_after_a_reveal_until_whiff_still_triggers
        PASS [   0.944s] (1019/1042) phase-engine::integration yunas_whistle::a_copy_of_the_reflexive_does_not_extend_the_reveal
        PASS [   9.432s] (1020/1042) phase-engine::integration temporal_anchor::temporal_anchor_zero_bottom_keeps_ordinary_scry_watcher_and_skips_anchor_trigger
        PASS [   0.351s] (1021/1042) phase-engine::integration yunas_whistle::reflexives_revealing_different_cards_do_not_coalesce_on_the_stack
        PASS [   0.852s] (1022/1042) phase-engine::integration yunas_whistle::overlapping_reveal_leases_release_independently_bottom_first
        PASS [   0.457s] (1023/1042) phase-engine::integration yunas_whistle::overlapping_reveal_leases_release_independently_top_first
        PASS [   0.729s] (1024/1042) phase-engine::integration yunas_whistle::tunnel_vision_whiff_is_unchanged_by_the_reveal_until_reason
        PASS [   0.491s] (1025/1042) phase-engine::integration yunas_whistle::whistle_counts_x_as_zero_for_the_revealed_mana_value
        PASS [   9.416s] (1026/1042) phase-engine::integration top_of_library_mixed_permission::pure_once_per_turn_burns_slot_and_hides_next_top_spell
        PASS [   0.087s] (1027/1042) phase-engine::integration zhulodok_double_cascade::zhulodok_grants_two_cascades_to_colorless_seven_drop_from_hand
        PASS [   0.663s] (1028/1042) phase-engine::integration yunas_whistle::whistle_reflexive_targets_after_reveal_and_uses_revealed_mana_value
        PASS [   0.602s] (1029/1042) phase-engine::integration yunas_whistle::whistle_without_a_creature_revealed_does_not_trigger
        PASS [   7.656s] (1030/1042) phase-engine::integration welcome_the_dead::welcome_the_dead_with_graveyard_replacement_makes_no_tokens
        PASS [   6.123s] (1031/1042) phase-engine::integration wise_mothman_milled_trigger::milled_trigger_fires_under_a_graveyard_diverting_replacement
        PASS [  10.639s] (1032/1042) phase-engine::integration the_fourteenth_doctor_graveyard_copy::the_fourteenth_doctor_mills_doctor_then_enters_as_hasty_copy
        PASS [  10.713s] (1033/1042) phase-engine::integration twilight_prophet_upkeep_drain_1375::twilight_prophet_upkeep_drains_revealed_card_mana_value
        PASS [   7.860s] (1034/1042) phase-engine::integration wise_mothman_milled_trigger::infesting_radroach_milled_trigger_fires_under_a_graveyard_divert
        PASS [   4.646s] (1035/1042) phase-engine::integration yuriko_combat_damage::yuriko_attacks_loses_opponent_life_equal_to_revealed_card_mana_value
        PASS [   4.839s] (1036/1042) phase-engine::integration yuriko_combat_damage::another_ninja_attacks_yuriko_still_reads_revealed_card_mana_value
        PASS [  18.649s] (1037/1042) phase-engine::integration wba_loop_firewall_interposition::a_graveyard_diverting_replacement_vetoes_and_a_real_tapland_does_not
        PASS [  27.289s] (1038/1042) phase-engine::integration shorten_efficacy::v10d_a_tapped_graveyard_return_keeps_its_window_and_the_library_sibling_accepts
        PASS [  22.785s] (1039/1042) phase-engine::integration witherbloom_altar_probe::altar_absent_boards_publish_no_library_delta
        PASS [  32.393s] (1040/1042) phase-engine::integration wba_loop_firewall_interposition::the_each_player_mill_declines_the_casters_library_and_the_may_mill_declines_nothing_extra
        SLOW [> 60.000s] (─────────) phase-engine::integration kiora_self_library_peek_cast::unbounded_resolution_window_casts_past_the_former_255_cap
        PASS [  34.160s] (1041/1042) phase-engine::integration witherbloom_altar_probe::altar_bearing_boards_offer_and_publish_one_library_delta_per_victim
        SLOW [>120.000s] (─────────) phase-engine::integration kiora_self_library_peek_cast::unbounded_resolution_window_casts_past_the_former_255_cap
        SLOW [>180.000s] (─────────) phase-engine::integration kiora_self_library_peek_cast::unbounded_resolution_window_casts_past_the_former_255_cap
        PASS [ 193.457s] (1042/1042) phase-engine::integration kiora_self_library_peek_cast::unbounded_resolution_window_casts_past_the_former_255_cap
────────────
     Summary [ 265.751s] 1042 tests run: 1042 passed (1 slow), 8266 skipped
done rc=0
