cargo-isolate: CARGO_HOME=/home/lgray/vibe-coding/.cargo-homes/wt-dandan
   Compiling phase-engine v0.103.0 (/home/lgray/vibe-coding/dandan-run/wt-dandan/crates/engine)
    Finished `test` profile [unoptimized + debuginfo] target(s) in 3m 21s
────────────
 Nextest run ID e5c090a4-87f5-41e0-a2f2-17799c012288 with nextest profile: default
    Starting 1596 tests across 8 binaries (31472 tests skipped)
        PASS [   0.057s] (   1/1596) phase-engine game::ability_rw::tests::zone_census_battlefield_write_vs_graveyard_read_discriminates
        PASS [   0.058s] (   2/1596) phase-engine database::synthesis::plot_synthesis_tests::plotted_variant_is_serializable
        PASS [   0.094s] (   3/1596) phase-engine game::ability_scan::tests::census_partition_agrees_with_effect_target_ctx
        PASS [   0.099s] (   4/1596) phase-engine database::synthesis::plot_synthesis_tests::plotted_permission_comparison_is_strictly_greater
        PASS [   0.099s] (   5/1596) phase-engine analysis::resource::tests::a_foreign_mana_ability_reading_a_creature_census_still_vetoes
        PASS [   0.096s] (   6/1596) phase-engine database::synthesis::plot_synthesis_tests::synthesize_plot_adds_hand_activation_with_sorcery_speed
        PASS [   0.096s] (   7/1596) phase-engine game::ability_rw::tests::ne_iv_census_overlap
        PASS [   0.099s] (   8/1596) phase-engine game::ability_rw::tests::l1_zone_card_count_census_and_zone_extraction
        PASS [   0.101s] (   9/1596) phase-engine database::synthesis::plot_synthesis_tests::synthesize_plot_is_noop_without_keyword
        PASS [   0.104s] (  10/1596) phase-engine game::ability_scan::tests::census_hole_arms_are_load_bearing
        PASS [   0.113s] (  11/1596) phase-engine game::ability_scan::tests::b4_execute_census_scanned_while_matchers_stay_read_free
        PASS [   0.113s] (  12/1596) phase-engine database::synthesis::plot_synthesis_tests::synthesize_plot_is_idempotent
        PASS [   0.056s] (  13/1596) phase-engine game::ability_scan::tests::obligation_ii_census_exception_is_exactly_settapstate
        PASS [   0.064s] (  14/1596) phase-engine game::ability_scan::tests::census_tag_set_is_exactly_enumerated
        PASS [   0.055s] (  15/1596) phase-engine game::ability_scan::tests::round2_mass_battlefield_resolvers_census_in_both_oracles
        PASS [   0.067s] (  16/1596) phase-engine game::casting::candidate_plan_tests::an_unaffordable_announcement_product_is_capped_before_it_is_built
        PASS [   0.079s] (  17/1596) phase-engine game::ability_scan::tests::unless_controls_subtype_reports_the_census_it_runs
        PASS [   0.077s] (  18/1596) phase-engine game::casting::candidate_plan_tests::an_over_budget_product_degrades_the_order_axis_before_the_announcement_axis
        PASS [   0.083s] (  19/1596) phase-engine game::augment::dandan_read_sweep_tests::candidates_read_the_storage_authority
        PASS [   0.067s] (  20/1596) phase-engine game::casting::candidate_plan_tests::the_pure_ordering_ceiling_is_unchanged
        PASS [   0.092s] (  21/1596) phase-engine game::ability_scan::tests::suspect_unsuspect_census_is_scope_sensitive
        PASS [   0.073s] (  22/1596) phase-engine game::casting::candidate_plan_tests::the_lazy_order_enumeration_is_deterministic_and_complete
        PASS [   0.081s] (  23/1596) phase-engine game::casting::candidate_plan_tests::the_announcement_product_is_bounded_as_it_is_built
        PASS [   0.106s] (  24/1596) phase-engine game::casting::candidate_plan_tests::an_affordable_cast_enumerates_everything_exhaustively
        PASS [   0.087s] (  25/1596) phase-engine game::casting::castable_zone_authority_tests::a_bare_hidden_zone_card_is_castable_by_nobody
        PASS [   0.067s] (  26/1596) phase-engine game::casting::castable_zone_authority_tests::a_mayhem_card_is_castable_from_its_owners_graveyard_only_when_discarded_this_turn
        PASS [   0.050s] (  27/1596) phase-engine game::casting::castable_zone_authority_tests::potential_alt_cost_authority_matches_graveyard_and_exile_admission
        PASS [   0.132s] (  28/1596) phase-engine game::casting::candidate_plan_tests::no_input_can_plan_more_candidates_than_the_budget
        PASS [   0.066s] (  29/1596) phase-engine game::casting::castable_zone_authority_tests::cast_permissions_name_their_grantee_refuses_only_an_absent_grantee
        PASS [   0.062s] (  30/1596) phase-engine game::casting::castable_zone_authority_tests::the_graveyard_alt_cost_disjunct_refuses_a_land_and_admits_a_non_land
        PASS [   0.066s] (  31/1596) phase-engine game::casting::castable_zone_authority_tests::the_commander_disjunct_needs_the_format_the_zone_and_the_commander_flag
        PASS [   0.080s] (  32/1596) phase-engine game::casting::castable_zone_authority_tests::the_owner_hand_disjunct_is_scoped_to_the_owner
        PASS [   0.082s] (  33/1596) phase-engine game::casting::castable_zone_authority_tests::the_hand_alt_cost_disjunct_admits_its_grantee_and_not_a_bystander
        PASS [   0.057s] (  34/1596) phase-engine game::casting::dandan_read_sweep_tests::non_owner_grants_list_each_pile_card_once
        PASS [   0.096s] (  35/1596) phase-engine game::casting::castable_zone_authority_tests::the_admission_gate_refuses_a_land_on_every_route
        PASS [   0.100s] (  36/1596) phase-engine game::casting::castable_zone_authority_tests::the_top_of_library_disjunct_admits_one_card_under_a_live_static
        PASS [   0.071s] (  37/1596) phase-engine game::casting::dandan_read_sweep_tests::non_owner_graveyard_ids_dedup_the_shared_pile
        PASS [   0.307s] (  38/1596) phase-engine analysis::resource::tests::spent_self_entry_relieves_a_board_censusing_entry_condition
        PASS [   0.094s] (  39/1596) phase-engine game::casting::dandan_read_sweep_tests::non_owner_grants_in_a_per_seat_format_read_the_other_seats_graveyard
        PASS [   0.071s] (  40/1596) phase-engine game::casting::sacrifice_cost_context_identity_tests::direct_combat_and_battle_relative_properties_keep_the_opponent_axis
        PASS [   0.087s] (  41/1596) phase-engine game::casting::sacrifice_cost_context_identity_tests::direct_attachment_name_and_library_properties_use_payer_context
        PASS [   0.066s] (  42/1596) phase-engine game::casting::sacrifice_cost_context_identity_tests::direct_helper_keeps_payer_when_token_source_ceases_to_exist
        PASS [   0.073s] (  43/1596) phase-engine game::casting::sacrifice_cost_context_identity_tests::direct_defending_player_reference_keeps_its_combat_authority
        PASS [   0.079s] (  44/1596) phase-engine game::casting::sacrifice_cost_context_identity_tests::direct_helper_binds_payer_after_stolen_source_exits
        PASS [   0.087s] (  45/1596) phase-engine game::casting::sacrifice_cost_context_identity_tests::direct_counter_history_and_dynamic_threshold_follow_cost_payer
        PASS [   0.077s] (  46/1596) phase-engine game::casting::starting_life_board_state_tests::starting_life_pre_activation_check_requires_a_bound_player
        PASS [   0.086s] (  47/1596) phase-engine game::casting::tests::a_cast_awaiting_its_graveyard_slot_is_refused_before_announcement
        PASS [   0.100s] (  48/1596) phase-engine game::casting::sacrifice_cost_context_identity_tests::direct_helper_preserves_explicit_player_and_ability_references
        PASS [   0.084s] (  49/1596) phase-engine game::casting::tests::a_companion_grant_lends_no_face_down_authority
        PASS [   0.071s] (  50/1596) phase-engine game::casting::tests::a_free_grant_keeps_the_prototype_election_from_exile
        PASS [   0.085s] (  51/1596) phase-engine game::casting::tests::a_free_static_ordered_first_does_not_hide_a_normal_cost_static
        PASS [   0.088s] (  52/1596) phase-engine game::casting::tests::a_free_grant_still_casts_the_evoker_without_the_evoke_election
        PASS [   0.095s] (  53/1596) phase-engine game::casting::tests::a_normal_cost_cast_grant_lets_disguise_cast_face_down
        PASS [   0.068s] (  54/1596) phase-engine game::casting::tests::a_resolution_offer_lends_no_zone_authority_to_an_evoke_election
        PASS [   0.070s] (  55/1596) phase-engine game::casting::tests::ability_condition_currently_met_gates_on_board_relative_quantity
        PASS [   0.114s] (  56/1596) phase-engine game::casting::tests::a_normal_cost_grant_keeps_the_evoke_election_from_exile
        PASS [   0.248s] (  57/1596) phase-engine game::casting::pool_payability_tests::pool_funded_cast_does_not_activate_available_impure_mana_source
        PASS [   0.079s] (  58/1596) phase-engine game::casting::tests::activated_ability_cost_reduction_mana_exemption_skips_mana_abilities
        PASS [   0.132s] (  59/1596) phase-engine game::casting::tests::a_normal_cost_play_grant_with_companion_lets_disguise_cast_face_down
        PASS [   0.068s] (  60/1596) phase-engine game::casting::tests::activated_ability_cost_reduction_you_activate_keys_off_activator_not_source_controller
        PASS [   0.091s] (  61/1596) phase-engine game::casting::tests::activated_ability_cost_reduction_respects_minimum_mana_floor
        PASS [   0.120s] (  62/1596) phase-engine game::casting::tests::activated_ability_cost_reduction_applies_to_matching_permanent_type
        PASS [   0.533s] (  63/1596) phase-engine analysis::resource::tests::s4_s5_player_axis_board_census_keeps_the_veto
        PASS [   0.128s] (  64/1596) phase-engine game::casting::tests::accepted_paid_offer_retains_then_fires_delayed_tail_receipt
        PASS [   0.074s] (  65/1596) phase-engine game::casting::tests::activated_ability_with_target_defers_cost_until_target_selection
        PASS [   0.239s] (  66/1596) phase-engine game::casting::sacrifice_cost_context_identity_tests::direct_mana_leg_and_none_entries_pay_both_selected_costs
        PASS [   0.069s] (  67/1596) phase-engine game::casting::tests::activated_modal_with_no_legal_target_modes_rejects_activation
        PASS [   0.132s] (  68/1596) phase-engine game::casting::tests::activated_modal_mode_choice_offers_cancel_in_legal_actions
        PASS [   0.087s] (  69/1596) phase-engine game::casting::tests::activation_cost_snapshot_round_trips_every_target_settlement_value
        PASS [   0.141s] (  70/1596) phase-engine game::casting::tests::activated_discard_cost_prompts_and_resumes_activation
        PASS [   0.081s] (  71/1596) phase-engine game::casting::tests::activation_fold_applies_raises_before_reductions
        PASS [   0.378s] (  72/1596) phase-engine game::casting::half_life_activation_verdict_tests::block_reason_requires_a_legal_target_before_reporting_unpayable_half_life
        PASS [   0.085s] (  73/1596) phase-engine game::casting::tests::activation_fold_default_order_is_the_minimum_over_every_order
        PASS [   0.109s] (  74/1596) phase-engine game::casting::tests::activated_modal_x_target_selection_carries_labels_and_pays_mana
        PASS [   0.103s] (  75/1596) phase-engine game::casting::tests::activation_pin_uses_activation_context
        PASS [   0.107s] (  76/1596) phase-engine game::casting::tests::activation_mana_payment_auto_taps_activation_only_source
        PASS [   0.643s] (  77/1596) phase-engine analysis::resource::tests::s6_arm_keeps_the_veto_on_fortified_beachheads_decline_census
        PASS [   0.647s] (  78/1596) phase-engine analysis::resource::tests::s6_arm_keeps_the_veto_on_temple_of_the_dragon_queens_decline_census
        PASS [   0.049s] (  79/1596) phase-engine game::casting::tests::adventure_cast_choice_from_hand
        PASS [   0.151s] (  80/1596) phase-engine game::casting::tests::activated_sacrifice_cost_selects_effect_target_before_payment
        PASS [   0.143s] (  81/1596) phase-engine game::casting::tests::activation_discard_replacement_resumes_and_pays_remaining_composite_cost
        PASS [   0.066s] (  82/1596) phase-engine game::casting::tests::activation_restriction_only_once_each_turn_resets_after_source_reenters
        PASS [   0.061s] (  83/1596) phase-engine game::casting::tests::activation_totals_survive_saturated_reduction_amounts
        PASS [   0.096s] (  84/1596) phase-engine game::casting::tests::activation_totals_route_on_the_computed_effective_floor
        PASS [   0.106s] (  85/1596) phase-engine game::casting::tests::activation_restriction_only_once_each_turn_is_enforced
        PASS [   0.077s] (  86/1596) phase-engine game::casting::tests::adventure_countered_to_graveyard
        PASS [   0.104s] (  87/1596) phase-engine game::casting::tests::adventure_cast_choice_when_only_adventure_affordable
        PASS [   0.083s] (  88/1596) phase-engine game::casting::tests::adventure_cast_creature_from_exile
        PASS [   0.120s] (  89/1596) phase-engine game::casting::tests::activation_restriction_only_once_resets_after_source_reenters
        PASS [   0.074s] (  90/1596) phase-engine game::casting::tests::affinity_for_daleks_reduces_dalek_emperor_generic_cost
        PASS [   0.098s] (  91/1596) phase-engine game::casting::tests::adventure_exile_on_resolve
        PASS [   0.080s] (  92/1596) phase-engine game::casting::tests::agatha_dynamic_power_reduces_controlled_creature_ability_cost
        PASS [   0.110s] (  93/1596) phase-engine game::casting::tests::affinity_for_creatures_on_commander_in_command_zone_reduces_generic
        PASS [   0.262s] (  94/1596) phase-engine game::casting::tests::activation_cost_visitor_finds_a_non_empty_witness_and_stops_at_its_budget
        PASS [   0.050s] (  95/1596) phase-engine game::casting::tests::alt_cost_reduction_509::emerge_not_castable_without_sacrificeable_creature
        PASS [   0.067s] (  96/1596) phase-engine game::casting::tests::alt_cost_reduction_509::emerge_affordability_includes_post_reduction_cost_floor
        PASS [   0.102s] (  97/1596) phase-engine game::casting::tests::ai_escape_cast_from_graveyard_pays_mana_and_exiles_five_cards
        PASS [   0.076s] (  98/1596) phase-engine game::casting::tests::alt_cost_reduction_509::emerge_mana_value_reduction_preserves_colored_pips
        PASS [   0.088s] (  99/1596) phase-engine game::casting::tests::alt_cost_reduction_509::emerge_from_artifact_casts_after_sacrificing_an_artifact
        PASS [   0.166s] ( 100/1596) phase-engine game::casting::tests::agatha_reduced_creature_ability_activates_via_production_path
        PASS [   0.058s] ( 101/1596) phase-engine game::casting::tests::alt_cost_reduction_509::emerge_prompts_when_printed_and_emerge_costs_are_both_affordable
        PASS [   0.137s] ( 102/1596) phase-engine game::casting::tests::alt_cost_reduction_509::emerge_only_affordable_after_sacrifice_reduction_casts_and_sacrifices_creature
        PASS [   0.082s] ( 103/1596) phase-engine game::casting::tests::alt_cost_reduction_509::evoke_non_mana_cost_surfaces_alt_cast_choice_with_typed_exile
        PASS [   0.063s] ( 104/1596) phase-engine game::casting::tests::alt_cost_reduction_509::gate_offers_choice_when_both_affordable
        PASS [   0.089s] ( 105/1596) phase-engine game::casting::tests::alt_cost_reduction_509::evoke_non_mana_cost_suppressed_when_unpayable
        PASS [   0.110s] ( 106/1596) phase-engine game::casting::tests::alt_cost_reduction_509::evoke_auto_skips_to_alternative_when_only_reduced_evoke_affordable
        PASS [   0.078s] ( 107/1596) phase-engine game::casting::tests::alt_cost_reduction_509::evoke_offers_choice_when_reduced_printed_cost_affordable
        PASS [   0.233s] ( 108/1596) phase-engine game::casting::tests::aggregate_tap_cost_does_not_clobber_chosen_x::aggregate_teamwork_payment_preserves_x_of_three
        PASS [   0.231s] ( 109/1596) phase-engine game::casting::tests::aggregate_tap_cost_does_not_clobber_chosen_x::aggregate_teamwork_payment_preserves_x_of_two
        PASS [   0.070s] ( 110/1596) phase-engine game::casting::tests::alt_cost_reduction_509::gate_offers_evoke_when_only_evoke_affordable
        PASS [   0.194s] ( 111/1596) phase-engine game::casting::tests::alt_cost_reduction_509::crabomination_real_oracle_casts_by_sacrificing_only_an_artifact
        PASS [   0.132s] ( 112/1596) phase-engine game::casting::tests::alt_cost_reduction_509::emerge_reduction_applies_cost_floor_before_payment
        PASS [   0.076s] ( 113/1596) phase-engine game::casting::tests::alt_cost_reduction_509::warp_auto_skips_to_normal_when_only_printed_affordable
        PASS [   0.085s] ( 114/1596) phase-engine game::casting::tests::alt_cost_reduction_509::gate_offers_non_mana_evoke_when_only_evoke_affordable
        PASS [   0.081s] ( 115/1596) phase-engine game::casting::tests::alt_cost_reduction_509::warp_offers_choice_when_reduced_printed_cost_affordable
        PASS [   0.079s] ( 116/1596) phase-engine game::casting::tests::an_alternative_grant_lends_no_zone_authority_to_a_bestow_election
        PASS [   0.283s] ( 117/1596) phase-engine game::casting::tests::alt_cost_reduction_509::crabomination_real_oracle_prompt_describes_artifact_sacrifice
        PASS [   0.087s] ( 118/1596) phase-engine game::casting::tests::an_alternative_grant_lends_no_zone_authority_to_an_evoke_election
        PASS [   0.109s] ( 119/1596) phase-engine game::casting::tests::alt_cost_reduction_509::warp_displayed_alternative_cost_reflects_reduction
        PASS [   0.120s] ( 120/1596) phase-engine game::casting::tests::an_activation_journal_row_round_trips
        PASS [   0.132s] ( 121/1596) phase-engine game::casting::tests::alt_cost_reduction_509::gate_rejects_when_neither_affordable
        PASS [   0.124s] ( 122/1596) phase-engine game::casting::tests::alt_cost_reduction_509::warp_prompt_costs_unchanged_without_modifiers
        PASS [   0.069s] ( 123/1596) phase-engine game::casting::tests::an_elected_object_grant_does_not_inherit_an_overlapping_static_extra_cost
        PASS [   0.163s] ( 124/1596) phase-engine game::casting::tests::alt_cost_reduction_509::granted_emerge_self_mana_cost_resolves_to_spell_mana_cost_and_is_paid
        PASS [   0.089s] ( 125/1596) phase-engine game::casting::tests::an_earlier_alternative_rider_source_never_pays_for_the_face_down_cast
        PASS [   0.071s] ( 126/1596) phase-engine game::casting::tests::an_elected_object_grant_does_not_inherit_valgavoths_alternative_cost
        PASS [   0.108s] ( 127/1596) phase-engine game::casting::tests::an_alternative_rider_static_cannot_authorize_disguise
        PASS [   0.529s] ( 128/1596) phase-engine game::casting::tests::activation_reachable_totals_match_every_permutation
        PASS [   0.174s] ( 129/1596) phase-engine game::casting::tests::an_additional_rider_static_still_authorizes_disguise
        PASS [   0.087s] ( 130/1596) phase-engine game::casting::tests::an_open_lock_round_trips_its_point
        PASS [   0.081s] ( 131/1596) phase-engine game::casting::tests::an_unelected_energy_permission_does_not_zero_an_evoke_election
        PASS [   0.093s] ( 132/1596) phase-engine game::casting::tests::angelic_arbiter_cast_lock_only_after_opponent_attacks
        PASS [   0.101s] ( 133/1596) phase-engine game::casting::tests::animate_dead_aura_spell_resolves_and_attaches_to_graveyard_creature
        PASS [   0.081s] ( 134/1596) phase-engine game::casting::tests::animate_dead_enchant_filter_enumerates_graveyard_targets
        PASS [   0.081s] ( 135/1596) phase-engine game::casting::tests::any_player_attacked_you_last_turn_legacy_tag_round_trips
        PASS [   0.091s] ( 136/1596) phase-engine game::casting::tests::ashling_granted_evoke_offered_and_installs_etb_sac
        PASS [   0.081s] ( 137/1596) phase-engine game::casting::tests::assist_commit_rejects_over_max_generic
        PASS [   0.070s] ( 138/1596) phase-engine game::casting::tests::assist_contribution_spends_helper_mana
        PASS [   0.106s] ( 139/1596) phase-engine game::casting::tests::assist_cancel_after_commit_is_allowed_before_helper_payment_starts
        PASS [   0.117s] ( 140/1596) phase-engine game::casting::tests::announcing_opponent_auto_cast_remains_offered_and_reaches_announcer_choice
        PASS [   0.135s] ( 141/1596) phase-engine game::casting::tests::ashling_granted_evoke_full_cast_resolves_to_sacrifice
        PASS [   0.056s] ( 142/1596) phase-engine game::casting::tests::assist_no_offer_without_generic_component
        PASS [   0.104s] ( 143/1596) phase-engine game::casting::tests::assist_decline_proceeds_to_normal_payment
        PASS [   0.062s] ( 144/1596) phase-engine game::casting::tests::assist_offer_excludes_a_phased_out_helper_and_still_offers_the_rest
        PASS [   0.070s] ( 145/1596) phase-engine game::casting::tests::assist_no_offer_without_other_players
        PASS [   0.061s] ( 146/1596) phase-engine game::casting::tests::assist_offers_player_choice_with_generic_cost
        PASS [   0.056s] ( 147/1596) phase-engine game::casting::tests::attacked_player_scope_falls_back_to_the_latched_attacker_record
        PASS [   0.251s] ( 148/1596) phase-engine game::casting::tests::animate_dead_delayed_sacrifice_follows_new_controller
        PASS [   0.216s] ( 149/1596) phase-engine game::casting::tests::animate_dead_grant_survives_cleanup_then_ordinary_removal_still_sacrifices
        PASS [   0.225s] ( 150/1596) phase-engine game::casting::tests::animate_dead_full_pipeline_reanimates_and_reattaches
        PASS [   0.256s] ( 151/1596) phase-engine game::casting::tests::animate_dead_delayed_sacrifice_when_aura_leaves
        PASS [   0.092s] ( 152/1596) phase-engine game::casting::tests::attacked_player_scope_anchors_to_the_declared_attack_target
        PASS [   0.073s] ( 153/1596) phase-engine game::casting::tests::attacked_player_scope_excludes_the_controller
        PASS [   0.231s] ( 154/1596) phase-engine game::casting::tests::animate_dead_keyword_swap_survives_cleanup_step
        PASS [   0.070s] ( 155/1596) phase-engine game::casting::tests::attacked_player_scope_is_kind_preserving_on_the_bound_anchor
        PASS [   0.063s] ( 156/1596) phase-engine game::casting::tests::attacked_you_last_turn_condition_is_existential_over_players
        PASS [   0.122s] ( 157/1596) phase-engine game::casting::tests::assist_only_affordability_remains_offered_through_choose_player_and_payment
        PASS [   0.087s] ( 158/1596) phase-engine game::casting::tests::aura_targeting_respects_hexproof
        PASS [   0.087s] ( 159/1596) phase-engine game::casting::tests::aura_with_enchant_you_control_accepts_own_creature
        PASS [   0.071s] ( 160/1596) phase-engine game::casting::tests::aura_with_enchant_you_control_rejects_opponent_creatures
        PASS [   0.077s] ( 161/1596) phase-engine game::casting::tests::aura_with_multiple_targets_returns_target_selection
        PASS [   0.085s] ( 162/1596) phase-engine game::casting::tests::aura_with_no_legal_targets_fails
        PASS [   0.079s] ( 163/1596) phase-engine game::casting::tests::auto_tap_prefers_safe_land_over_controller_harming_source
        PASS [   0.093s] ( 164/1596) phase-engine game::casting::tests::aura_with_single_target_auto_targets
        PASS [   0.079s] ( 165/1596) phase-engine game::casting::tests::auto_tap_uses_colorless_row_for_generic_preserving_dual
        PASS [   0.101s] ( 166/1596) phase-engine game::casting::tests::auto_tap_respects_conditional_land_secondary_color
        PASS [   0.057s] ( 167/1596) phase-engine game::casting::tests::avenge_cost_reduction_gated_on_attacked_you_last_turn
        PASS [   0.114s] ( 168/1596) phase-engine game::casting::tests::auto_tap_blocks_conditional_land_secondary_color_without_requirement
        PASS [   0.113s] ( 169/1596) phase-engine game::casting::tests::auto_tap_prefers_rock_over_creature_dork
        PASS [   0.118s] ( 170/1596) phase-engine game::casting::tests::auto_tap_uses_brushland_and_loses_life_when_it_is_only_colored_source
        PASS [   0.082s] ( 171/1596) phase-engine game::casting::tests::azula_exile_static_grants_any_type_mana_spend
        PASS [   0.072s] ( 172/1596) phase-engine game::casting::tests::bare_subtype_artifact_land_planning_blocked_by_cant_be_activated
        PASS [   0.065s] ( 173/1596) phase-engine game::casting::tests::bare_subtype_land_detained_excluded_from_legal_mana_actions
        PASS [   0.125s] ( 174/1596) phase-engine game::casting::tests::auto_tap_uses_layer_derived_basic_land_type
        PASS [   0.100s] ( 175/1596) phase-engine game::casting::tests::azula_exile_static_grants_flash_timing
        PASS [   0.076s] ( 176/1596) phase-engine game::casting::tests::bare_subtype_land_cant_tap_excluded_from_legal_mana_actions
        PASS [   0.068s] ( 177/1596) phase-engine game::casting::tests::bare_subtype_land_phased_out_excluded_from_legal_mana_actions
        PASS [   0.118s] ( 178/1596) phase-engine game::casting::tests::bare_non_self_discard_activation_does_not_double_prompt
        PASS [   0.082s] ( 179/1596) phase-engine game::casting::tests::bare_subtype_land_still_offers_mana_without_a_prohibition
        PASS [   0.089s] ( 180/1596) phase-engine game::casting::tests::battle_screech_flashback_partial_payment::battle_screech_flashback_accepts_three_of_three
        PASS [   0.057s] ( 181/1596) phase-engine game::casting::tests::bestow_apply_form_turns_creature_into_aura_with_enchant_creature
        PASS [   0.073s] ( 182/1596) phase-engine game::casting::tests::battlefield_cost_increase_applies_before_reduction_floor
        PASS [   0.066s] ( 183/1596) phase-engine game::casting::tests::bestow_apply_form_is_idempotent
        PASS [   0.107s] ( 184/1596) phase-engine game::casting::tests::battle_screech_flashback_partial_payment::battle_screech_flashback_rejects_empty_selection
        PASS [   0.116s] ( 185/1596) phase-engine game::casting::tests::battle_screech_flashback_partial_payment::battle_screech_flashback_rejects_duplicate_creature
        PASS [   0.092s] ( 186/1596) phase-engine game::casting::tests::battle_screech_flashback_partial_payment::battle_screech_flashback_rejects_two_of_three
        PASS [   0.084s] ( 187/1596) phase-engine game::casting::tests::bestow_aura_leaving_battlefield_via_zone_change_reverts_form
        PASS [   0.086s] ( 188/1596) phase-engine game::casting::tests::bestow_aura_static_buff_applies_to_enchanted_creature
        PASS [   0.088s] ( 189/1596) phase-engine game::casting::tests::bestow_aura_unattach_reverts_in_place_on_battlefield
        PASS [   0.057s] ( 190/1596) phase-engine game::casting::tests::bestow_cost_choice_legal_actions_includes_both_paths
        PASS [   0.051s] ( 191/1596) phase-engine game::casting::tests::bestow_legal_target_resolves_attached_as_aura
        PASS [   0.100s] ( 192/1596) phase-engine game::casting::tests::bestow_choice_is_not_offered_when_no_legal_target
        PASS [   0.072s] ( 193/1596) phase-engine game::casting::tests::blitz_creature_offers_blitz_variant
        PASS [   0.116s] ( 194/1596) phase-engine game::casting::tests::bestow_cost_choice_is_offered_when_both_costs_affordable_and_target_exists
        PASS [   0.086s] ( 195/1596) phase-engine game::casting::tests::bestow_revert_restores_creature_form
        PASS [   0.115s] ( 196/1596) phase-engine game::casting::tests::bestow_form_persists_through_real_cast_to_stack
        PASS [   0.079s] ( 197/1596) phase-engine game::casting::tests::boom_scholar_reduces_other_permanents_exhaust_ability_cost
        PASS [   0.087s] ( 198/1596) phase-engine game::casting::tests::bounded_static_exile_land_play_locks_the_linked_spell_permission
        PASS [   0.129s] ( 199/1596) phase-engine game::casting::tests::bestow_illegal_target_at_resolution_reverts_to_creature
        PASS [   0.095s] ( 200/1596) phase-engine game::casting::tests::bounded_static_exile_land_play_records_exile_cast_before_delivery_tail_choice
        PASS [   0.125s] ( 201/1596) phase-engine game::casting::tests::blitz_full_cast_installs_riders_on_resolution
        PASS [   0.109s] ( 202/1596) phase-engine game::casting::tests::bounded_object_exile_land_permissions_share_the_exile_play_ledger
        PASS [   0.131s] ( 203/1596) phase-engine game::casting::tests::bomat_courier_activates_empty_handed_casting_path
        PASS [   0.068s] ( 204/1596) phase-engine game::casting::tests::can_cast_object_now_checks_targets_across_all_non_modal_spell_abilities
        PASS [   0.078s] ( 205/1596) phase-engine game::casting::tests::build_spell_meta_for_foretold_card_is_not_face_down
        PASS [   0.080s] ( 206/1596) phase-engine game::casting::tests::can_cast_phyrexian_cost_spell_when_life_covers_phyrexian_shard
        PASS [   0.067s] ( 207/1596) phase-engine game::casting::tests::can_pay_sacrifice_cost_with_eligible
        PASS [   0.075s] ( 208/1596) phase-engine game::casting::tests::cancel_activated_modal_ability_rolls_back_to_priority
        PASS [   0.149s] ( 209/1596) phase-engine game::casting::tests::bounded_static_exile_land_play_records_exile_cast_in_post_replacement_drain
        PASS [   0.066s] ( 210/1596) phase-engine game::casting::tests::cancel_cast_uses_stamped_convoked_creatures_when_pending_snapshot_is_empty
        PASS [   0.092s] ( 211/1596) phase-engine game::casting::tests::cancel_cast_after_convoke_removes_payment_marker_and_untaps_creature
        PASS [   0.120s] ( 212/1596) phase-engine game::casting::tests::can_cast_object_now_rejects_target_dependent_flash_with_no_condition_target
        PASS [   0.064s] ( 213/1596) phase-engine game::casting::tests::cancel_modal_returns_to_priority
        PASS [   0.096s] ( 214/1596) phase-engine game::casting::tests::cancel_cast_during_target_selection_returns_to_priority
        PASS [   0.099s] ( 215/1596) phase-engine game::casting::tests::cancel_cast_from_mana_payment_pops_stack_entry
        PASS [   0.064s] ( 216/1596) phase-engine game::casting::tests::cancel_triggered_modal_ability_is_rejected
        PASS [   0.065s] ( 217/1596) phase-engine game::casting::tests::cancel_targeted_activated_ability_does_not_untap_source
        PASS [   0.036s] ( 218/1596) phase-engine game::casting::tests::cant_activate_during_with_mana_exemption_permits_mana_abilities
        PASS [   0.073s] ( 219/1596) phase-engine game::casting::tests::cancelling_an_accepted_paid_offer_withdraws_its_tail_receipt
        PASS [   0.054s] ( 220/1596) phase-engine game::casting::tests::cant_activate_during_display_from_str_roundtrip
        PASS [   0.124s] ( 221/1596) phase-engine game::casting::tests::cancel_clears_pins
        PASS [   0.234s] ( 222/1596) phase-engine game::casting::tests::bounded_static_exile_land_play_records_exile_cast_before_replacement_choice
        PASS [   0.070s] ( 223/1596) phase-engine game::casting::tests::cant_activate_during_city_of_solitude_per_affected_player_matrix
        PASS [   0.084s] ( 224/1596) phase-engine game::casting::tests::cannot_pay_sacrifice_cost_no_eligible
        PASS [   0.086s] ( 225/1596) phase-engine game::casting::tests::cant_activate_abilities_bool_and_sources_drivers_agree
        PASS [   0.090s] ( 226/1596) phase-engine game::casting::tests::cant_activate_during_bool_and_sources_drivers_agree
        PASS [   0.060s] ( 227/1596) phase-engine game::casting::tests::cant_be_activated_bool_and_sources_drivers_agree
        PASS [   0.068s] ( 228/1596) phase-engine game::casting::tests::cant_be_activated_selfref_blocks_only_this_permanent
        PASS [   0.088s] ( 229/1596) phase-engine game::casting::tests::cant_be_activated_aura_blocks_enchanted_creature_not_others
        PASS [   0.072s] ( 230/1596) phase-engine game::casting::tests::cant_cast_during_dosan_per_affected_player_matrix
        PASS [   0.071s] ( 231/1596) phase-engine game::casting::tests::cant_cast_during_not_your_turn_blocks_on_opponent_turn
        PASS [   0.077s] ( 232/1596) phase-engine game::casting::tests::cant_cast_during_runtime_controller_can_cast_own_turn
        PASS [   0.077s] ( 233/1596) phase-engine game::casting::tests::cant_cast_during_runtime_no_statics_returns_false
        PASS [   0.084s] ( 234/1596) phase-engine game::casting::tests::cant_cast_during_runtime_all_players_blocked_during_combat
        PASS [   0.085s] ( 235/1596) phase-engine game::casting::tests::cant_cast_during_runtime_opponent_blocked_on_controllers_turn
        PASS [   0.087s] ( 236/1596) phase-engine game::casting::tests::cant_cast_during_runtime_not_blocked_during_main_phase
        PASS [   0.083s] ( 237/1596) phase-engine game::casting::tests::cant_pay_cost_sacrifice_filters_forbidden_permanents_only
        PASS [   0.099s] ( 238/1596) phase-engine game::casting::tests::cant_cast_next_turn_arms_on_each_opponents_own_turn
        PASS [   0.089s] ( 239/1596) phase-engine game::casting::tests::cast_from_zone_exile_rider_exiles_graveyard_cast_on_resolution
        PASS [   0.076s] ( 240/1596) phase-engine game::casting::tests::cast_only_from_zones_blocks_affected_opponent_from_exile
        PASS [   0.080s] ( 241/1596) phase-engine game::casting::tests::cast_only_from_zones_allows_hand_casts_for_affected_player
        PASS [   0.108s] ( 242/1596) phase-engine game::casting::tests::cast_from_exile_library_bottom_rider_bottoms_resolved_spell
        PASS [   0.094s] ( 243/1596) phase-engine game::casting::tests::cast_mode_play_from_exile_does_not_authorize_an_exiled_land
        PASS [   0.072s] ( 244/1596) phase-engine game::casting::tests::cast_permanent_from_granted_permission_enters_under_caster_control
        PASS [   1.222s] ( 245/1596) phase-engine game::casting::tests::alt_cost_reduction_509::adipose_offspring_hard_cast_creates_single_token
        PASS [   0.068s] ( 246/1596) phase-engine game::casting::tests::cast_spell_rejects_lands
        PASS [   0.085s] ( 247/1596) phase-engine game::casting::tests::cast_spell_insufficient_mana_fails
        PASS [   0.072s] ( 248/1596) phase-engine game::casting::tests::cast_with_keyword_convoke_enters_mana_payment_for_matching_spell
        PASS [   0.082s] ( 249/1596) phase-engine game::casting::tests::cast_with_keyword_convoke_honors_from_exile_filter
        PASS [   0.113s] ( 250/1596) phase-engine game::casting::tests::cast_spell_propagates_player_scope_into_resolved_ability
        PASS [   0.070s] ( 251/1596) phase-engine game::casting::tests::cemetery_prowler_reduces_by_shared_card_types
        PASS [   0.105s] ( 252/1596) phase-engine game::casting::tests::cast_with_keyword_convoke_uses_caster_not_stored_controller
        PASS [   0.062s] ( 253/1596) phase-engine game::casting::tests::city_of_solitude_blocks_mana_abilities_per_2009_ruling
        PASS [   0.106s] ( 254/1596) phase-engine game::casting::tests::cast_with_keyword_flash_allows_creature_spell_outside_normal_timing
        PASS [   1.314s] ( 255/1596) phase-engine game::casting::tests::alt_cost_reduction_509::adipose_offspring_emerge_creates_sacrificed_toughness_tokens
        PASS [   0.081s] ( 256/1596) phase-engine game::casting::tests::choose_two_modal_chains_modes
        PASS [   0.115s] ( 257/1596) phase-engine game::casting::tests::choice_additional_cost_filters_unpayable_casts
        PASS [   0.118s] ( 258/1596) phase-engine game::casting::tests::chosen_muldrotha_variant_requests_and_consumes_permanent_type_slot
        PASS [   0.145s] ( 259/1596) phase-engine game::casting::tests::cast_without_mana_cost_option_checks_commander_control
        PASS [   0.061s] ( 260/1596) phase-engine game::casting::tests::colored_cost_reduction_can_remove_hybrid_symbol_once
        PASS [   0.071s] ( 261/1596) phase-engine game::casting::tests::collection_counter_play_permission_is_once_per_turn
        PASS [   0.059s] ( 262/1596) phase-engine game::casting::tests::colored_cost_reduction_spills_excess_beyond_matching_color_to_generic
        PASS [   0.106s] ( 263/1596) phase-engine game::casting::tests::clarion_blocks_activation_of_multi_type_filter_set
        PASS [   0.080s] ( 264/1596) phase-engine game::casting::tests::colored_cost_reduction_never_touches_mismatched_color_pip
        PASS [   0.095s] ( 265/1596) phase-engine game::casting::tests::colored_cost_reduction_spills_to_generic_when_cost_has_no_matching_color
        PASS [   0.091s] ( 266/1596) phase-engine game::casting::tests::combined_spell_ability_def_tags_top_level_spell_tails_sequential_sibling
        PASS [   0.077s] ( 267/1596) phase-engine game::casting::tests::composite_activated_pay_life_cost_deducts_life
        PASS [   0.073s] ( 268/1596) phase-engine game::casting::tests::composite_mana_tap_sacrifice_activation_uses_alternate_mana_source
        PASS [   0.070s] ( 269/1596) phase-engine game::casting::tests::composite_tap_self_exile_activation_moves_battlefield_source_to_exile
        PASS [   0.090s] ( 270/1596) phase-engine game::casting::tests::composite_mana_tap_activation_excludes_source_from_auto_tap
        PASS [   0.238s] ( 271/1596) phase-engine game::casting::tests::castability_does_not_double_count_mana_used_to_activate_a_filter_land
        PASS [   0.084s] ( 272/1596) phase-engine game::casting::tests::compound_flashback_filtered_when_life_insufficient
        PASS [   0.071s] ( 273/1596) phase-engine game::casting::tests::compound_flashback_pays_mana_and_life
        PASS [   0.119s] ( 274/1596) phase-engine game::casting::tests::compleated_planeswalker_paying_mana_enters_with_full_loyalty
        PASS [   0.160s] ( 275/1596) phase-engine game::casting::tests::colored_shard_pin_preserves_grant
        PASS [   0.122s] ( 276/1596) phase-engine game::casting::tests::compleated_planeswalker_paying_life_enters_with_reduced_loyalty
        PASS [   0.063s] ( 277/1596) phase-engine game::casting::tests::conditional_commander_modal_caps_modes_without_commander
        PASS [   0.060s] ( 278/1596) phase-engine game::casting::tests::conditional_mana_keyword_grant_applies_to_matching_spell
        PASS [   0.070s] ( 279/1596) phase-engine game::casting::tests::conditional_static_modal_allows_extra_mode_when_condition_true
        PASS [   0.090s] ( 280/1596) phase-engine game::casting::tests::conditional_commander_modal_allows_extra_mode_with_commander
        PASS [   0.103s] ( 281/1596) phase-engine game::casting::tests::conditional_cost_reduction_applies_only_when_condition_met
        PASS [   0.116s] ( 282/1596) phase-engine game::casting::tests::conditional_static_modal_caps_modes_when_condition_false
        PASS [   0.047s] ( 283/1596) phase-engine game::casting::tests::cosmic_cube_dynamic_mv_ceiling_enforced_at_finalize
        PASS [   0.109s] ( 284/1596) phase-engine game::casting::tests::convoke_creature_exposed_in_legal_actions_during_payment
        PASS [   0.395s] ( 285/1596) phase-engine game::casting::tests::castability_follows_a_manual_nonland_producer_through_a_filter_land_payment
        PASS [   0.140s] ( 286/1596) phase-engine game::casting::tests::consume_filtered_pending_cost_reduction_removes_the_matching_entry
        PASS [   0.120s] ( 287/1596) phase-engine game::casting::tests::convoke_payment_records_creatures_that_convoked_spell
        PASS [   0.102s] ( 288/1596) phase-engine game::casting::tests::convoke_query_before_record_unaffected_by_snapshot
        PASS [   0.064s] ( 289/1596) phase-engine game::casting::tests::cost_floor_building_block_tops_up_generic_to_floor
        PASS [   0.072s] ( 290/1596) phase-engine game::casting::tests::cost_floor_deferred_while_x_symbolic
        PASS [   0.095s] ( 291/1596) phase-engine game::casting::tests::cost_floor_after_x_concretized_meets_floor
        PASS [   0.067s] ( 292/1596) phase-engine game::casting::tests::cost_reduction_removes_matching_colored_symbols
        PASS [   0.193s] ( 293/1596) phase-engine game::casting::tests::cost_floor_after_x_concretized_below_floor
        PASS [   0.238s] ( 294/1596) phase-engine game::casting::tests::convoke_payment_offers_and_accepts_colored_creature_payment
        PASS [   0.159s] ( 295/1596) phase-engine game::casting::tests::cost_payment_deducts_mana
        PASS [   0.118s] ( 296/1596) phase-engine game::casting::tests::counterspell_with_starting_town_mana_appears_in_legal_actions
        PASS [   0.174s] ( 297/1596) phase-engine game::casting::tests::cost_paid_object_resolves_as_put_counter_effect_target
        PASS [   0.174s] ( 298/1596) phase-engine game::casting::tests::cost_rider_target_classifiers_cover_every_target_reading_shape
        PASS [   0.341s] ( 299/1596) phase-engine game::casting::tests::convoke_from_exile_stacks_with_red_spell_cost_reduction_on_hybrid_cost
        PASS [   0.160s] ( 300/1596) phase-engine game::casting::tests::creature_castable_via_mana_dork_when_lands_tapped
        PASS [   0.233s] ( 301/1596) phase-engine game::casting::tests::cost_type_auto_cast_remains_offered_and_reaches_cost_type_choice
        PASS [   0.607s] ( 302/1596) phase-engine game::casting::tests::collect_evidence_auto_cast_remains_offered_and_reaches_evidence_choice
        PASS [   0.083s] ( 303/1596) phase-engine game::casting::tests::declining_a_paid_offer_withdraws_only_the_triggers_it_recorded
        PASS [   0.222s] ( 304/1596) phase-engine game::casting::tests::creature_castable_via_dynamic_mana_dork
        PASS [   0.054s] ( 305/1596) phase-engine game::casting::tests::defiler_auto_cast_remains_offered_and_reaches_defiler_payment
        PASS [   0.090s] ( 306/1596) phase-engine game::casting::tests::deferred_tap_cost_fails_if_source_left_battlefield_before_target_lock
        PASS [   0.202s] ( 307/1596) phase-engine game::casting::tests::dash_creature_offers_dash_variant
        PASS [   0.074s] ( 308/1596) phase-engine game::casting::tests::delve_exiles_graveyard_card_for_generic
        PASS [   0.227s] ( 309/1596) phase-engine game::casting::tests::creature_in_hand_castable_with_untapped_lands
        PASS [   0.101s] ( 310/1596) phase-engine game::casting::tests::delve_cancel_cast_leaves_selected_cards_in_graveyard
        PASS [   0.071s] ( 311/1596) phase-engine game::casting::tests::delve_makes_spell_castable_via_graveyard
        PASS [   0.104s] ( 312/1596) phase-engine game::casting::tests::delve_cancel_cast_preserves_unrelated_exiled_with_source_cards
        PASS [   0.516s] ( 313/1596) phase-engine game::casting::tests::conduit_accept_commits_cast_and_installs_self_cast_ban
        PASS [   0.103s] ( 314/1596) phase-engine game::casting::tests::delve_enters_mana_payment_with_graveyard_cards
        PASS [   0.215s] ( 315/1596) phase-engine game::casting::tests::dash_full_cast_installs_riders_on_resolution
        PASS [   0.105s] ( 316/1596) phase-engine game::casting::tests::delve_no_mode_without_graveyard_cards
        PASS [   0.802s] ( 317/1596) phase-engine game::casting::tests::castability_follows_two_swamps_through_a_filter_land_payment
        PASS [   0.073s] ( 318/1596) phase-engine game::casting::tests::delve_stale_noncard_graveyard_residents_do_not_make_spell_castable
        PASS [   0.069s] ( 319/1596) phase-engine game::casting::tests::disturb_cast_uses_back_face_on_stack_and_battlefield
        PASS [   0.102s] ( 320/1596) phase-engine game::casting::tests::delve_records_exiled_with_casting_spell
        PASS [   0.092s] ( 321/1596) phase-engine game::casting::tests::delve_x_spell_counts_graveyard_cards_for_max_x
        PASS [   0.079s] ( 322/1596) phase-engine game::casting::tests::doc_aurlock_reduces_plot_special_action_cost
        PASS [   0.592s] ( 323/1596) phase-engine game::casting::tests::conduit_decline_casts_nothing_and_installs_no_ban
        PASS [   0.085s] ( 324/1596) phase-engine game::casting::tests::dosan_does_not_block_ability_activations_per_2004_ruling
        PASS [   0.105s] ( 325/1596) phase-engine game::casting::tests::disturb_uses_disturb_cost_from_graveyard
        PASS [   0.068s] ( 326/1596) phase-engine game::casting::tests::drannith_magistrate_controller_can_cast_from_graveyard
        PASS [   0.067s] ( 327/1596) phase-engine game::casting::tests::drannith_magistrate_opponent_blocked_from_command_zone
        PASS [   0.069s] ( 328/1596) phase-engine game::casting::tests::drannith_magistrate_opponent_can_cast_from_hand
        PASS [   0.074s] ( 329/1596) phase-engine game::casting::tests::drannith_magistrate_opponent_blocked_from_graveyard
        PASS [   0.138s] ( 330/1596) phase-engine game::casting::tests::dracogenesis_dragon_commander_in_command_zone_has_no_mana_cost
        PASS [   0.368s] ( 331/1596) phase-engine game::casting::tests::deadly_cover_up_case_a_no_evidence_no_exile_no_draw
        PASS [   0.170s] ( 332/1596) phase-engine game::casting::tests::doc_aurlock_reduced_plot_activates_via_production_path
        PASS [   0.084s] ( 333/1596) phase-engine game::casting::tests::elected_plain_play_from_exile_does_not_inherit_later_cost_raise
        PASS [   0.100s] ( 334/1596) phase-engine game::casting::tests::eidolon_of_obstruction_taxes_opponent_loyalty_ability
        PASS [   0.096s] ( 335/1596) phase-engine game::casting::tests::emit_targeting_events_own_object_no_crime
        PASS [   0.106s] ( 336/1596) phase-engine game::casting::tests::empty_pins_baseline_unchanged
        PASS [   0.134s] ( 337/1596) phase-engine game::casting::tests::elected_plain_play_from_exile_does_not_consume_later_single_use_group
        PASS [   0.076s] ( 338/1596) phase-engine game::casting::tests::evaluate_casting_prohibition_condition_all_arms
        PASS [   0.061s] ( 339/1596) phase-engine game::casting::tests::exact_permission_does_not_inherit_sibling_permanent_modification
        PASS [   0.099s] ( 340/1596) phase-engine game::casting::tests::escape_phyrexian_cost_deducts_life_after_exile
        PASS [   0.191s] ( 341/1596) phase-engine game::casting::tests::drag_to_the_underworld_devotion_cost_reduction_applies_from_hand
        PASS [   0.069s] ( 342/1596) phase-engine game::casting::tests::exact_permission_does_not_inherit_sibling_etb_counter
        PASS [   0.108s] ( 343/1596) phase-engine game::casting::tests::escape_grant_from_graveyard_source_does_not_apply_to_itself
        PASS [   0.072s] ( 344/1596) phase-engine game::casting::tests::exact_resolution_offer_does_not_consume_sibling_once_per_turn_permission
        PASS [   0.066s] ( 345/1596) phase-engine game::casting::tests::exact_resolution_offer_without_concession_does_not_inherit_later_any_color_sibling
        PASS [   0.142s] ( 346/1596) phase-engine game::casting::tests::enters_with_counter_does_not_leak_from_non_consumed_permission
        PASS [   0.090s] ( 347/1596) phase-engine game::casting::tests::exact_resolution_offer_does_not_inherit_sibling_cast_transformed
        PASS [   0.057s] ( 348/1596) phase-engine game::casting::tests::exert_cost::exert_is_idempotent
        PASS [   0.058s] ( 349/1596) phase-engine game::casting::tests::exert_cost::exert_rejects_off_battlefield_source
        PASS [   0.063s] ( 350/1596) phase-engine game::casting::tests::exert_cost::exert_marker_persists_through_opponent_untap_step
        PASS [   0.071s] ( 351/1596) phase-engine game::casting::tests::exert_cost::exert_skips_next_untap_then_untaps
        PASS [   0.069s] ( 352/1596) phase-engine game::casting::tests::exile_cast_permission_once_per_turn_frequency_gates_offer
        PASS [   0.081s] ( 353/1596) phase-engine game::casting::tests::exile_extra_cost_binds_to_elected_source_not_first_match
        PASS [   0.099s] ( 354/1596) phase-engine game::casting::tests::exile_cast_permission_rejects_card_outside_per_turn_pool
        PASS [   0.076s] ( 355/1596) phase-engine game::casting::tests::exile_permission_free_cast_binds_to_elected_source_not_first_match
        PASS [   0.107s] ( 356/1596) phase-engine game::casting::tests::exhaust_ability_only_once_is_enforced_and_emits_event
        PASS [   0.104s] ( 357/1596) phase-engine game::casting::tests::exile_cast_permission_surfaces_pool_card
        PASS [   0.087s] ( 358/1596) phase-engine game::casting::tests::exile_grant_cost_provenance_serde_forms
        PASS [   0.079s] ( 359/1596) phase-engine game::casting::tests::exile_static_any_color_is_bound_to_elected_source
        PASS [   0.072s] ( 360/1596) phase-engine game::casting::tests::exile_with_alt_cost_zero_uses_no_cost_path
        PASS [   0.289s] ( 361/1596) phase-engine game::casting::tests::echo_of_eons_flashback_castable_with_nonempty_hand
        PASS [   0.098s] ( 362/1596) phase-engine game::casting::tests::exiled_land_entry_rider_uses_the_elected_permission_only
        PASS [   0.118s] ( 363/1596) phase-engine game::casting::tests::exile_static_any_color_casts_off_color_for_authorized_controller_only
        PASS [   0.065s] ( 364/1596) phase-engine game::casting::tests::failing_mana_value_permission_does_not_override_unconstrained_permission
        PASS [   0.078s] ( 365/1596) phase-engine game::casting::tests::firion_reduces_self_equip_ability_cost
        PASS [   0.088s] ( 366/1596) phase-engine game::casting::tests::finalize_refuses_a_per_type_graveyard_authority_without_a_slot
        PASS [   0.089s] ( 367/1596) phase-engine game::casting::tests::first_kicked_spell_reducer_recomputes_after_kicker_declared
        PASS [   0.098s] ( 368/1596) phase-engine game::casting::tests::fires_of_invention_does_not_block_ability_activations
        PASS [   0.098s] ( 369/1596) phase-engine game::casting::tests::first_qualified_spell_reducer_does_not_make_unrelated_artifact_castable
        PASS [   0.119s] ( 370/1596) phase-engine game::casting::tests::filter_scoped_scavenge_grant_resolves_per_object_cost_for_every_match
        PASS [   0.090s] ( 371/1596) phase-engine game::casting::tests::first_qualifying_spell_enqueues_cascade_second_does_not
        PASS [   0.075s] ( 372/1596) phase-engine game::casting::tests::fixed_alternative_chosen_color_auto_tap_replays_selected_fixed_color
        PASS [   0.117s] ( 373/1596) phase-engine game::casting::tests::first_qualified_spell_reducer_only_applies_to_first_matching_spell
        PASS [   0.067s] ( 374/1596) phase-engine game::casting::tests::flash_permission_option_allows_sorcery_outside_normal_window
        PASS [   0.702s] ( 375/1596) phase-engine game::casting::tests::deadly_cover_up_case_b_evidence_exiles_owner_zones_and_draws
        PASS [   0.122s] ( 376/1596) phase-engine game::casting::tests::first_x_spell_reducer_uses_x_filter_dynamic_counter_count_and_first_gate
        PASS [   0.085s] ( 377/1596) phase-engine game::casting::tests::flash_permission_cost_is_not_added_in_normal_timing_window
        PASS [   0.213s] ( 378/1596) phase-engine game::casting::tests::exsanguinate_oracle_text_drains_each_opponent_and_gains_controller
        PASS [   0.221s] ( 379/1596) phase-engine game::casting::tests::exsanguinate_three_player_controller_gains_sum_across_opponents
        PASS [   0.072s] ( 380/1596) phase-engine game::casting::tests::flash_timing_grant_seam::specific_player_cast_with_keyword_tce_scopes_to_player_and_filter
        PASS [   0.158s] ( 381/1596) phase-engine game::casting::tests::fixed_mana_ability_tap_cost_rejects_partial_payment::empty_selection_is_rejected_for_a_fixed_count_one_cost
        PASS [   0.059s] ( 382/1596) phase-engine game::casting::tests::flashback_card_appears_castable_from_graveyard
        PASS [   0.067s] ( 383/1596) phase-engine game::casting::tests::flashback_uses_flashback_cost_not_mana_cost
        PASS [   0.104s] ( 384/1596) phase-engine game::casting::tests::flash_timing_grant_seam::vivien_creature_flash_static_scopes_to_creature_spells
        PASS [   0.155s] ( 385/1596) phase-engine game::casting::tests::fixed_mana_ability_tap_cost_rejects_partial_payment::single_creature_selection_is_accepted
        PASS [   0.078s] ( 386/1596) phase-engine game::casting::tests::flashback_card_in_hand_uses_normal_variant
        PASS [   0.068s] ( 387/1596) phase-engine game::casting::tests::foretell_completion_without_exile_clears_paid_continuation_without_stamp
        PASS [   0.085s] ( 388/1596) phase-engine game::casting::tests::foretell_cast_uses_foretell_cost_only_after_current_turn
        PASS [   0.063s] ( 389/1596) phase-engine game::casting::tests::foretell_special_action_exiles_and_grants_later_turn_permission
        PASS [   0.105s] ( 390/1596) phase-engine game::casting::tests::foretell_cast_tags_stack_spell_for_resolution_conditions
        PASS [   0.056s] ( 391/1596) phase-engine game::casting::tests::freerunning_ledger_resets_at_turn_cleanup
        PASS [   0.076s] ( 392/1596) phase-engine game::casting::tests::freerunning_unavailable_without_assassin_combat_damage
        PASS [   0.148s] ( 393/1596) phase-engine game::casting::tests::foretell_cast_does_not_inherit_sibling_alt_cost_or_spend_rider
        PASS [   0.089s] ( 394/1596) phase-engine game::casting::tests::freerunning_available_after_assassin_combat_damage_to_player
        PASS [   0.095s] ( 395/1596) phase-engine game::casting::tests::free_static_exile_permission_lends_no_face_down_authority
        PASS [   0.115s] ( 396/1596) phase-engine game::casting::tests::free_during_resolution_cast_auto_resolves_with_empty_pool
        PASS [   0.036s] ( 397/1596) phase-engine game::casting::tests::gobakhan_play_from_exile_cost_raise_adds_two_generic
        PASS [   0.078s] ( 398/1596) phase-engine game::casting::tests::gift_recipient_auto_cast_remains_offered_and_reaches_gift_recipient_choice
        PASS [   0.035s] ( 399/1596) phase-engine game::casting::tests::grafdiggers_cage_blocks_all_players_from_graveyard_not_command
        PASS [   0.094s] ( 400/1596) phase-engine game::casting::tests::generic_cost_pin_honored
        PASS [   0.126s] ( 401/1596) phase-engine game::casting::tests::generic_convoke_payment_cannot_pay_colorless_mana_symbol
        PASS [   0.047s] ( 402/1596) phase-engine game::casting::tests::grant_next_spell_controller_scope_keys_controller
        PASS [   0.047s] ( 403/1596) phase-engine game::casting::tests::grant_next_spell_target_scope_keys_targeted_player
        PASS [   0.066s] ( 404/1596) phase-engine game::casting::tests::gran_gran_reduces_noncreature_spell_with_three_lessons_in_graveyard
        PASS [   0.165s] ( 405/1596) phase-engine game::casting::tests::generous_ent_forestcycling_legal_when_creature_cast_is_unaffordable
        PASS [   0.056s] ( 406/1596) phase-engine game::casting::tests::grant_next_spell_without_paying_casts_for_free
        PASS [   0.054s] ( 407/1596) phase-engine game::casting::tests::granted_blitz_offers_blitz_variant
        PASS [   0.054s] ( 408/1596) phase-engine game::casting::tests::granted_encore_surfaces_graveyard_activated_ability
        PASS [   0.068s] ( 409/1596) phase-engine game::casting::tests::granted_blitz_self_mana_cost_resolves_to_spell_mana_cost
        PASS [   0.046s] ( 410/1596) phase-engine game::casting::tests::granted_freerunning_static_surfaces_freerunning_variant
        PASS [   0.037s] ( 411/1596) phase-engine game::casting::tests::granted_self_cost_encore_surfaces_graveyard_ability_at_card_mana_cost
        PASS [   0.062s] ( 412/1596) phase-engine game::casting::tests::granted_non_mana_flashback_pays_additional_cost
        PASS [   0.046s] ( 413/1596) phase-engine game::casting::tests::granted_self_cost_embalm_surfaces_graveyard_ability_at_card_mana_cost
        PASS [   0.084s] ( 414/1596) phase-engine game::casting::tests::granted_escape_requires_exile_cost_payment
        PASS [   0.462s] ( 415/1596) phase-engine game::casting::tests::flash_timing_grant_seam::plus_one_lets_sorcery_be_cast_outside_sorcery_window
        PASS [   0.479s] ( 416/1596) phase-engine game::casting::tests::flash_timing_grant_seam::grant_survives_teferi_leaving_battlefield
        PASS [   0.048s] ( 417/1596) phase-engine game::casting::tests::granted_self_cost_harmonize_is_castable_at_card_mana_cost
        PASS [   0.043s] ( 418/1596) phase-engine game::casting::tests::granted_self_mana_value_encore_surfaces_graveyard_ability_at_mana_value
        PASS [   0.065s] ( 419/1596) phase-engine game::casting::tests::granted_spectacle_self_mana_cost_resolves_to_spell_mana_cost
        PASS [   0.558s] ( 420/1596) phase-engine game::casting::tests::flash_timing_grant_seam::grant_expires_at_grantee_next_untap
        PASS [   0.082s] ( 421/1596) phase-engine game::casting::tests::graveyard_cast_this_way_enters_with_type_grant_rider
        PASS [   0.101s] ( 422/1596) phase-engine game::casting::tests::graveyard_cast_this_way_enters_with_finality_counter
        PASS [   0.573s] ( 423/1596) phase-engine game::casting::tests::flash_timing_grant_seam::grant_survives_opponent_gaining_control_of_teferi
        PASS [   0.093s] ( 424/1596) phase-engine game::casting::tests::graveyard_cast_without_rider_has_no_finality_counter
        PASS [   0.112s] ( 425/1596) phase-engine game::casting::tests::graveyard_cast_without_type_rider_is_not_a_vampire
        PASS [   0.070s] ( 426/1596) phase-engine game::casting::tests::graveyard_paid_cast_accept_off_color_pays_via_any_type_concession
        PASS [   0.057s] ( 427/1596) phase-engine game::casting::tests::graveyard_paid_cast_decline_leaves_card_in_graveyard
        PASS [   0.134s] ( 428/1596) phase-engine game::casting::tests::graveyard_in_place_alt_cost_grant_is_consumed_after_one_cast
        PASS [   0.102s] ( 429/1596) phase-engine game::casting::tests::graveyard_paid_cast_accept_on_color_opens_manual_payment_then_stack
        PASS [   0.105s] ( 430/1596) phase-engine game::casting::tests::graveyard_paid_cast_any_color_survives_offer_and_pays_off_color
        PASS [   0.088s] ( 431/1596) phase-engine game::casting::tests::graveyard_paid_cast_router_opens_offer_not_lingering_permission
        PASS [   0.093s] ( 432/1596) phase-engine game::casting::tests::graveyard_paid_final_rejection_withdraws_delayed_tail_receipt
        PASS [   0.059s] ( 433/1596) phase-engine game::casting::tests::graveyard_sorcery_without_keywords_not_castable
        PASS [   0.132s] ( 434/1596) phase-engine game::casting::tests::graveyard_paid_cast_with_exile_rider_installs_single_redirect_and_exiles_once
        PASS [   0.071s] ( 435/1596) phase-engine game::casting::tests::graveyard_timed_alt_cost_grant_is_castable_in_place
        PASS [   0.066s] ( 436/1596) phase-engine game::casting::tests::graveyard_timed_alt_cost_grant_omits_an_artifact_land_but_keeps_its_land_play_route
        PASS [   0.126s] ( 437/1596) phase-engine game::casting::tests::graveyard_paid_offer_uses_exact_appended_permission_over_conflicting_sibling
        PASS [   0.061s] ( 438/1596) phase-engine game::casting::tests::hand_alt_cost_permission_overrides_printed_mana_cost
        PASS [   0.156s] ( 439/1596) phase-engine game::casting::tests::graveyard_paid_manual_cast_remains_offered_and_reaches_mana_payment
        PASS [   0.115s] ( 440/1596) phase-engine game::casting::tests::graveyard_spell_with_flashback_and_retrace_prompts_for_cast_variant
        PASS [   0.074s] ( 441/1596) phase-engine game::casting::tests::hand_spell_alternative_pay_life_cost_replaces_mana_cost
        PASS [   0.103s] ( 442/1596) phase-engine game::casting::tests::handle_cast_spell_rejects_battlefield_zone
        PASS [   0.107s] ( 443/1596) phase-engine game::casting::tests::handle_activate_rejects_tapped_one_of_tap_branches
        PASS [   0.079s] ( 444/1596) phase-engine game::casting::tests::harmonize_card_not_castable_when_only_reduction_creature_cant_tap
        PASS [   0.375s] ( 445/1596) phase-engine game::casting::tests::granted_suspend_upkeep_trigger_ticks_counter_in_exile
        PASS [   0.113s] ( 446/1596) phase-engine game::casting::tests::harmonize_card_castable_when_creature_tap_covers_generic
        PASS [   0.109s] ( 447/1596) phase-engine game::casting::tests::harmonize_castability_does_not_reuse_tapped_reduction_creature_for_mana
        PASS [   0.094s] ( 448/1596) phase-engine game::casting::tests::harmonize_tap_choice_excludes_cant_tap_creature
        PASS [   0.070s] ( 449/1596) phase-engine game::casting::tests::hazel_x_sentinel_mana_ability::hazel_mana_ability_taps_two_tokens_and_pays_two_life
        PASS [   0.141s] ( 450/1596) phase-engine game::casting::tests::harmonize_only_affordability_remains_offered_and_reaches_harmonize_tap_choice
        PASS [   0.239s] ( 451/1596) phase-engine game::casting::tests::grim_lavamancer_targets_before_graveyard_exile_cost
        PASS [   0.065s] ( 452/1596) phase-engine game::casting::tests::hyldas_crown_cost_reduction_applies_only_during_your_turn
        PASS [   0.140s] ( 453/1596) phase-engine game::casting::tests::hazel_x_sentinel_mana_ability::hazel_is_activatable_with_zero_eligible_tokens
        PASS [   0.085s] ( 454/1596) phase-engine game::casting::tests::heliod_warped_eclipse_reduces_by_sum_of_opponents_draws
        PASS [   0.151s] ( 455/1596) phase-engine game::casting::tests::hazel_x_sentinel_mana_ability::x_sentinel_cursor_advance_preserves_fixed_mode
        PASS [   0.185s] ( 456/1596) phase-engine game::casting::tests::hazel_x_sentinel_mana_ability::hazel_rejects_a_selection_above_the_eligible_ceiling
        PASS [   0.061s] ( 457/1596) phase-engine game::casting::tests::impulse_play_from_exile_land_uses_play_path_not_cast_path
        PASS [   0.206s] ( 458/1596) phase-engine game::casting::tests::hazel_x_sentinel_mana_ability::hazel_x_zero_mana_activation_terminates
        PASS [   0.075s] ( 459/1596) phase-engine game::casting::tests::independent_impulse_grant_keeps_face_down_authority_beside_a_free_grant
        PASS [   0.116s] ( 460/1596) phase-engine game::casting::tests::improvise_castability_preview_counts_untapped_artifacts_for_generic_cost
        PASS [   0.058s] ( 461/1596) phase-engine game::casting::tests::ineligible_pin_rejected
        PASS [   0.039s] ( 462/1596) phase-engine game::casting::tests::is_mana_ability_classifier_authoritative
        PASS [   0.187s] ( 463/1596) phase-engine game::casting::tests::hearth_elemental_self_cost_reduction_counts_adventures
        PASS [   0.058s] ( 464/1596) phase-engine game::casting::tests::instant_can_be_cast_at_any_priority
        PASS [   0.047s] ( 465/1596) phase-engine game::casting::tests::issue_4001_adventure_instant_castable_outside_main_phase
        PASS [   0.055s] ( 466/1596) phase-engine game::casting::tests::issue_2011_kozilek_command_castable_with_only_eldrazi_temple
        PASS [   0.088s] ( 467/1596) phase-engine game::casting::tests::issue_2870_enchantment_adventure_offers_cast_choice
        PASS [   0.093s] ( 468/1596) phase-engine game::casting::tests::jennifer_walters_modal_resolution_choice_elects_only_the_selected_spell_face
        PASS [   0.079s] ( 469/1596) phase-engine game::casting::tests::jhoira_granted_suspend_creature_cast_gains_haste
        PASS [   0.057s] ( 470/1596) phase-engine game::casting::tests::jhoira_granted_suspend_last_counter_cast_tags_suspend_variant
        PASS [   0.192s] ( 471/1596) phase-engine game::casting::tests::issue_1579_cycling_fires_when_you_cycle_trigger
        PASS [   0.144s] ( 472/1596) phase-engine game::casting::tests::jhoira_granted_suspend_installs_upkeep_and_cast_triggers
        PASS [   0.187s] ( 473/1596) phase-engine game::casting::tests::jhoira_does_not_regrant_suspend_to_a_natively_suspended_card
        PASS [   0.082s] ( 474/1596) phase-engine game::casting::tests::jumpstart_cast_discards_any_card_then_pushes_spell_with_jumpstart_variant
        PASS [   0.212s] ( 475/1596) phase-engine game::casting::tests::jhoira_exile_cost_activation_suspends_the_exiled_card
        PASS [   0.068s] ( 476/1596) phase-engine game::casting::tests::jumpstart_graveyard_spell_surfaces_when_any_card_discard_and_mana_are_payable
        PASS [   0.055s] ( 477/1596) phase-engine game::casting::tests::jumpstart_on_non_instant_sorcery_does_not_enable_normal_graveyard_cast
        PASS [   0.064s] ( 478/1596) phase-engine game::casting::tests::jumpstart_spell_resolves_to_exile_not_graveyard
        PASS [   0.054s] ( 479/1596) phase-engine game::casting::tests::jumpstart_without_any_discardable_card_is_not_a_legal_cast_action
        PASS [   0.467s] ( 480/1596) phase-engine game::casting::tests::heal_draws_on_the_next_turns_upkeep
        PASS [   0.056s] ( 481/1596) phase-engine game::casting::tests::karn_blocks_bare_subtype_artifact_land_from_legal_mana_actions
        PASS [   0.052s] ( 482/1596) phase-engine game::casting::tests::karn_blocks_liquimetal_coated_forest_from_legal_mana_actions
        PASS [   0.046s] ( 483/1596) phase-engine game::casting::tests::karn_blocks_liquimetal_coated_opponent_land
        PASS [   0.189s] ( 484/1596) phase-engine game::casting::tests::jhoira_reads_a_suspend_granted_in_exile_after_the_cost_was_paid
        PASS [   0.322s] ( 485/1596) phase-engine game::casting::tests::jabari_influence_casts_scopes_defender_target_and_lands_chained_counter
        PASS [   0.051s] ( 486/1596) phase-engine game::casting::tests::kicked_spell_reducer_makes_kicker_offerable
        PASS [   0.094s] ( 487/1596) phase-engine game::casting::tests::karn_permits_own_artifact_activation
        PASS [   0.111s] ( 488/1596) phase-engine game::casting::tests::karn_blocks_opponent_artifact_activation
        PASS [   0.090s] ( 489/1596) phase-engine game::casting::tests::kicked_bloodchiefs_thirst_like_spell_targets_three_mv_creature
        PASS [   0.082s] ( 490/1596) phase-engine game::casting::tests::kicker_instead_target_paid_selects_replacement_target_only
        PASS [   0.102s] ( 491/1596) phase-engine game::casting::tests::kicker_instead_target_declines_before_base_target_selection
        PASS [   0.049s] ( 492/1596) phase-engine game::casting::tests::krrik_life_for_color::krrik_life_payment_permission_affects_only_controller
        PASS [   0.060s] ( 493/1596) phase-engine game::casting::tests::krrik_life_for_color::krrik_does_not_substitute_for_generic_mana
        PASS [   0.089s] ( 494/1596) phase-engine game::casting::tests::krrik_life_for_color::krrik_offers_life_payment_for_black_shard
        PASS [   0.067s] ( 495/1596) phase-engine game::casting::tests::krrik_life_for_color::krrik_pauses_activation_when_mana_and_life_both_viable
        PASS [   0.115s] ( 496/1596) phase-engine game::casting::tests::krrik_life_for_color::krrik_offers_life_payment_for_black_activation_cost
        PASS [   0.086s] ( 497/1596) phase-engine game::casting::tests::krrik_life_for_color::krrik_offers_life_payment_for_targeted_black_activation_cost
        PASS [   0.058s] ( 498/1596) phase-engine game::casting::tests::krrik_life_for_color::krrik_pauses_when_mana_and_life_both_viable
        PASS [   0.073s] ( 499/1596) phase-engine game::casting::tests::krrik_life_for_color::krrik_promotes_hybrid_black_shard
        PASS [   0.056s] ( 500/1596) phase-engine game::casting::tests::krrik_life_for_color::krrik_respects_cant_lose_life_gate
        PASS [   0.086s] ( 501/1596) phase-engine game::casting::tests::krrik_life_for_color::krrik_promotes_two_generic_hybrid_black_shard
        PASS [   0.314s] ( 502/1596) phase-engine game::casting::tests::kessig_wolf_run_x_pump_grants_dynamic_power_and_trample
        PASS [   0.053s] ( 503/1596) phase-engine game::casting::tests::legacy_equip_effect_cost_one_of_is_legal_without_mana_when_discard_available
        PASS [   0.041s] ( 504/1596) phase-engine game::casting::tests::legacy_play_from_exile_form_round_trips_without_the_companion_marker
        PASS [   0.073s] ( 505/1596) phase-engine game::casting::tests::legal_target_slots_for_castable_spell_empty_before_casualty_choice
        PASS [   0.044s] ( 506/1596) phase-engine game::casting::tests::legal_target_slots_for_castable_spell_empty_before_splice_choice
        PASS [   0.060s] ( 507/1596) phase-engine game::casting::tests::legal_target_slots_for_castable_spell_is_read_only_and_empty_when_uncastable
        PASS [   0.614s] ( 508/1596) phase-engine game::casting::tests::jhoira_granted_suspend_persists_and_ticks_across_upkeep
        PASS [   0.048s] ( 509/1596) phase-engine game::casting::tests::legal_target_slots_for_castable_spells_batches_previews
        PASS [   0.055s] ( 510/1596) phase-engine game::casting::tests::legal_target_slots_for_castable_spell_returns_cast_time_slot_shape
        PASS [   0.034s] ( 511/1596) phase-engine game::casting::tests::loreseekers_stone_raise_cost_scales_with_hand_size
        PASS [   0.201s] ( 512/1596) phase-engine game::casting::tests::land_grant_alt_cost_not_offered_with_land_in_hand
        PASS [   0.056s] ( 513/1596) phase-engine game::casting::tests::loyalty_gate::activate_as_instant_hostile_statics_do_not_allow_loyalty_timing
        PASS [   0.057s] ( 514/1596) phase-engine game::casting::tests::loyalty_gate::activate_as_instant_matching_static_allows_loyalty_timing
        PASS [   0.057s] ( 515/1596) phase-engine game::casting::tests::loyalty_gate::activate_as_instant_no_static_denies_and_avoids_exact_scan
        PASS [   0.058s] ( 516/1596) phase-engine game::casting::tests::loyalty_gate::different_planeswalkers_independent
        PASS [   0.220s] ( 517/1596) phase-engine game::casting::tests::land_grant_alt_cost_offered_with_no_lands_in_hand
        PASS [   0.061s] ( 518/1596) phase-engine game::casting::tests::loyalty_gate::direct_activation_of_taxed_loyalty_ability_second_time_denied
        PASS [   0.056s] ( 519/1596) phase-engine game::casting::tests::loyalty_gate::loyalty_ability_re_allowed_after_turn_reset
        PASS [   0.069s] ( 520/1596) phase-engine game::casting::tests::loyalty_gate::priority_loyalty_candidates_share_activation_restriction_static_gate
        PASS [   0.076s] ( 521/1596) phase-engine game::casting::tests::loyalty_gate::eidolon_taxed_targeted_loyalty_selects_targets_before_paying
        PASS [   0.095s] ( 522/1596) phase-engine game::casting::tests::loyalty_gate::eidolon_forces_mana_payment_for_real_loyalty_activation
        PASS [   0.077s] ( 523/1596) phase-engine game::casting::tests::loyalty_gate::same_turn_static_allows_loyalty_at_instant_timing
        PASS [   0.072s] ( 524/1596) phase-engine game::casting::tests::loyalty_gate::second_loyalty_ability_same_pw_same_turn_denied
        PASS [   0.068s] ( 525/1596) phase-engine game::casting::tests::loyalty_gate::shikari_static_allows_mana_cost_equip_ability_at_instant_timing
        PASS [   0.064s] ( 526/1596) phase-engine game::casting::tests::loyalty_gate::shikari_static_allows_runtime_granted_equip_ability_at_instant_timing
        PASS [   0.070s] ( 527/1596) phase-engine game::casting::tests::loyalty_gate::shikari_static_allows_non_mana_cost_equip_ability_at_instant_timing
        PASS [   0.061s] ( 528/1596) phase-engine game::casting::tests::loyalty_gate::shikari_static_does_not_leak_to_untagged_mana_ability
        PASS [   0.073s] ( 529/1596) phase-engine game::casting::tests::mana_keyword_grants_apply_both_temporary_and_permanent_durations
        PASS [   0.062s] ( 530/1596) phase-engine game::casting::tests::mana_leg_detour_skips_self_ref_sacrifice_cost
        PASS [   0.098s] ( 531/1596) phase-engine game::casting::tests::mana_leg_battlefield_exile_pays_mana_before_exile_prompt
        PASS [   0.069s] ( 532/1596) phase-engine game::casting::tests::mana_leg_sacrifice_pays_mana_before_sacrifice_prompt
        PASS [   0.076s] ( 533/1596) phase-engine game::casting::tests::mana_leg_detour_skips_vanilla_mana_tap_cost
        PASS [   0.078s] ( 534/1596) phase-engine game::casting::tests::mana_spend_trigger_cast_pipeline_places_trigger_after_spell_is_cast
        PASS [   0.062s] ( 535/1596) phase-engine game::casting::tests::mana_spend_trigger_fires_only_on_matching_spell
        PASS [   0.103s] ( 536/1596) phase-engine game::casting::tests::mana_leg_tap_return_pays_mana_then_taps_source_on_return
        PASS [   0.067s] ( 537/1596) phase-engine game::casting::tests::mana_value_constrained_exile_permission_rejects_cross_owner_cast
        PASS [   0.089s] ( 538/1596) phase-engine game::casting::tests::mana_spend_trigger_shares_creature_type_with_commander
        PASS [   0.049s] ( 539/1596) phase-engine game::casting::tests::mayhem_unavailable_when_not_discarded_this_turn
        PASS [   0.083s] ( 540/1596) phase-engine game::casting::tests::mayhem_available_when_discarded_this_turn
        PASS [   0.060s] ( 541/1596) phase-engine game::casting::tests::mayhem_unavailable_after_turn_advances
        PASS [   0.054s] ( 542/1596) phase-engine game::casting::tests::mayhem_variant_resolves_without_exile
        PASS [   0.052s] ( 543/1596) phase-engine game::casting::tests::mixed_reach_reductions_do_not_let_collection_order_decide_the_cost
        PASS [   0.069s] ( 544/1596) phase-engine game::casting::tests::modal_damage_mode_to_target_player_resolves_damage
        PASS [   0.068s] ( 545/1596) phase-engine game::casting::tests::modal_kicker_paid_allows_extra_modes_and_reaches_stack_context
        PASS [   0.087s] ( 546/1596) phase-engine game::casting::tests::modal_kicker_declined_caps_modes_before_mode_choice
        PASS [   0.085s] ( 547/1596) phase-engine game::casting::tests::modal_kicker_skips_only_the_unpayable_and_or_kicker
        PASS [   0.078s] ( 548/1596) phase-engine game::casting::tests::modal_kicker_skips_unpayable_kicker_before_mode_choice
        PASS [   0.121s] ( 549/1596) phase-engine game::casting::tests::modal_escalate_pays_tap_creature_cost_for_extra_mode
        PASS [   0.072s] ( 550/1596) phase-engine game::casting::tests::modal_spell_enters_mode_choice
        PASS [   0.091s] ( 551/1596) phase-engine game::casting::tests::modal_spell_mode_choice_has_correct_metadata
        PASS [   0.097s] ( 552/1596) phase-engine game::casting::tests::modal_spell_target_selection_carries_per_mode_labels
        PASS [   0.057s] ( 553/1596) phase-engine game::casting::tests::modify_activation_limit_hostile_statics_do_not_raise_limit
        PASS [   0.069s] ( 554/1596) phase-engine game::casting::tests::mode_choice_auto_cast_remains_offered_and_reaches_mode_choice
        PASS [   0.056s] ( 555/1596) phase-engine game::casting::tests::modify_activation_limit_matching_static_raises_each_turn_limit
        PASS [   0.113s] ( 556/1596) phase-engine game::casting::tests::modal_x_target_selection_carries_per_mode_labels
        PASS [   0.053s] ( 557/1596) phase-engine game::casting::tests::modify_activation_limit_matching_static_raises_only_once_limit
        PASS [   0.066s] ( 558/1596) phase-engine game::casting::tests::mtmte_cast_flow::normal_choice_resolves_to_untransformed_front_face
        PASS [   0.076s] ( 559/1596) phase-engine game::casting::tests::morophon_reduces_colored_mana_for_chosen_creature_type
        PASS [   0.069s] ( 560/1596) phase-engine game::casting::tests::mtmte_cast_flow::offer_mtmte_when_both_costs_affordable
        PASS [   0.068s] ( 561/1596) phase-engine game::casting::tests::mtmte_cast_flow::opting_into_mtmte_resolves_to_transformed_back_face
        PASS [   1.129s] ( 562/1596) phase-engine game::casting::tests::kozileks_command_modes_scry_draw_and_exile_graveyard_end_to_end
        PASS [   0.138s] ( 563/1596) phase-engine game::casting::tests::necromancy_delayed_sacrifice_when_leaves
        PASS [   0.143s] ( 564/1596) phase-engine game::casting::tests::necromancy_etb_trigger_fizzles_when_target_creature_leaves_graveyard
        PASS [   1.193s] ( 565/1596) phase-engine game::casting::tests::kozileks_command_modes_tokens_and_exile_creature_end_to_end
        PASS [   0.215s] ( 566/1596) phase-engine game::casting::tests::necromancy_cross_controller_target_reanimates_under_caster_control
        PASS [   0.054s] ( 567/1596) phase-engine game::casting::tests::needs_defending_player_anchor_inspects_the_scope_field
        PASS [   0.130s] ( 568/1596) phase-engine game::casting::tests::necromancy_full_pipeline_reanimates_and_becomes_aura
        PASS [   0.060s] ( 569/1596) phase-engine game::casting::tests::nested_stack_target_self_cost_reduction_matches_stack_entry_targets
        PASS [   0.082s] ( 570/1596) phase-engine game::casting::tests::non_aura_enchantment_does_not_trigger_aura_targeting
        PASS [   1.287s] ( 571/1596) phase-engine game::casting::tests::kozileks_command_rejects_wrong_mode_cardinality
        PASS [   0.163s] ( 572/1596) phase-engine game::casting::tests::necromancy_grant_shape_survives_cleanup_step
        PASS [   0.077s] ( 573/1596) phase-engine game::casting::tests::non_mana_flashback_filtered_under_cant_lose_life
        PASS [   0.040s] ( 574/1596) phase-engine game::casting::tests::normal_cost_static_exile_permission_keeps_face_down_authority
        PASS [   0.053s] ( 575/1596) phase-engine game::casting::tests::object_exile_land_authorization_precedes_static_fallback
        PASS [   0.044s] ( 576/1596) phase-engine game::casting::tests::omniscience_alt_cost_2432::free_option_latches_unlimited_source_over_earlier_once_per_turn
        PASS [   0.084s] ( 577/1596) phase-engine game::casting::tests::omen_cast_choice_when_only_omen_face_affordable
        PASS [   0.083s] ( 578/1596) phase-engine game::casting::tests::omen_face_cast_uses_omen_variant_and_resolves_to_owner_library
        PASS [   0.056s] ( 579/1596) phase-engine game::casting::tests::omniscience_alt_cost_2432::menu_offers_free_and_printed_when_affordable
        PASS [   0.069s] ( 580/1596) phase-engine game::casting::tests::omniscience_alt_cost_2432::menu_offers_warp_keyword_option_under_omniscience
        PASS [   0.086s] ( 581/1596) phase-engine game::casting::tests::omniscience_alt_cost_2432::omniscience_free_election_proceeds_without_mana_payment
        PASS [   0.131s] ( 582/1596) phase-engine game::casting::tests::omniscience_alt_cost_2432::menu_offers_three_distinct_costs_for_mulldrifter_when_all_affordable
        PASS [   0.107s] ( 583/1596) phase-engine game::casting::tests::omniscience_alt_cost_2432::omniscience_menu_offers_free_and_evoke_when_printed_unaffordable
        PASS [   0.055s] ( 584/1596) phase-engine game::casting::tests::omniscience_does_not_free_cast_commander_from_command_zone
        PASS [   0.107s] ( 585/1596) phase-engine game::casting::tests::omniscience_alt_cost_2432::omniscience_menu_offers_free_and_warp_when_printed_unaffordable
        PASS [   0.597s] ( 586/1596) phase-engine game::casting::tests::namor_colored_pip_cast_trigger::casting_two_blue_pip_spell_creates_two_merfolk_tokens
        PASS [   0.055s] ( 587/1596) phase-engine game::casting::tests::only_once_each_turn_without_modify_limit_static_avoids_exact_scan
        PASS [   0.099s] ( 588/1596) phase-engine game::casting::tests::once_per_turn_collection_counter_play_permission_requires_live_source_static
        PASS [   0.064s] ( 589/1596) phase-engine game::casting::tests::only_once_without_modify_limit_static_avoids_exact_scan
        PASS [   0.033s] ( 590/1596) phase-engine game::casting::tests::ordinary_modal_face_choice_neither_issues_nor_accepts_cancel
        PASS [   0.072s] ( 591/1596) phase-engine game::casting::tests::opponent_first_noncreature_tax_uses_caster_history
        PASS [   0.050s] ( 592/1596) phase-engine game::casting::tests::overload_cast_flow::next_spell_without_paying_does_not_replace_overload_cost
        PASS [   0.887s] ( 593/1596) phase-engine game::casting::tests::modal_x_target_legality_chooses_x_before_targets
        PASS [   0.054s] ( 594/1596) phase-engine game::casting::tests::overload_cast_flow::offer_overload_when_both_costs_affordable
        PASS [   0.140s] ( 595/1596) phase-engine game::casting::tests::opponent_chooser_modal_spell_routes_mode_choice_to_opponent
        PASS [   0.099s] ( 596/1596) phase-engine game::casting::tests::overload_cast_flow::opting_into_overload_transforms_destroy_to_destroy_all
        PASS [   0.073s] ( 597/1596) phase-engine game::casting::tests::paid_cast_with_explicit_duration_remains_a_lingering_permission
        PASS [   0.911s] ( 598/1596) phase-engine game::casting::tests::namor_colored_pip_cast_trigger::casting_non_blue_spell_creates_no_tokens
        PASS [   0.174s] ( 599/1596) phase-engine game::casting::tests::overload_castable_with_no_legal_printed_target
        PASS [   0.080s] ( 600/1596) phase-engine game::casting::tests::paid_during_resolution_cast_router_is_independent_of_chosen_card_zone
        PASS [   0.094s] ( 601/1596) phase-engine game::casting::tests::parsed_static_graveyard_escape_grant_makes_spell_castable
        PASS [   0.130s] ( 602/1596) phase-engine game::casting::tests::path_of_ancestry_fires_for_a_commander_an_opponent_controls
        PASS [   0.039s] ( 603/1596) phase-engine game::casting::tests::pay_and_push_emits_targeting_events_for_chained_spell_targets
        PASS [   0.094s] ( 604/1596) phase-engine game::casting::tests::path_of_ancestry_fires_for_a_deck_pool_registered_commander
        PASS [   0.037s] ( 605/1596) phase-engine game::casting::tests::pay_life_activated_ability_filtered_under_cant_lose_life
        PASS [   0.044s] ( 606/1596) phase-engine game::casting::tests::pay_life_activated_ability_filtered_when_insufficient_life
        PASS [   0.052s] ( 607/1596) phase-engine game::casting::tests::pay_life_activated_ability_legal_without_lock
        PASS [   0.108s] ( 608/1596) phase-engine game::casting::tests::pay_cost_spell_resume_auto_cast_remains_offered
        PASS [   0.047s] ( 609/1596) phase-engine game::casting::tests::pending_cast_missing_casting_permission_index_defaults_to_none
        PASS [   0.039s] ( 610/1596) phase-engine game::casting::tests::pending_next_spell_convoke_grant_applies_to_next_cast
        PASS [   0.055s] ( 611/1596) phase-engine game::casting::tests::pending_next_spell_chosen_creature_type_flash_uses_grant_source
        PASS [   0.073s] ( 612/1596) phase-engine game::casting::tests::pending_next_spell_cant_be_countered_stamped_on_stack
        PASS [   0.046s] ( 613/1596) phase-engine game::casting::tests::per_permanent_type_slot::pick_per_permanent_type_slot_independent_per_type
        PASS [   0.052s] ( 614/1596) phase-engine game::casting::tests::pending_next_spell_without_paying_respects_type_filter
        PASS [   0.642s] ( 615/1596) phase-engine game::casting::tests::optional_instead_damage_spells_require_a_legal_target_to_be_castable
        PASS [   0.059s] ( 616/1596) phase-engine game::casting::tests::pending_next_spell_without_paying_zeros_mana_cost
        PASS [   0.045s] ( 617/1596) phase-engine game::casting::tests::per_turn_limit_multiple_sources_strictest_wins
        PASS [   0.054s] ( 618/1596) phase-engine game::casting::tests::per_turn_limit_max_two_allows_second_cast
        PASS [   0.056s] ( 619/1596) phase-engine game::casting::tests::per_turn_limit_controller_scope_blocks_only_controller
        PASS [   0.060s] ( 620/1596) phase-engine game::casting::tests::per_turn_limit_all_players_blocks_after_one_cast
        PASS [   0.044s] ( 621/1596) phase-engine game::casting::tests::per_turn_limit_opponents_scope_blocks_only_opponents
        PASS [   0.052s] ( 622/1596) phase-engine game::casting::tests::per_turn_limit_noncreature_filter_allows_creature_spells
        PASS [   0.097s] ( 623/1596) phase-engine game::casting::tests::perpetual_cost_raise_increases_self_cast_cost
        PASS [   0.094s] ( 624/1596) phase-engine game::casting::tests::perpetual_cost_reduce_lowers_self_cast_cost
        PASS [   0.153s] ( 625/1596) phase-engine game::casting::tests::perpetual_cost_multiple_grants_stack_and_floor
        PASS [   0.133s] ( 626/1596) phase-engine game::casting::tests::perpetual_cost_reduce_floors_at_zero
        PASS [   0.088s] ( 627/1596) phase-engine game::casting::tests::perpetual_cost_reduce_payable_through_cast_pipeline
        PASS [   0.070s] ( 628/1596) phase-engine game::casting::tests::perpetual_mass_hand_cost_reduces_only_matching_cards
        PASS [   0.075s] ( 629/1596) phase-engine game::casting::tests::perpetual_mass_hand_each_dragon_reduces_only_dragons
        PASS [   0.076s] ( 630/1596) phase-engine game::casting::tests::persistent_exile_play_permission_casts_linked_card_through_action
        PASS [   0.134s] ( 631/1596) phase-engine game::casting::tests::perpetual_cost_reduce_persists_across_zone_change
        PASS [   0.058s] ( 632/1596) phase-engine game::casting::tests::persistent_exile_play_permission_plays_linked_land_through_action
        PASS [   0.850s] ( 633/1596) phase-engine game::casting::tests::ovika_noncreature_spell_token_trigger::token_count_tracks_spell_mana_value
        PASS [   0.870s] ( 634/1596) phase-engine game::casting::tests::ovika_noncreature_spell_token_trigger::casting_mana_value_three_spell_creates_three_goblins
        PASS [   0.048s] ( 635/1596) phase-engine game::casting::tests::persistent_exile_play_permission_surfaces_linked_card
        PASS [   0.074s] ( 636/1596) phase-engine game::casting::tests::persistent_exile_play_permission_rejects_unlinked_card
        PASS [   0.048s] ( 637/1596) phase-engine game::casting::tests::persistent_exile_play_permission_your_turn_only_timing
        PASS [   0.052s] ( 638/1596) phase-engine game::casting::tests::persistent_exile_play_permission_surfaces_linked_land
        PASS [   0.066s] ( 639/1596) phase-engine game::casting::tests::phyrexian_cast_no_pause_when_all_shards_trivial
        PASS [   0.081s] ( 640/1596) phase-engine game::casting::tests::phyrexian_cast_denied_when_life_insufficient
        PASS [   0.092s] ( 641/1596) phase-engine game::casting::tests::phyrexian_cast_denied_under_cant_lose_life
        PASS [   0.062s] ( 642/1596) phase-engine game::casting::tests::phyrexian_cast_with_mana_leaves_life_unchanged
        PASS [   0.085s] ( 643/1596) phase-engine game::casting::tests::phyrexian_engine_rejects_mismatched_choice_count
        PASS [   0.063s] ( 644/1596) phase-engine game::casting::tests::phyrexian_mixed_one_mana_one_life
        PASS [   0.060s] ( 645/1596) phase-engine game::casting::tests::phyrexian_multi_shard_all_life_deducts_per_shard
        PASS [   0.080s] ( 646/1596) phase-engine game::casting::tests::phyrexian_engine_round_trip_dispatcher
        PASS [   0.084s] ( 647/1596) phase-engine game::casting::tests::phyrexian_engine_round_trip_pay_life
        PASS [   0.142s] ( 648/1596) phase-engine game::casting::tests::phyrexian_cast_with_life_deducts_life
        PASS [   0.080s] ( 649/1596) phase-engine game::casting::tests::phyrexian_shards_uncorrupted_by_pin
        PASS [   0.056s] ( 650/1596) phase-engine game::casting::tests::phyrexian_submit_rejects_stale_paylife_under_insufficient_life
        PASS [   0.090s] ( 651/1596) phase-engine game::casting::tests::phyrexian_spell_prepass_honors_spell_mana_restrictions
        PASS [   0.077s] ( 652/1596) phase-engine game::casting::tests::phyrexian_tap_activation_rejects_unavailable_mana_route_without_mutation
        PASS [   0.082s] ( 653/1596) phase-engine game::casting::tests::pin_preserves_z_eligible_unit
        PASS [   0.109s] ( 654/1596) phase-engine game::casting::tests::phyrexian_tap_activation_preserves_life_and_mana_routes_without_eager_tap
        PASS [   0.068s] ( 655/1596) phase-engine game::casting::tests::pithing_needle_blocks_named_non_mana_ability_but_not_mana_ability
        PASS [   0.107s] ( 656/1596) phase-engine game::casting::tests::pip_id_counter_survives_save_load
        PASS [   0.066s] ( 657/1596) phase-engine game::casting::tests::play_from_exile_any_color_is_bound_to_elected_object_permission
        PASS [   0.079s] ( 658/1596) phase-engine game::casting::tests::play_from_exile_any_color_preserves_snow_source_requirement
        PASS [   0.066s] ( 659/1596) phase-engine game::casting::tests::play_from_exile_card_filter_gates_by_type
        PASS [   0.098s] ( 660/1596) phase-engine game::casting::tests::play_from_exile_any_color_preserves_strict_colorless_requirement
        PASS [   0.070s] ( 661/1596) phase-engine game::casting::tests::play_from_exile_cast_cost_modifier_only_applies_to_grantee
        PASS [   0.072s] ( 662/1596) phase-engine game::casting::tests::play_from_exile_cast_cost_modifier_increases_generic
        PASS [   0.040s] ( 663/1596) phase-engine game::casting::tests::play_from_exile_single_use_blocks_second_cast
        PASS [   0.057s] ( 664/1596) phase-engine game::casting::tests::play_from_exile_grant_binds_to_grantee_and_carries_any_mana_permission
        PASS [   0.039s] ( 665/1596) phase-engine game::casting::tests::play_from_exile_single_use_consumes_with_rider_fields
        PASS [   0.172s] ( 666/1596) phase-engine game::casting::tests::play_from_exile_any_color_pays_colored_cost_and_respects_grantee
        PASS [   0.045s] ( 667/1596) phase-engine game::casting::tests::play_land_rejects_an_occupied_stack
        PASS [   0.057s] ( 668/1596) phase-engine game::casting::tests::play_from_exile_single_use_tracks_overlapping_sets_from_same_source
        PASS [   0.065s] ( 669/1596) phase-engine game::casting::tests::play_land_from_granted_permission_enters_under_player_control
        PASS [   0.054s] ( 670/1596) phase-engine game::casting::tests::plot_from_library::cast_permission_source_is_not_a_plot_authorizer
        PASS [   0.080s] ( 671/1596) phase-engine game::casting::tests::plot_from_library::maylook_exposes_own_library_top_to_viewer_only
        PASS [   0.067s] ( 672/1596) phase-engine game::casting::tests::plot_from_library::plot_offered_for_nonland_top_only_on_own_empty_main
        PASS [   0.076s] ( 673/1596) phase-engine game::casting::tests::plot_from_library::plot_requires_both_grant_and_permission_roles
        PASS [   0.059s] ( 674/1596) phase-engine game::casting::tests::plot_from_library::plot_union_within_role_no_cross_source_veto
        PASS [   0.136s] ( 675/1596) phase-engine game::casting::tests::plot_from_library::plot_offer_vanishes_when_authorizer_leaves
        PASS [   0.096s] ( 676/1596) phase-engine game::casting::tests::plot_from_library::plot_requires_nonland_top
        PASS [   0.155s] ( 677/1596) phase-engine game::casting::tests::plot_from_library::plot_offered_only_for_the_top_card_not_second_from_top
        PASS [   0.091s] ( 678/1596) phase-engine game::casting::tests::plot_special_action_bypasses_activated_ability_prohibitions
        PASS [   0.056s] ( 679/1596) phase-engine game::casting::tests::plot_special_action_ignores_generic_activated_ability_cost_modifiers
        PASS [   0.060s] ( 680/1596) phase-engine game::casting::tests::plot_special_action_still_enforces_sorcery_speed_timing
        PASS [   0.047s] ( 681/1596) phase-engine game::casting::tests::prepare_spell_cast_chains_all_non_modal_spell_abilities_in_order
        PASS [   0.034s] ( 682/1596) phase-engine game::casting::tests::primal_prayers_outside_timing_requires_energy_alternative_cost
        PASS [   0.049s] ( 683/1596) phase-engine game::casting::tests::primal_prayers_flash_rider_does_not_authorize_normal_cost_cast
        PASS [   0.079s] ( 684/1596) phase-engine game::casting::tests::powerstones_do_not_make_go_for_the_throat_castable
        PASS [   0.051s] ( 685/1596) phase-engine game::casting::tests::priority_activation_candidates_share_activation_restriction_static_gate
        PASS [   0.037s] ( 686/1596) phase-engine game::casting::tests::priority_land_play_omits_an_exile_land_blocked_by_a_play_restriction
        PASS [   0.076s] ( 687/1596) phase-engine game::casting::tests::priority_spell_candidates_without_keyword_grants_skip_static_scans
        PASS [   0.106s] ( 688/1596) phase-engine game::casting::tests::priority_offers_an_opponents_ability_when_its_activator_filter_allows_it
        PASS [   0.112s] ( 689/1596) phase-engine game::casting::tests::prohibit_activity_activate_abilities_blocks_non_mana_but_exempts_mana
        PASS [   0.131s] ( 690/1596) phase-engine game::casting::tests::priority_spell_candidates_scan_and_merge_present_keyword_grants
        PASS [   0.065s] ( 691/1596) phase-engine game::casting::tests::prohibit_activity_cast_spells_filter_blocks_only_matching_spell_types
        PASS [   0.465s] ( 692/1596) phase-engine game::casting::tests::plot_from_library::execute_plot_exiles_face_up_and_grants_plotted
        PASS [   0.061s] ( 693/1596) phase-engine game::casting::tests::prototype_from_exile_uses_play_permission_any_color_not_alt_cost_sibling
        PASS [   0.080s] ( 694/1596) phase-engine game::casting::tests::prototype_cast_flow::offer_prototype_when_both_costs_affordable
        PASS [   0.050s] ( 695/1596) phase-engine game::casting::tests::prowl_available_after_matching_creature_type_combat_damage
        PASS [   0.045s] ( 696/1596) phase-engine game::casting::tests::prowl_requires_creature_type_overlap
        PASS [   0.052s] ( 697/1596) phase-engine game::casting::tests::prowl_ledger_resets_at_turn_cleanup
        PASS [   0.203s] ( 698/1596) phase-engine game::casting::tests::prototype_cast_flow::choosing_prototype_sets_stack_characteristics
        PASS [   0.182s] ( 699/1596) phase-engine game::casting::tests::prototype_cast_flow::next_spell_without_paying_zeroes_a_prototyped_cast
        PASS [   0.052s] ( 700/1596) phase-engine game::casting::tests::prowl_unavailable_without_matching_combat_damage
        PASS [   0.066s] ( 701/1596) phase-engine game::casting::tests::pure_chosen_color_without_choice_does_not_auto_pay_from_preview_colors
        PASS [   0.035s] ( 702/1596) phase-engine game::casting::tests::quantity_vs_each_opponent_skips_a_player_who_left_the_game
        PASS [   0.071s] ( 703/1596) phase-engine game::casting::tests::quistis_class_grant_forwards_any_type_mana_and_pays_off_color_full_cost
        PASS [   0.069s] ( 704/1596) phase-engine game::casting::tests::raise_cost_static_allows_affordable_noncreature_cast
        PASS [   0.420s] ( 705/1596) phase-engine game::casting::tests::priority_probe_filter_land_route_memo_matches_the_uncached_witness
        PASS [   0.076s] ( 706/1596) phase-engine game::casting::tests::raise_cost_static_prevents_unaffordable_noncreature_cast
        PASS [   0.038s] ( 707/1596) phase-engine game::casting::tests::reduce_generic_floors_at_zero
        PASS [   0.110s] ( 708/1596) phase-engine game::casting::tests::ravenous_trap_alt_cost_not_offered_below_threshold
        PASS [   0.024s] ( 709/1596) phase-engine game::casting::tests::reduce_generic_in_mana_cost
        PASS [   0.104s] ( 710/1596) phase-engine game::casting::tests::ravenous_trap_alt_cost_owner_not_controller_discriminator
        PASS [   0.142s] ( 711/1596) phase-engine game::casting::tests::ravenous_trap_alt_cost_offered_at_threshold
        PASS [   0.082s] ( 712/1596) phase-engine game::casting::tests::reduce_generic_in_composite
        PASS [   0.036s] ( 713/1596) phase-engine game::casting::tests::reduce_generic_no_op_on_colored_only
        PASS [   0.056s] ( 714/1596) phase-engine game::casting::tests::reduce_generic_with_minimum_mana_counts_colored_symbols
        PASS [   0.046s] ( 715/1596) phase-engine game::casting::tests::reduce_generic_with_minimum_mana_keeps_one_generic_when_no_colored_symbols
        PASS [   0.068s] ( 716/1596) phase-engine game::casting::tests::remove_counter_cost::any_number_counter_activation_cost_prompts_and_pays_chosen_count
        PASS [   0.062s] ( 717/1596) phase-engine game::casting::tests::remove_counter_cost::cancel_after_targeted_x_counter_choice_does_not_pay_automatic_costs
        PASS [   0.041s] ( 718/1596) phase-engine game::casting::tests::remove_counter_cost::emits_counter_removed_through_replacement_pipeline
        PASS [   0.069s] ( 719/1596) phase-engine game::casting::tests::remove_counter_cost::from_among_any_counter_cost_can_distribute_across_counter_types
        PASS [   0.058s] ( 720/1596) phase-engine game::casting::tests::remove_counter_cost::from_among_x_counter_activation_cost_caps_and_pays_exact_distribution
        PASS [   0.055s] ( 721/1596) phase-engine game::casting::tests::remove_counter_cost::modal_x_counter_activation_cost_prompts_after_mode_choice
        PASS [   0.079s] ( 722/1596) phase-engine game::casting::tests::remove_counter_cost::modal_targeted_x_counter_activation_cost_preserves_deferred_mode_targeting
        PASS [   0.036s] ( 723/1596) phase-engine game::casting::tests::remove_counter_cost::not_payable_with_insufficient_counters
        PASS [   0.036s] ( 724/1596) phase-engine game::casting::tests::remove_counter_cost::not_payable_without_counters
        PASS [   0.056s] ( 725/1596) phase-engine game::casting::tests::remove_counter_cost::modal_x_counter_activation_cost_prompts_for_non_x_selected_mode
        PASS [   0.064s] ( 726/1596) phase-engine game::casting::tests::remove_counter_cost::targeted_x_any_counter_cost_caps_by_largest_concrete_counter_stack
        PASS [   0.061s] ( 727/1596) phase-engine game::casting::tests::remove_counter_cost::targeted_x_counter_activation_cost_allows_zero_without_cost_target
        PASS [   0.077s] ( 728/1596) phase-engine game::casting::tests::remove_counter_cost::pays_when_counters_present
        PASS [   0.108s] ( 729/1596) phase-engine game::casting::tests::remove_counter_cost::targeted_counter_cost_prompts_and_removes_from_chosen_permanent
        PASS [   0.057s] ( 730/1596) phase-engine game::casting::tests::remove_counter_cost::targeted_x_counter_activation_cost_prompts_x_before_targeted_cost_payment
        PASS [   0.066s] ( 731/1596) phase-engine game::casting::tests::remove_counter_cost::targeted_x_counter_activation_cost_pays_residual_costs_once
        PASS [   0.043s] ( 732/1596) phase-engine game::casting::tests::remove_counter_cost::x_counter_activation_cost_target_legality_defers_until_x_choice
        PASS [   0.080s] ( 733/1596) phase-engine game::casting::tests::remove_counter_cost::x_counter_activation_cost_caps_and_pays_chosen_counter_count
        PASS [   0.123s] ( 734/1596) phase-engine game::casting::tests::remove_counter_cost::targeted_x_counter_activation_cost_pays_tap_component
        PASS [   0.066s] ( 735/1596) phase-engine game::casting::tests::remove_counter_cost::x_counter_activation_cost_with_negative_x_pump_prompts_and_pays_chosen_count
        PASS [   0.059s] ( 736/1596) phase-engine game::casting::tests::remove_counter_cost::x_counter_activation_cost_without_x_mana_prompts_and_pays_chosen_count
        PASS [   0.066s] ( 737/1596) phase-engine game::casting::tests::required_x_sacrifice_spell_selects_targets_before_sacrificing
        PASS [   0.044s] ( 738/1596) phase-engine game::casting::tests::resolution_cast_auto_selects_its_only_legal_spell_face
        PASS [   0.082s] ( 739/1596) phase-engine game::casting::tests::required_sacrifice_land_additional_cost_prompts_before_stack
        PASS [   0.083s] ( 740/1596) phase-engine game::casting::tests::required_pay_x_life_additional_cost_sets_chosen_x_for_resolution
        PASS [   0.723s] ( 741/1596) phase-engine game::casting::tests::pure_reflection_mana_value_token_pt::reflection_token_pt_binds_spell_mana_value
        PASS [   0.048s] ( 742/1596) phase-engine game::casting::tests::resolution_cast_routes_zero_legal_spell_faces_through_abort_cleanup
        PASS [   0.062s] ( 743/1596) phase-engine game::casting::tests::resolution_cast_cancel_after_paid_face_preparation_routes_through_cleanup
        PASS [   0.062s] ( 744/1596) phase-engine game::casting::tests::resolution_cast_transformed_keeps_front_on_stack_and_enters_back
        PASS [   0.065s] ( 745/1596) phase-engine game::casting::tests::resolution_cast_cancel_from_collect_evidence_routes_through_cleanup
        PASS [   0.087s] ( 746/1596) phase-engine game::casting::tests::resolution_cast_two_legal_faces_issues_and_completes_exact_face_choice
        PASS [   0.059s] ( 747/1596) phase-engine game::casting::tests::resolution_face_projection_limits_aftermath_half_to_graveyard
        PASS [   0.052s] ( 748/1596) phase-engine game::casting::tests::resolution_full_cost_auto_selects_only_legal_back_face
        PASS [   0.063s] ( 749/1596) phase-engine game::casting::tests::resolution_face_projection_rejects_a_zone_prohibited_cast_before_announcement
        PASS [   0.073s] ( 750/1596) phase-engine game::casting::tests::resolution_full_cost_face_choice_preserves_elected_face_and_additional_cost
        PASS [   0.052s] ( 751/1596) phase-engine game::casting::tests::resolution_full_cost_graveyard_cast_uses_printed_cost_not_flashback
        PASS [   0.066s] ( 752/1596) phase-engine game::casting::tests::resolution_spell_face_admission_applies_frozen_constraint_per_private_library_face
        PASS [   0.071s] ( 753/1596) phase-engine game::casting::tests::resolution_modal_forged_late_rejection_preserves_delayed_tail_receipt_and_state
        PASS [   0.061s] ( 754/1596) phase-engine game::casting::tests::resolve_discard_requirement_fixed_one_empty_hand_is_unpayable_err
        PASS [   0.057s] ( 755/1596) phase-engine game::casting::tests::resolve_discard_requirement_fixed_two_with_three_eligible_offers_all
        PASS [   0.057s] ( 756/1596) phase-engine game::casting::tests::resolve_discard_requirement_source_card_scope_is_not_auto_paid
        PASS [   0.150s] ( 757/1596) phase-engine game::casting::tests::resolution_modal_face_choice_issues_cancel_and_removes_its_exact_permission
        PASS [   0.077s] ( 758/1596) phase-engine game::casting::tests::retrace_graveyard_spell_surfaces_when_land_discard_and_mana_are_payable
        PASS [   0.963s] ( 759/1596) phase-engine game::casting::tests::pure_reflection_mana_value_token_pt::reflection_token_pt_sums_generic_and_colored_pips
        PASS [   0.088s] ( 760/1596) phase-engine game::casting::tests::retrace_spell_resolves_to_graveyard_not_exile
        PASS [   0.058s] ( 761/1596) phase-engine game::casting::tests::retrace_without_discardable_land_is_not_a_legal_cast_action
        PASS [   0.112s] ( 762/1596) phase-engine game::casting::tests::retrace_cast_discards_only_land_then_pushes_spell_with_retrace_variant
        PASS [   0.063s] ( 763/1596) phase-engine game::casting::tests::return_to_hand_cost_moves_selected_permanent_before_activation
        PASS [   0.065s] ( 764/1596) phase-engine game::casting::tests::select_mode_duplicate_rejected
        PASS [   0.080s] ( 765/1596) phase-engine game::casting::tests::same_object_id_recast_receives_a_distinct_cast_occurrence
        PASS [   0.080s] ( 766/1596) phase-engine game::casting::tests::second_kicked_spell_not_reduced_after_first_kicked_this_turn
        PASS [   0.120s] ( 767/1596) phase-engine game::casting::tests::rowan_scion_of_war_reduces_black_red_spells_by_life_lost
        PASS [   0.125s] ( 768/1596) phase-engine game::casting::tests::rowan_scion_of_war_zero_life_lost_at_resolution_snapshots_zero
        PASS [   0.085s] ( 769/1596) phase-engine game::casting::tests::select_mode_invalid_count_rejected
        PASS [   0.057s] ( 770/1596) phase-engine game::casting::tests::select_mode_out_of_range_rejected
        PASS [   0.041s] ( 771/1596) phase-engine game::casting::tests::self_cost_reduction_applies_from_command_zone
        PASS [   0.054s] ( 772/1596) phase-engine game::casting::tests::self_cost_reduction_applies_after_battlefield_increase_floor
        PASS [   0.072s] ( 773/1596) phase-engine game::casting::tests::select_mode_with_no_target_goes_to_priority
        PASS [   0.075s] ( 774/1596) phase-engine game::casting::tests::select_mode_with_target_enters_targeting
        PASS [   0.064s] ( 775/1596) phase-engine game::casting::tests::self_cost_reduction_applies_from_graveyard
        PASS [   0.055s] ( 776/1596) phase-engine game::casting::tests::self_graveyard_cast_permission_respects_condition
        PASS [   0.094s] ( 777/1596) phase-engine game::casting::tests::self_graveyard_cast_permission_only_allows_source_card_when_condition_met
        PASS [   0.085s] ( 778/1596) phase-engine game::casting::tests::self_graveyard_static_flashback_grant_is_castable
        PASS [   0.089s] ( 779/1596) phase-engine game::casting::tests::self_return_to_hand_cost_only_offers_source
        PASS [   0.097s] ( 780/1596) phase-engine game::casting::tests::self_ref_exile_cost_exiles_card_from_hand
        PASS [   0.101s] ( 781/1596) phase-engine game::casting::tests::single_candidate_exile_permission_elects_permission_and_zeros_mana
        PASS [   0.090s] ( 782/1596) phase-engine game::casting::tests::skyseer_increases_chosen_name_activated_ability_cost
        PASS [   0.085s] ( 783/1596) phase-engine game::casting::tests::snapshot_first_qualifying_spell_captures_grant_second_does_not
        PASS [   0.084s] ( 784/1596) phase-engine game::casting::tests::sneak_cast_hand_sorcery_resolves_without_alongside_attacker
        PASS [   0.057s] ( 785/1596) phase-engine game::casting::tests::sneak_cast_not_legal_action_outside_declare_blockers
        PASS [   0.161s] ( 786/1596) phase-engine game::casting::tests::single_candidate_normal_hand_cast_unchanged_by_exile_election
        PASS [   0.130s] ( 787/1596) phase-engine game::casting::tests::sneak_cast_legal_action_in_declare_blockers
        PASS [   0.068s] ( 788/1596) phase-engine game::casting::tests::sneak_cast_rejected_outside_declare_blockers
        PASS [   0.072s] ( 789/1596) phase-engine game::casting::tests::sneak_cast_rejected_when_creature_not_an_attacker
        PASS [   0.074s] ( 790/1596) phase-engine game::casting::tests::sneak_cast_rejected_when_no_sneak_on_card
        PASS [   0.076s] ( 791/1596) phase-engine game::casting::tests::sneak_cast_requires_source_in_hand
        PASS [   0.072s] ( 792/1596) phase-engine game::casting::tests::sneak_cast_succeeds_and_pays_sneak_cost
        PASS [   0.098s] ( 793/1596) phase-engine game::casting::tests::sneak_cast_resolves_tapped_and_attacking
        PASS [   0.064s] ( 794/1596) phase-engine game::casting::tests::sorcery_speed_rejects_when_stack_not_empty
        PASS [   0.101s] ( 795/1596) phase-engine game::casting::tests::snuff_out_alt_cost_paid_resolves_destroy_on_chosen_target
        PASS [   0.097s] ( 796/1596) phase-engine game::casting::tests::sorcery_speed_rejects_during_opponent_turn
        PASS [   0.081s] ( 797/1596) phase-engine game::casting::tests::source_controller_scope_is_locked_to_activator_not_source
        PASS [   0.086s] ( 798/1596) phase-engine game::casting::tests::spectacle_offered_only_when_opponent_lost_life
        PASS [   0.102s] ( 799/1596) phase-engine game::casting::tests::spectacle_full_cast_pays_spectacle_cost
        PASS [   0.085s] ( 800/1596) phase-engine game::casting::tests::spell_cast_from_hand_moves_to_stack
        PASS [   0.066s] ( 801/1596) phase-engine game::casting::tests::spell_cast_writer_error_mappings_are_explicit_and_non_panicking
        PASS [   0.131s] ( 802/1596) phase-engine game::casting::tests::spell_auto_tap_honors_exile_any_color_permission
        PASS [   0.061s] ( 803/1596) phase-engine game::casting::tests::spell_matches_cost_filter_fail_closed_for_unrecognized_variants
        PASS [   0.059s] ( 804/1596) phase-engine game::casting::tests::spell_meta_includes_supertypes_for_restricted_mana
        PASS [   0.139s] ( 805/1596) phase-engine game::casting::tests::spell_is_on_stack_during_target_selection
        PASS [   0.080s] ( 806/1596) phase-engine game::casting::tests::split_second_blocks_spells_but_permits_mana_abilities
        PASS [   0.098s] ( 807/1596) phase-engine game::casting::tests::spend_pool_mana_is_mana_ability
        PASS [   0.130s] ( 808/1596) phase-engine game::casting::tests::spell_one_of_cost_auto_cast_remains_offered_and_reaches_one_of_choice
        PASS [   0.098s] ( 809/1596) phase-engine game::casting::tests::stale_pin_pruned_on_untap
        PASS [   0.071s] ( 810/1596) phase-engine game::casting::tests::static_graveyard_flashback_grant_makes_spell_castable
        PASS [   0.123s] ( 811/1596) phase-engine game::casting::tests::standard_cast_stamps_one_occurrence_on_record_object_and_resolved_chain
        PASS [   0.084s] ( 812/1596) phase-engine game::casting::tests::successful_cast_after_extra_convoke_tap_removes_unused_marker_and_untaps_creature
        PASS [   0.076s] ( 813/1596) phase-engine game::casting::tests::summoning_sickness_gate::animated_land_this_turn_cannot_tap
        PASS [   0.069s] ( 814/1596) phase-engine game::casting::tests::summoning_sickness_gate::creature_cast_previous_turn_can_tap
        PASS [   0.046s] ( 815/1596) phase-engine game::casting::tests::summoning_sickness_gate::creature_cast_this_turn_cannot_tap
        PASS [   0.059s] ( 816/1596) phase-engine game::casting::tests::summoning_sickness_gate::non_creature_artifact_can_tap_same_turn
        PASS [   0.143s] ( 817/1596) phase-engine game::casting::tests::summoning_sickness_gate::haste_creature_can_tap_same_turn
        PASS [   0.072s] ( 818/1596) phase-engine game::casting::tests::summoning_sickness_gate::untap_cost_also_gated
        PASS [   0.053s] ( 819/1596) phase-engine game::casting::tests::surge_available_after_casting_another_spell
        PASS [   0.076s] ( 820/1596) phase-engine game::casting::tests::surge_available_when_teammate_cast_a_spell
        PASS [   0.058s] ( 821/1596) phase-engine game::casting::tests::surge_unavailable_when_only_opponent_cast_a_spell
        PASS [   0.469s] ( 822/1596) phase-engine game::casting::tests::stolen_uniform_lose_control_unattaches_only_that_equipment
        PASS [   0.068s] ( 823/1596) phase-engine game::casting::tests::surge_unavailable_without_another_spell_this_turn
        PASS [   0.510s] ( 824/1596) phase-engine game::casting::tests::stolen_uniform_binds_gaincontrol_and_attach_to_precise_slots
        PASS [   0.068s] ( 825/1596) phase-engine game::casting::tests::surge_variant_is_alt_cost_without_exile
        PASS [   0.056s] ( 826/1596) phase-engine game::casting::tests::tamiyo_emblem_free_casts_spells_from_hand
        PASS [   0.099s] ( 827/1596) phase-engine game::casting::tests::tapped_relic_can_use_a_new_legend_to_pay_a_second_creature_spell
        PASS [   0.068s] ( 828/1596) phase-engine game::casting::tests::target_declaration_classifies_opponent_player_as_a_provisional_crime
        PASS [   0.103s] ( 829/1596) phase-engine game::casting::tests::target_declaration_classifies_opponent_object_as_a_provisional_crime
        PASS [   0.145s] ( 830/1596) phase-engine game::casting::tests::tamiyo_emblem_does_not_free_cast_commander_from_command_zone
        PASS [   0.047s] ( 831/1596) phase-engine game::casting::tests::target_dependent_battlefield_tax_applies_after_targeting_matching_commander
        PASS [   0.662s] ( 832/1596) phase-engine game::casting::tests::stolen_uniform_lose_control_fold_leaves_opponent_hosted_equipment
        PASS [   0.055s] ( 833/1596) phase-engine game::casting::tests::target_dependent_battlefield_tax_is_paid_after_matching_target_selection
        PASS [   0.063s] ( 834/1596) phase-engine game::casting::tests::target_dependent_battlefield_tax_ignores_nonmatching_targets
        PASS [   0.049s] ( 835/1596) phase-engine game::casting::tests::target_gated_self_cost_reduction_applies_after_target_selection
        PASS [   0.082s] ( 836/1596) phase-engine game::casting::tests::target_dependent_battlefield_tax_does_not_block_modal_cast_before_targets
        PASS [   0.071s] ( 837/1596) phase-engine game::casting::tests::targeted_activation_replacement_pause_preserves_selected_targets
        PASS [   0.045s] ( 838/1596) phase-engine game::casting::tests::terminal_cancel_with_fresh_pending_cast_drops_delve_markers
        PASS [   0.061s] ( 839/1596) phase-engine game::casting::tests::targeted_composite_mana_tap_activation_excludes_source_after_target_selection
        PASS [   0.089s] ( 840/1596) phase-engine game::casting::tests::targeted_exile_cost_activation_with_no_legal_target_does_not_prompt_or_pay_cost
        PASS [   0.036s] ( 841/1596) phase-engine game::casting::tests::the_x_lock_passes_through_a_carrier_deferred_to_another_point
        PASS [   0.071s] ( 842/1596) phase-engine game::casting::tests::thaumaton_torpedo_cost_reduction_requires_spacecraft_attacker
        PASS [   0.039s] ( 843/1596) phase-engine game::casting::tests::tolarian_terror_self_cost_reduction_applies_from_hand
        PASS [   0.032s] ( 844/1596) phase-engine game::casting::tests::top_of_library_cast_permission_runtime::no_static_means_no_top_of_library_cast
        PASS [   0.065s] ( 845/1596) phase-engine game::casting::tests::top_of_library_cast_permission_runtime::mixed_disjunctive_play_permission_surfaces_land_creature_and_enchantment
        PASS [   0.063s] ( 846/1596) phase-engine game::casting::tests::top_of_library_cast_permission_runtime::once_per_turn_top_of_library_frequency_gates_offer
        PASS [   0.045s] ( 847/1596) phase-engine game::casting::tests::top_of_library_cast_permission_runtime::realmwalker_filter_reevaluates_per_priority_window
        PASS [   0.170s] ( 848/1596) phase-engine game::casting::tests::tinybones_3player_cast_restricted_to_damaged_player_graveyard
        PASS [   0.265s] ( 849/1596) phase-engine game::casting::tests::test_of_talents_counters_spell_and_draws_for_its_controller
        PASS [   0.051s] ( 850/1596) phase-engine game::casting::tests::top_of_library_cast_permission_runtime::realmwalker_rejects_top_when_filter_misses
        PASS [   0.053s] ( 851/1596) phase-engine game::casting::tests::top_of_library_cast_permission_runtime::realmwalker_grants_cast_permission_when_top_matches_filter
        PASS [   0.268s] ( 852/1596) phase-engine game::casting::tests::the_end_searches_target_controller_zones_and_draws_for_them
        PASS [   0.043s] ( 853/1596) phase-engine game::casting::tests::top_of_library_cast_permission_runtime::selection_prefers_unlimited_over_once_per_turn
        PASS [   0.066s] ( 854/1596) phase-engine game::casting::tests::top_of_library_cast_permission_runtime::selected_permission_helper_reports_source_and_frequency
        PASS [   0.052s] ( 855/1596) phase-engine game::casting::tests::top_of_library_cast_permission_runtime::unlimited_top_of_library_ignores_used_set
        PASS [   0.053s] ( 856/1596) phase-engine game::casting::tests::transient_activation_cost_reduction_hits_only_controlled_artifact_tokens
        PASS [   0.073s] ( 857/1596) phase-engine game::casting::tests::toxic_deluge_style_x_life_additional_cost_still_pays_mana_cost
        PASS [   0.049s] ( 858/1596) phase-engine game::casting::tests::transient_grant_display_name_keeps_the_source_snapshot
        PASS [   0.059s] ( 859/1596) phase-engine game::casting::tests::transient_flashback_grant_in_graveyard_is_castable_until_cleanup
        PASS [   0.145s] ( 860/1596) phase-engine game::casting::tests::transfigure_searches_battlefield_source_mana_value_for_creature
        PASS [   0.046s] ( 861/1596) phase-engine game::casting::tests::transient_player_wide_grant_stops_when_its_duration_lapses
        PASS [   0.071s] ( 862/1596) phase-engine game::casting::tests::transient_object_bound_grant_is_ignored_after_its_recipient_leaves
        PASS [   0.055s] ( 863/1596) phase-engine game::casting::tests::trinisphere_disabled_when_tapped
        PASS [   0.039s] ( 864/1596) phase-engine game::casting::tests::trinisphere_does_not_affect_three_mana_spell
        PASS [   0.108s] ( 865/1596) phase-engine game::casting::tests::transmute_search_uses_discarded_cards_mana_value
        PASS [   0.039s] ( 866/1596) phase-engine game::casting::tests::trinisphere_floors_one_mana_spell_to_three
        PASS [   0.062s] ( 867/1596) phase-engine game::casting::tests::trinisphere_floors_no_cost_spell_to_three
        PASS [   0.040s] ( 868/1596) phase-engine game::casting::tests::trinisphere_floors_opponent_spell
        PASS [   0.043s] ( 869/1596) phase-engine game::casting::tests::trinisphere_floors_two_mana_spell_to_three
        PASS [   0.044s] ( 870/1596) phase-engine game::casting::tests::trinisphere_in_graveyard_does_nothing
        PASS [   0.057s] ( 871/1596) phase-engine game::casting::tests::unattach_cost::not_payable_for_attached_non_equipment
        PASS [   0.068s] ( 872/1596) phase-engine game::casting::tests::unattach_cost::not_payable_when_source_is_unattached
        PASS [   0.055s] ( 873/1596) phase-engine game::casting::tests::unattach_cost::pays_by_detaching_source_equipment
        PASS [   0.036s] ( 874/1596) phase-engine game::casting::tests::undaunted_does_not_count_eliminated_opponents
        PASS [   0.038s] ( 875/1596) phase-engine game::casting::tests::undaunted_multiple_instances_scale_by_living_opponents
        PASS [   0.050s] ( 876/1596) phase-engine game::casting::tests::undaunted_reduces_generic_by_living_opponent_count
        PASS [   0.071s] ( 877/1596) phase-engine game::casting::tests::undaunted_no_op_without_keyword
        PASS [   0.048s] ( 878/1596) phase-engine game::casting::tests::unless_mana_payment_rejects_activation_only_source
        PASS [   0.063s] ( 879/1596) phase-engine game::casting::tests::unlimited_object_exile_land_permissions_do_not_consume_a_ledger_slot
        PASS [   0.552s] ( 880/1596) phase-engine game::casting::tests::torch_the_tower_deals_three_and_scries_when_bargained
        PASS [   0.540s] ( 881/1596) phase-engine game::casting::tests::torch_the_tower_deals_two_without_bargaining
        PASS [   0.206s] ( 882/1596) phase-engine game::casting::tests::unreadable_additional_cost_is_refused_not_free::an_unpayable_optional_cost_is_never_offered_to_the_player
        PASS [   0.332s] ( 883/1596) phase-engine game::casting::tests::unreadable_additional_cost_is_refused_not_free::main_event_horizon_carries_a_required_unreadable_cost
        PASS [   0.757s] ( 884/1596) phase-engine game::casting::tests::unreadable_additional_cost_is_refused_not_free::fixture_really_carries_required_unimplemented
        PASS [   0.675s] ( 885/1596) phase-engine game::casting::tests::unreadable_additional_cost_is_refused_not_free::main_event_horizon_is_not_offered_and_is_refused
        PASS [   0.543s] ( 886/1596) phase-engine game::casting::tests::unreadable_additional_cost_is_refused_not_free::optional_unreadable_cost_leaves_the_spell_castable
        PASS [   0.900s] ( 887/1596) phase-engine game::casting::tests::unreadable_additional_cost_is_refused_not_free::full_cast_is_refused_not_silently_free
        PASS [   1.013s] ( 888/1596) phase-engine game::casting::tests::unreadable_additional_cost_is_refused_not_free::cast_is_not_offered
        PASS [   0.091s] ( 889/1596) phase-engine game::casting::tests::untapped_land_can_activate_composite_mana_tap_counter_ability_with_pooled_mana
        PASS [   0.194s] ( 890/1596) phase-engine game::casting::tests::unsupported_leading_if_predicate_still_drops_option
        PASS [   0.128s] ( 891/1596) phase-engine game::casting::tests::valgavoth_alternative_cost_zeroes_mana_but_additional_keeps_it
        PASS [   0.115s] ( 892/1596) phase-engine game::casting::tests::valgavoth_exile_static_alternative_cost_gated_on_life
        PASS [   0.123s] ( 893/1596) phase-engine game::casting::tests::valgavoth_exile_static_alternative_cost_zeroes_mana_cost
        PASS [   0.115s] ( 894/1596) phase-engine game::casting::tests::visions_of_ruin_flashback_commander_mv_reduces_flashback_cost
        PASS [   0.120s] ( 895/1596) phase-engine game::casting::tests::vizier_filtered_static_grants_any_type_mana_for_creature_spells
        PASS [   0.049s] ( 896/1596) phase-engine game::casting::tests::web_slinging_granted_to_legendary_colored_spell_in_hand
        PASS [   0.044s] ( 897/1596) phase-engine game::casting::tests::web_slinging_not_granted_to_colorless_legendary_spell
        PASS [   0.288s] ( 898/1596) phase-engine game::casting::tests::vicious_rivalry_additional_life_x_drives_destroyall_mv_filter
        PASS [   0.065s] ( 899/1596) phase-engine game::casting::tests::web_slinging_not_granted_to_nonlegendary_colored_spell
        PASS [   0.317s] ( 900/1596) phase-engine game::casting::tests::voltage_surge_deals_two_without_a_sacrificeable_artifact
        PASS [   0.101s] ( 901/1596) phase-engine game::casting::tests::will_scion_of_peace_reduces_white_blue_spells_by_life_gained
        PASS [   0.422s] ( 902/1596) phase-engine game::casting::tests::voltage_surge_deals_four_when_its_artifact_cost_is_paid
        PASS [   0.802s] ( 903/1596) phase-engine game::casting::tests::unreadable_additional_cost_is_refused_not_free::refused_cast_is_recoverable_via_cancel
        PASS [   0.097s] ( 904/1596) phase-engine game::casting::tests::witherbloom_affinity_counts_buyback_during_full_cast_pipeline
        PASS [   0.046s] ( 905/1596) phase-engine game::casting::tests::witherbloom_grants_affinity_to_instant_and_sorcery_spells
        PASS [   0.054s] ( 906/1596) phase-engine game::casting::tests::without_paying_graveyard_free_cast_bypasses_paid_offer
        PASS [   0.375s] ( 907/1596) phase-engine game::casting::tests::witherbloom_recomputes_affinity_after_declared_additional_mana
        PASS [   0.154s] ( 908/1596) phase-engine game::casting::tests::worldsouls_rage_offered_x_is_payable_with_an_unchosen_citadel_copy
        PASS [   0.892s] ( 909/1596) phase-engine game::casting::tests::wedding_of_river_song_exiles_card_and_draws_two
        PASS [   0.091s] ( 910/1596) phase-engine game::casting::tests::x_composite_mana_tap_activation_excludes_source_during_pending_payment
        PASS [   0.056s] ( 911/1596) phase-engine game::casting::tests::x_composite_mana_tap_activation_rejects_source_only_pending_payment_without_tapping
        PASS [   0.775s] ( 912/1596) phase-engine game::casting::tests::worldsouls_rage_object_target_and_x_one_allow_a_land_subset
        PASS [   0.083s] ( 913/1596) phase-engine game::casting::tests::x_cost_accounts_for_pending_cost_reduction_in_max
        PASS [   0.076s] ( 914/1596) phase-engine game::casting::tests::x_cost_activated_composite_sacrifice_bounds_x_by_fixed_portion
        PASS [   0.068s] ( 915/1596) phase-engine game::casting::tests::x_cost_activated_composite_tap_no_double_payment_on_interactive_targets
        PASS [   0.066s] ( 916/1596) phase-engine game::casting::tests::x_cost_activated_composite_tap_prompts_for_x_and_taps_on_resolution
        PASS [   0.449s] ( 917/1596) phase-engine game::casting::tests::worldsouls_rage_resolves_hand_graveyard_both_and_neither_land_matrix
        PASS [   0.051s] ( 918/1596) phase-engine game::casting::tests::x_cost_activated_minimum_above_payable_max_rejects_before_choose_x
        PASS [   0.058s] ( 919/1596) phase-engine game::casting::tests::x_cost_activation_defers_exact_target_count_until_x_is_announced
        PASS [   0.071s] ( 920/1596) phase-engine game::casting::tests::x_cost_activated_minimum_rejects_zero_and_accepts_one
        PASS [   0.054s] ( 921/1596) phase-engine game::casting::tests::x_cost_activation_defers_x_dependent_target_filter_until_x_is_announced
        PASS [   0.051s] ( 922/1596) phase-engine game::casting::tests::x_cost_alt_cost_max_and_charge_derive_from_alt_base
        PASS [   0.065s] ( 923/1596) phase-engine game::casting::tests::x_cost_cancellation_returns_to_priority
        PASS [   0.081s] ( 924/1596) phase-engine game::casting::tests::x_cost_ai_enumerates_full_range
        PASS [   0.058s] ( 925/1596) phase-engine game::casting::tests::x_cost_double_x_max_divides_by_count
        PASS [   0.098s] ( 926/1596) phase-engine game::casting::tests::x_cost_deal_x_damage_lands_for_chosen_x
        PASS [   0.080s] ( 927/1596) phase-engine game::casting::tests::x_cost_exact_multi_target_spell_chooses_x_before_targets
        PASS [   0.044s] ( 928/1596) phase-engine game::casting::tests::x_cost_preserves_convoke_mode_through_choice
        PASS [   0.057s] ( 929/1596) phase-engine game::casting::tests::x_cost_pass_priority_rejected_during_choose_x
        PASS [   0.091s] ( 930/1596) phase-engine game::casting::tests::x_cost_max_accounts_for_granted_affinity_exceeding_fixed_generic
        PASS [   1.275s] ( 931/1596) phase-engine game::casting::tests::worldgorger_dragon_animate_dead_self_loop_single_cycle
        PASS [   0.063s] ( 932/1596) phase-engine game::casting::tests::x_cost_spell_minimum_above_payable_max_rejects_before_choose_x
        PASS [   0.097s] ( 933/1596) phase-engine game::casting::tests::x_cost_rejects_value_above_max
        PASS [   0.044s] ( 934/1596) phase-engine game::casting::tests::x_cost_strive_surcharge_and_reduction_both_applied_in_concrete_cost
        PASS [   0.058s] ( 935/1596) phase-engine game::casting::tests::x_cost_strive_reduction_then_floor_ordering
        PASS [   0.128s] ( 936/1596) phase-engine game::casting::tests::x_cost_spell_prompts_for_x_then_pays_concretized_cost
        PASS [   0.068s] ( 937/1596) phase-engine game::casting::tests::x_phyrexian_composite_mana_tap_activation_excludes_source_during_phyrexian_prepass
        PASS [   0.086s] ( 938/1596) phase-engine game::casting::tests::x_phyrexian_composite_mana_tap_activation_keeps_source_untapped_until_choice_resume
        PASS [   0.174s] ( 939/1596) phase-engine game::casting::tests::x_sentinel_tap_creatures_activation_cost::fixed_count_tap_creatures_cost_still_requires_exact_count
        PASS [   0.138s] ( 940/1596) phase-engine game::casting::tests::x_sentinel_tap_creatures_activation_cost::glacian_shaped_ability_surfaces_range_not_exact_match
        PASS [   0.108s] ( 941/1596) phase-engine game::casting::tests::x_sentinel_tap_creatures_activation_cost::glacian_shaped_ability_threads_chosen_x_into_dig_count
        PASS [   0.287s] ( 942/1596) phase-engine game::casting::tests::x_sentinel_tap_creatures_activation_cost::glacian_shaped_ability_accepts_x_below_eligible_maximum
        PASS [   0.274s] ( 943/1596) phase-engine game::casting::tests::x_sentinel_tap_creatures_activation_cost::glacian_shaped_ability_is_activatable_with_zero_eligible_artifacts
        PASS [   0.113s] ( 944/1596) phase-engine game::casting::tests::x_sentinel_tap_creatures_activation_cost::merchant_dockhand_shaped_self_matching_source_not_overcounted
        PASS [   0.082s] ( 945/1596) phase-engine game::casting::tests::x_sentinel_tap_creatures_activation_cost::x_equals_zero_is_a_legal_glacian_activation
        PASS [   0.044s] ( 946/1596) phase-engine game::casting::tests::x_spell_cap_excludes_mana_restricted_to_activated_abilities
        PASS [   0.051s] ( 947/1596) phase-engine game::casting::tests::x_spell_under_trinisphere_does_not_offer_unpayable_x
        PASS [   0.034s] ( 948/1596) phase-engine game::casting::tests::x_target_count_does_not_mask_missing_fixed_target
        PASS [   0.081s] ( 949/1596) phase-engine game::casting::tests::x_spell_doubled_lose_life_drains_opponents_and_gains_controller
        PASS [   0.049s] ( 950/1596) phase-engine game::casting_costs::tests::a_mixed_or_grant_stays_hand_only_for_the_unscoped_branch
        PASS [   0.035s] ( 951/1596) phase-engine game::casting_costs::tests::a_pending_recast_outranks_a_stale_cast_from_zone_stamp
        PASS [   0.029s] ( 952/1596) phase-engine game::casting_costs::tests::accepting_artifact_offering_prompts_artifact_sacrifice
        PASS [   0.054s] ( 953/1596) phase-engine game::casting_costs::tests::accepting_spirit_offering_prompts_sacrifice_selection
        PASS [   0.045s] ( 954/1596) phase-engine game::casting_costs::tests::accepting_spirit_offering_sacrifices_permanent_and_reduces_cost
        PASS [   0.043s] ( 955/1596) phase-engine game::casting_costs::tests::activation_one_of_choice_replaces_nested_first_branch
        PASS [   0.076s] ( 956/1596) phase-engine game::casting_costs::tests::additional_cost_waterbend_offerability_counts_waterbend_taps
        PASS [   0.067s] ( 957/1596) phase-engine game::casting_costs::tests::announcing_opponent_preflight_ignores_scoped_player_chooser
        PASS [   0.066s] ( 958/1596) phase-engine game::casting_costs::tests::auto_tap_assigns_flexible_sources_optimally
        PASS [   0.073s] ( 959/1596) phase-engine game::casting_costs::tests::auto_payment_falls_back_to_mana_payment_when_manual_mana_source_is_needed
        PASS [   0.049s] ( 960/1596) phase-engine game::casting_costs::tests::auto_tap_does_not_use_combo_for_pure_generic
        PASS [   0.039s] ( 961/1596) phase-engine game::casting_costs::tests::auto_tap_filter_land_does_not_prompt_user
        PASS [   0.050s] ( 962/1596) phase-engine game::casting_costs::tests::auto_tap_filter_land_covers_colored_plus_generic
        PASS [   0.050s] ( 963/1596) phase-engine game::casting_costs::tests::auto_tap_filter_land_picks_double_color_combination
        PASS [   0.087s] ( 964/1596) phase-engine game::casting_costs::tests::auto_tap_filter_land_covers_mixed_shards
        PASS [   0.050s] ( 965/1596) phase-engine game::casting_costs::tests::auto_tap_pays_mana_source_sub_cost_from_other_source
        PASS [   0.044s] ( 966/1596) phase-engine game::casting_costs::tests::auto_tap_prefers_free_land_over_city_of_brass_self_damage_trigger
        PASS [   0.070s] ( 967/1596) phase-engine game::casting_costs::tests::auto_tap_prefers_colorless_rock_over_colored_lands_for_generic
        PASS [   0.056s] ( 968/1596) phase-engine game::casting_costs::tests::auto_tap_skips_sources_when_pool_already_covers_cost
        PASS [   0.065s] ( 969/1596) phase-engine game::casting_costs::tests::auto_tap_prefers_non_life_mana_sources_when_equivalent
        PASS [   0.044s] ( 970/1596) phase-engine game::casting_costs::tests::auto_tap_taps_only_the_shortfall_when_pool_partially_covers
        PASS [   0.057s] ( 971/1596) phase-engine game::casting_costs::tests::auto_tap_uses_colorless_combo_for_pure_generic
        PASS [   0.035s] ( 972/1596) phase-engine game::casting_costs::tests::bargain_additional_cost_instance_has_a_dedicated_origin
        PASS [   0.067s] ( 973/1596) phase-engine game::casting_costs::tests::behold_choices_include_controlled_permanents_and_hand_cards
        PASS [   0.099s] ( 974/1596) phase-engine game::casting_costs::tests::blight_cost_places_n_counters_on_one_creature
        PASS [   0.109s] ( 975/1596) phase-engine game::casting_costs::tests::blight_cost_is_replacement_aware
        PASS [   0.095s] ( 976/1596) phase-engine game::casting_costs::tests::blight_cost_rejected_with_no_creatures
        PASS [   0.164s] ( 977/1596) phase-engine game::casting_costs::tests::blight_auto_cast_remains_offered_and_reaches_blight_choice
        PASS [   0.038s] ( 978/1596) phase-engine game::casting_costs::tests::blight_payable_with_n_greater_than_creature_count
        PASS [   0.113s] ( 979/1596) phase-engine game::casting_costs::tests::blight_cost_rejects_multiple_creatures
        PASS [   0.152s] ( 980/1596) phase-engine game::casting_costs::tests::blight_cost_snapshots_cost_paid_object
        PASS [   0.043s] ( 981/1596) phase-engine game::casting_costs::tests::cascade_constraint::accepted_cascade_is_not_vetoed_by_stale_mana_value_permission
        PASS [   0.131s] ( 982/1596) phase-engine game::casting_costs::tests::blight_zero_places_no_counter_but_still_snapshots
        PASS [   0.042s] ( 983/1596) phase-engine game::casting_costs::tests::cascade_constraint::accepts_when_resulting_mv_below_source
        PASS [   0.050s] ( 984/1596) phase-engine game::casting_costs::tests::cascade_constraint::final_validation_accepts_free_alt_cost_after_cost_increase
        PASS [   0.035s] ( 985/1596) phase-engine game::casting_costs::tests::cascade_constraint::final_validation_rejects_permission_with_different_selected_cost
        PASS [   0.172s] ( 986/1596) phase-engine game::casting_costs::tests::cancel_cast_at_first_kicker_prompt_aborts_the_cast
        PASS [   0.063s] ( 987/1596) phase-engine game::casting_costs::tests::cascade_constraint::rejects_when_resulting_mv_above_source
        PASS [   0.070s] ( 988/1596) phase-engine game::casting_costs::tests::cascade_constraint::rejection_handler_pops_stack_and_bottom_shuffles_all
        PASS [   0.045s] ( 989/1596) phase-engine game::casting_costs::tests::cascade_constraint::rejects_when_resulting_mv_equals_source
        PASS [   0.040s] ( 990/1596) phase-engine game::casting_costs::tests::cascade_constraint::ripple_success_offers_remaining_hit_before_bottoming_misses
        PASS [   0.055s] ( 991/1596) phase-engine game::casting_costs::tests::cascade_constraint::ripple_success_bottoms_misses_after_last_hit
        PASS [   0.139s] ( 992/1596) phase-engine game::casting_costs::tests::cascade_constraint::later_cascade_permission_cannot_authorize_selected_failing_permission
        PASS [   0.047s] ( 993/1596) phase-engine game::casting_costs::tests::cascade_constraint::wrong_player_cascade_permission_does_not_reject_selected_permission
        PASS [   0.055s] ( 994/1596) phase-engine game::casting_costs::tests::composite_additional_cost_preserves_waterbend_mode_after_residual
        PASS [   0.093s] ( 995/1596) phase-engine game::casting_costs::tests::convoke_x_spell_offers_payable_x_with_mana_dork_overlap
        PASS [   0.122s] ( 996/1596) phase-engine game::casting_costs::tests::cost_paid_multi_sacrifice_blood_artist_co_departed
        PASS [   0.185s] ( 997/1596) phase-engine game::casting_costs::tests::cost_paid_multi_sacrifice_kicker_paused_under_observes
        PASS [   0.045s] ( 998/1596) phase-engine game::casting_costs::tests::declining_spirit_offering_preserves_full_cost
        PASS [  12.403s] ( 999/1596) phase-engine game::casting::tests::fused_split_spell_granted_flash_timing_uses_combined_projection
        PASS [  14.151s] (1000/1596) phase-engine game::casting::tests::build_spell_meta_fused_split_spell_uses_combined_mana_value_and_colors
        PASS [   0.075s] (1001/1596) phase-engine game::casting_costs::tests::defensive_target_root_preserves_non_x_residual_controls
        PASS [   0.060s] (1002/1596) phase-engine game::casting_costs::tests::defensive_x_target_root_refuses_mixed_suffix_before_bulk_or_slot_payment
        PASS [   0.265s] (1003/1596) phase-engine game::casting_costs::tests::declined_kicker_completes_cast_with_zero_counters
        PASS [   0.463s] (1004/1596) phase-engine game::casting_costs::tests::consult_the_star_charts_kicked_draws_two_cards_via_full_cast_pipeline
        PASS [   0.052s] (1005/1596) phase-engine game::casting_costs::tests::deferred_spell_sacrifice_repin_restores_the_cost_referent
        PASS [   0.047s] (1006/1596) phase-engine game::casting_costs::tests::delve_max_x_counts_only_eligible_graveyard_cards_and_respects_exclusions
        PASS [   0.106s] (1007/1596) phase-engine game::casting_costs::tests::deferred_spell_sacrifice_repin_does_not_bless_a_later_move
        PASS [   0.064s] (1008/1596) phase-engine game::casting_costs::tests::direct_push_target_bearing_activation_selects_targets_before_paying_cost
        PASS [   0.100s] (1009/1596) phase-engine game::casting_costs::tests::discard_for_cost_parks_triggers_when_later_discard_pauses_on_replacement
        PASS [   0.050s] (1010/1596) phase-engine game::casting_costs::tests::exile_for_cost_graveyard_applies_filter
        PASS [   0.154s] (1011/1596) phase-engine game::casting_costs::tests::discard_for_cost_parks_graveyard_triggers_when_mana_payment_remains
        PASS [   0.120s] (1012/1596) phase-engine game::casting_costs::tests::discard_for_cost_resume_can_pause_on_each_remaining_discard
        PASS [   0.273s] (1013/1596) phase-engine game::casting_costs::tests::defensive_x_target_routes_refuse_mixed_suffix_and_pay_count_only
        PASS [   0.139s] (1014/1596) phase-engine game::casting_costs::tests::discard_for_cost_resume_parks_triggers_when_next_discard_pauses_on_replacement
        PASS [   0.664s] (1015/1596) phase-engine game::casting_costs::tests::consult_the_star_charts_unkicked_draws_one_card_via_full_cast_pipeline
        PASS [   0.047s] (1016/1596) phase-engine game::casting_costs::tests::exile_from_hand_for_cost_filters_eligible_hand_cards
        PASS [   0.058s] (1017/1596) phase-engine game::casting_costs::tests::find_defiler_reduction_ignores_non_permanent
        PASS [   0.054s] (1018/1596) phase-engine game::casting_costs::tests::find_defiler_reduction_ignores_wrong_color
        PASS [   0.082s] (1019/1596) phase-engine game::casting_costs::tests::exile_from_hand_for_cost_rejects_when_insufficient_eligible_cards
        PASS [   0.050s] (1020/1596) phase-engine game::casting_costs::tests::find_defiler_reduction_matches_color
        PASS [   0.068s] (1021/1596) phase-engine game::casting_costs::tests::granted_alternative_cost_reaches_an_exile_scoped_cast
        PASS [   0.053s] (1022/1596) phase-engine game::casting_costs::tests::granted_casualty_additional_cost_prompts_for_matching_spell
        PASS [   0.094s] (1023/1596) phase-engine game::casting_costs::tests::glamdring_foe_hammer_cost_reduction_reaches_cost_resolver
        PASS [   0.076s] (1024/1596) phase-engine game::casting_costs::tests::granted_alternative_energy_cost_matches_creature_mv_filter
        PASS [   0.069s] (1025/1596) phase-engine game::casting_costs::tests::granted_alternative_mana_cost_matches_controller_filter
        PASS [   0.055s] (1026/1596) phase-engine game::casting_costs::tests::granted_conspire_additional_cost_prompts_for_matching_spell
        PASS [   0.058s] (1027/1596) phase-engine game::casting_costs::tests::graveyard_exile_additional_cost_concretizes_after_x_is_chosen
        PASS [   0.064s] (1028/1596) phase-engine game::casting_costs::tests::granted_replicate_targeted_spell_prompts_before_target_selection
        PASS [   0.034s] (1029/1596) phase-engine game::casting_costs::tests::graveyard_exile_additional_cost_x_max_is_eligible_graveyard_size
        PASS [   0.114s] (1030/1596) phase-engine game::casting_costs::tests::granted_offspring_paid_creates_copy_token_on_etb
        PASS [   0.045s] (1031/1596) phase-engine game::casting_costs::tests::handle_behold_for_cost_reveals_hand_card_without_moving_it
        PASS [   0.049s] (1032/1596) phase-engine game::casting_costs::tests::handle_behold_for_cost_exiles_selected_permanent_when_required
        PASS [   0.075s] (1033/1596) phase-engine game::casting_costs::tests::handle_defiler_payment_accepted_reduces_cost
        PASS [   0.053s] (1034/1596) phase-engine game::casting_costs::tests::handle_defiler_payment_does_not_spill_excess_beyond_matching_color_to_generic
        PASS [   0.045s] (1035/1596) phase-engine game::casting_costs::tests::handle_exile_for_cost_rejects_illegal_selection
        PASS [   0.057s] (1036/1596) phase-engine game::casting_costs::tests::handle_defiler_payment_does_not_spill_unmatched_colored_shard_to_generic
        PASS [   0.057s] (1037/1596) phase-engine game::casting_costs::tests::handle_exile_for_cost_rejects_wrong_count
        PASS [   0.041s] (1038/1596) phase-engine game::casting_costs::tests::keyword_cost_of_cast_spell_aborts_when_keyword_cost_unavailable
        PASS [   0.056s] (1039/1596) phase-engine game::casting_costs::tests::invoke_calamity_rider_exiles_free_cast_spell_on_resolution
        PASS [   0.228s] (1040/1596) phase-engine game::casting_costs::tests::granted_replicate_paid_twice_creates_two_copies
        PASS [   0.061s] (1041/1596) phase-engine game::casting_costs::tests::invoke_calamity_rider_fizzle_under_rip_parks_choice_with_clean_epilogue
        PASS [   0.057s] (1042/1596) phase-engine game::casting_costs::tests::largest_x_satisfying_matches_linear_reference
        PASS [   0.076s] (1043/1596) phase-engine game::casting_costs::tests::library_bottom_rider_bottoms_resolved_spell_on_resolution
        PASS [   0.068s] (1044/1596) phase-engine game::casting_costs::tests::mana_value_gated_cost_reduction_reaches_cost_resolver
        PASS [   0.075s] (1045/1596) phase-engine game::casting_costs::tests::mana_ability_sacrifice_cost_fires_dies_zone_trigger_end_to_end
        PASS [   0.076s] (1046/1596) phase-engine game::casting_costs::tests::mana_ability_sacrifice_cost_fires_observer_trigger_end_to_end
        PASS [  16.241s] (1047/1596) phase-engine game::casting::dandan_read_sweep_tests::graveyard_permission_slot_demand_counts_the_shared_pile
        PASS [   0.422s] (1048/1596) phase-engine game::casting_costs::tests::glamdring_foe_hammer_cost_reduction_is_live_not_snapshotted
        PASS [   0.050s] (1049/1596) phase-engine game::casting_costs::tests::manual_payment_mode_pauses_unambiguous_spell_cost
        PASS [   0.046s] (1050/1596) phase-engine game::casting_costs::tests::max_x_value_convoke_does_not_double_count_mana_dorks
        PASS [   0.050s] (1051/1596) phase-engine game::casting_costs::tests::max_x_value_counts_convoke_creatures
        PASS [   0.061s] (1052/1596) phase-engine game::casting_costs::tests::max_pay_life_x_team_bounded_in_2hg
        PASS [   0.076s] (1053/1596) phase-engine game::casting_costs::tests::max_x_value_counts_kci_non_tap_sacrifice_mana_ability
        PASS [   0.071s] (1054/1596) phase-engine game::casting_costs::tests::max_x_value_counts_treasure_tokens
        PASS [   0.064s] (1055/1596) phase-engine game::casting_costs::tests::max_x_value_improvise_does_not_double_count_mana_rocks
        PASS [   0.062s] (1056/1596) phase-engine game::casting_costs::tests::max_x_value_waterbend_does_not_double_count
        PASS [   0.041s] (1057/1596) phase-engine game::casting_costs::tests::next_kicker_option_repeats_multikicker_first_variant
        PASS [   0.076s] (1058/1596) phase-engine game::casting_costs::tests::next_kicker_option_walks_independent_kicker_costs_by_position
        PASS [   0.078s] (1059/1596) phase-engine game::casting_costs::tests::non_offering_sacrifice_on_offering_spell_does_not_reduce_cost
        PASS [   0.046s] (1060/1596) phase-engine game::casting_costs::tests::offering_cost_reduction_applies_per_cr_702_48c
        PASS [   0.089s] (1061/1596) phase-engine game::casting_costs::tests::non_x_residual_sacrifice_bounds_and_derived_x_remain_unchanged
        PASS [   0.258s] (1062/1596) phase-engine game::casting_costs::tests::march_exiles_matching_hand_cards_and_reduces_the_chosen_x_cost
        PASS [   0.070s] (1063/1596) phase-engine game::casting_costs::tests::optional_cost_auto_cast_remains_offered_and_reaches_optional_cost_choice
        PASS [   0.338s] (1064/1596) phase-engine game::casting_costs::tests::mana_value_gated_cost_reduction_through_cast_pipeline
        PASS [   0.077s] (1065/1596) phase-engine game::casting_costs::tests::pay_cost_spell_cost_resume_auto_cast_remains_offered
        PASS [   0.053s] (1066/1596) phase-engine game::casting_costs::tests::remove_counter_additional_cost_x_max_counts_counters_not_targets
        PASS [   0.067s] (1067/1596) phase-engine game::casting_costs::tests::random_discard_sibling_of_unresolved_discard_one_of_fails_before_mutation
        PASS [   0.111s] (1068/1596) phase-engine game::casting_costs::tests::ordinary_selected_sacrifice_error_contract
        PASS [   0.115s] (1069/1596) phase-engine game::casting_costs::tests::replacement_resumed_discard_for_cost_parks_triggers_when_mana_payment_remains
        PASS [   0.342s] (1070/1596) phase-engine game::casting_costs::tests::multikicker_paid_twice_enters_with_two_charge_counters
        PASS [   0.050s] (1071/1596) phase-engine game::casting_costs::tests::required_cost_before_targets_records_the_graveyard_rider_authority
        PASS [   0.168s] (1072/1596) phase-engine game::casting_costs::tests::replicate_paid_zero_times_creates_no_copies
        PASS [   0.226s] (1073/1596) phase-engine game::casting_costs::tests::replacement_paused_auto_payment_remains_deferred_to_serialized_resume
        PASS [   0.493s] (1074/1596) phase-engine game::casting_costs::tests::memory_deluge_dig_count_equals_mana_spent_via_full_cast_pipeline
        PASS [   0.074s] (1075/1596) phase-engine game::casting_costs::tests::sacrifice_for_cost_illegal_permanent
        PASS [   0.064s] (1076/1596) phase-engine game::casting_costs::tests::sacrifice_for_cost_valid_selection
        PASS [   0.052s] (1077/1596) phase-engine game::casting_costs::tests::sacrifice_for_cost_wrong_count
        PASS [   0.058s] (1078/1596) phase-engine game::casting_costs::tests::sacrifice_token_as_cost_fires_dies_zone_trigger
        PASS [   0.178s] (1079/1596) phase-engine game::casting_costs::tests::sacrifice_as_cost_emits_event_for_observer_trigger
        PASS [   0.085s] (1080/1596) phase-engine game::casting_costs::tests::sacrificed_this_way_reduction_filters_selected_objects
        PASS [   0.056s] (1081/1596) phase-engine game::casting_costs::tests::selected_sacrifice_missing_metadata_and_old_check_order
        PASS [   0.104s] (1082/1596) phase-engine game::casting_costs::tests::selected_sacrifice_current_leaf
        PASS [   0.048s] (1083/1596) phase-engine game::casting_costs::tests::settlement_skips_records_another_cost_component_already_settled
        PASS [   0.399s] (1084/1596) phase-engine game::casting_costs::tests::remove_counter_cost_count_feeds_that_many_token_count
        PASS [   0.093s] (1085/1596) phase-engine game::casting_costs::tests::selected_sacrifice_spell_authority
        PASS [   0.062s] (1086/1596) phase-engine game::casting_costs::tests::spirit_offering_presents_optional_sacrifice_for_spirit
        PASS [   0.052s] (1087/1596) phase-engine game::casting_costs::tests::stale_resolution_sacrifice_resume_terminalizes_receipt_as_removed
        PASS [   0.042s] (1088/1596) phase-engine game::casting_costs::tests::stamp_controller_controlled_as_cast_uses_quantity_resolver_snapshot
        PASS [   0.439s] (1089/1596) phase-engine game::casting_costs::tests::replicate_paid_twice_creates_two_copies
        PASS [   0.051s] (1090/1596) phase-engine game::casting_costs::tests::stale_resolution_sacrifice_selection_terminalizes_receipt_as_removed
        PASS [  13.893s] (1091/1596) phase-engine game::casting::tests::fused_split_spell_assist_offer_uses_combined_projection
        PASS [   0.055s] (1092/1596) phase-engine game::casting_costs::tests::strive_no_surcharge_with_one_target
        PASS [   0.055s] (1093/1596) phase-engine game::casting_costs::tests::strive_surcharge_with_three_targets
        PASS [   0.204s] (1094/1596) phase-engine game::casting_costs::tests::selected_sacrifice_revalidates_live_filter_and_prohibition
        PASS [   0.065s] (1095/1596) phase-engine game::casting_costs::tests::strive_surcharge_with_two_targets
        PASS [   0.062s] (1096/1596) phase-engine game::casting_costs::tests::the_pending_cast_origin_drives_the_exile_scoped_grant
        PASS [   0.143s] (1097/1596) phase-engine game::casting_costs::tests::squad_paid_twice_creates_two_copy_tokens
        PASS [   0.082s] (1098/1596) phase-engine game::casting_costs::tests::the_stamped_cast_from_zone_survives_finalize_for_the_grant
        PASS [   0.118s] (1099/1596) phase-engine game::casting_costs::tests::target_dependent_payment_prompt_is_deferred_but_fixed_target_payment_is_checked
        PASS [   0.168s] (1100/1596) phase-engine game::casting_costs::tests::until_event_expiry::until_event_ends_after_its_spell_copy_source_ceased_to_exist
        PASS [   0.231s] (1101/1596) phase-engine game::casting_costs::tests::until_event_expiry::until_event_from_a_dies_trigger_ends_at_a_creature_cast
        PASS [   0.317s] (1102/1596) phase-engine game::casting_costs::tests::until_event_expiry::until_event_ends_when_a_copy_of_a_creature_card_is_cast
        PASS [   0.421s] (1103/1596) phase-engine game::casting_costs::tests::until_event_expiry::until_event_ends_a_pump_at_its_own_filter
        PASS [   0.393s] (1104/1596) phase-engine game::casting_costs::tests::until_event_expiry::until_event_ends_when_creature_spell_becomes_cast
        PASS [   0.029s] (1105/1596) phase-engine game::casting_costs::tests::variable_sacrifice_for_cost_sets_chosen_x_from_selection_size
        PASS [   0.351s] (1106/1596) phase-engine game::casting_costs::tests::until_event_expiry::until_event_ignores_a_creature_spell_cast_before_it_began
        PASS [   0.429s] (1107/1596) phase-engine game::casting_costs::tests::until_event_expiry::until_event_ends_when_its_source_ceased_before_the_effect_began
        PASS [   0.051s] (1108/1596) phase-engine game::casting_costs::tests::x_residual_exile_forms_keep_the_original_guard
        PASS [   0.063s] (1109/1596) phase-engine game::casting_costs::tests::x_residual_count_two_rejects_zero_or_one_eligible_permanent
        PASS [   0.208s] (1110/1596) phase-engine game::casting_costs::tests::until_event_expiry::until_event_survives_a_copy_of_a_creature_spell
        PASS [   0.050s] (1111/1596) phase-engine game::costs::dandan_read_sweep_tests::payer_scoped_graveyard_exile_reads_the_shared_pile
        PASS [   0.058s] (1112/1596) phase-engine game::cost_payability::dandan_read_sweep_tests::exile_cost_enumerators_read_the_shared_pile
        PASS [   0.063s] (1113/1596) phase-engine game::casting_costs::tests::x_residual_rejects_every_unsupported_cost_node_before_selection
        PASS [   0.094s] (1114/1596) phase-engine game::casting_costs::tests::x_residual_non_self_sacrifice_pays_selected_cost
        PASS [   0.050s] (1115/1596) phase-engine game::effects::conjure::tests::conjure_to_top_of_library_reevaluates_top_of_library_static
        PASS [   0.060s] (1116/1596) phase-engine game::effects::choose_card::dandan_read_sweep_tests::offers_the_shared_pile_to_the_non_canonical_seat
        PASS [   0.065s] (1117/1596) phase-engine game::effects::bounce::dandan_read_sweep_tests::chosen_non_canonical_player_returns_a_card_from_the_shared_pile_graveyard
        PASS [   0.088s] (1118/1596) phase-engine game::deck_validation::tests::dandan_deck_compatibility_reads_the_format_axes_on_both_paths
        PASS [   0.296s] (1119/1596) phase-engine game::casting_costs::tests::until_event_expiry::until_event_survives_a_noncreature_cast
        PASS [   0.065s] (1120/1596) phase-engine game::effects::dandan_read_sweep_tests::candidate_graveyard_size_reads_the_storage_authority
        PASS [   0.041s] (1121/1596) phase-engine game::effects::grant_permission::tests::plotted_permission_uses_parent_target_not_source_when_targets_are_present
        PASS [   0.049s] (1122/1596) phase-engine game::effects::grant_permission::tests::plotted_permission_stamps_turn_and_emits_event
        PASS [   0.068s] (1123/1596) phase-engine game::effects::free_cast_from_zones::dandan_read_sweep_tests::the_graveyard_candidates_come_from_the_shared_pile
        PASS [   0.072s] (1124/1596) phase-engine game::effects::exile_face_down_pile::dandan_read_sweep_tests::the_non_canonical_seat_exiles_the_shared_pile_top
        PASS [   0.059s] (1125/1596) phase-engine game::effects::search_library::tests::search_fail_to_find_no_ops_top_of_library_put
        PASS [   0.060s] (1126/1596) phase-engine game::effects::tests::effect_zone_choice_publishes_chosen_cards_for_plotted_continuation
        PASS [   0.067s] (1127/1596) phase-engine game::effects::put_on_top::tests::test_resolve_puts_card_on_top_of_library
        PASS [   0.076s] (1128/1596) phase-engine game::effects::stack_reach::dandan_read_sweep_tests::surveil_moves_come_from_the_shared_pile
        PASS [   0.044s] (1129/1596) phase-engine game::engine::dandan_read_sweep_tests::recast_frame_prunes_the_shared_pile_graveyard
        PASS [   0.047s] (1130/1596) phase-engine game::engine::priority_reducer_census_tests::priority_reducer_has_the_frozen_action_family_census
        PASS [   0.043s] (1131/1596) phase-engine game::engine_payment_choices::dandan_read_sweep_tests::top_library_exile_cost_pays_from_the_shared_pile
        PASS [   0.146s] (1132/1596) phase-engine game::effects::put_on_top::tests::test_put_on_top_ltb_pipeline_returns_to_top_of_library
        PASS [   0.049s] (1133/1596) phase-engine game::engine_resolution_choices::tests::boundary_hold_census_matches_the_apply_loop
        PASS [   0.062s] (1134/1596) phase-engine game::filter::dandan_axis_collapse_tests::a_battlefield_resident_is_judged_by_its_controller
        PASS [   0.078s] (1135/1596) phase-engine game::filter::dandan_axis_collapse_tests::a_chosen_players_shared_graveyard_admits_every_owner
        PASS [   0.123s] (1136/1596) phase-engine game::engine_payment_choices::dandan_read_sweep_tests::unless_mill_payment_mills_the_shared_pile
        PASS [   0.765s] (1137/1596) phase-engine game::casting_costs::tests::until_event_expiry::until_event_matches_its_own_spell_filter
        PASS [   0.522s] (1138/1596) phase-engine game::casting_costs::tests::whir_of_invention_improvise_allows_full_x
        PASS [   0.109s] (1139/1596) phase-engine game::filter::dandan_axis_collapse_tests::a_destroy_observer_ignores_the_other_seats_creature_in_the_shared_graveyard
        PASS [   0.148s] (1140/1596) phase-engine game::filter::dandan_axis_collapse_tests::a_filter_naming_the_shared_zone_admits_every_seat
        PASS [   0.120s] (1141/1596) phase-engine game::filter::dandan_axis_collapse_tests::a_per_seat_zone_never_collapses
        PASS [   0.161s] (1142/1596) phase-engine game::filter::dandan_axis_collapse_tests::a_per_seat_format_never_collapses
        PASS [   0.156s] (1143/1596) phase-engine game::filter::dandan_axis_collapse_tests::an_event_object_condition_licenses_only_a_named_origin
        PASS [   0.150s] (1144/1596) phase-engine game::filter::dandan_axis_collapse_tests::an_unlicensed_filter_keeps_one_comparison
        PASS [   0.101s] (1145/1596) phase-engine game::filter::dandan_axis_collapse_tests::the_owner_zone_entry_collapses_through_the_licensed_arm
        PASS [   0.191s] (1146/1596) phase-engine game::filter::dandan_axis_collapse_tests::a_zone_change_record_collapses_only_for_a_shared_origin
        PASS [   0.072s] (1147/1596) phase-engine game::layers::tests::incremental_flush_still_runs_the_census_of_a_dynamic_count_reaching_a_recipient
        PASS [   0.074s] (1148/1596) phase-engine game::layers::tests::top_of_library_matches_reads_controller_library_top
        PASS [   0.134s] (1149/1596) phase-engine game::layers::tests::incremental_flush_skips_the_census_of_a_dynamic_count_reaching_no_recipient
        PASS [   0.072s] (1150/1596) phase-engine game::layers::tests::top_of_library_static_reevaluated_after_mill_to_graveyard
        PASS [   0.069s] (1151/1596) phase-engine game::layers::tests::top_of_library_static_reevaluated_after_put_on_top
        PASS [   0.204s] (1152/1596) phase-engine game::filter::dandan_axis_collapse_tests::each_door_licenses_only_the_zone_it_states
        PASS [   1.209s] (1153/1596) phase-engine game::casting_costs::tests::until_event_expiry::until_event_ends_after_its_token_source_ceased_to_exist
        PASS [   0.067s] (1154/1596) phase-engine game::layers::tests::top_of_library_static_reevaluated_after_shuffle
        PASS [   0.084s] (1155/1596) phase-engine game::mana_sources::tests::leaf_component_census_counts_the_flattened_tree
        PASS [  15.219s] (1156/1596) phase-engine game::casting::tests::fuse_split_under_omniscience_keeps_normal_fuse_and_free_half_rows
        PASS [   0.075s] (1157/1596) phase-engine game::mulligan::tests::dandan_mulligan_is_held_until_every_player_has_declared
        PASS [   0.105s] (1158/1596) phase-engine game::mulligan::tests::dandan_cap_applies_an_implicit_keep_at_the_close
        PASS [   0.065s] (1159/1596) phase-engine game::quantity::dandan_scoped_zone_tests::graveyard_aggregates_count_the_shared_pile_once
        PASS [   0.106s] (1160/1596) phase-engine game::mulligan::tests::dandan_close_returns_every_hand_before_the_deal_and_deals_active_player_first
        PASS [   0.092s] (1161/1596) phase-engine game::mulligan::tests::dandan_round_waits_for_owed_bottoms_before_redrawing
        PASS [   0.081s] (1162/1596) phase-engine game::quantity::dandan_scoped_zone_tests::graveyards_with_n_cards_counts_a_shared_pile_once
        PASS [   0.056s] (1163/1596) phase-engine game::restrictions::dandan_read_sweep_tests::zone_count_conditions_read_the_shared_pile
        PASS [   0.082s] (1164/1596) phase-engine game::quantity::dandan_scoped_zone_tests::zone_change_aggregate_from_the_shared_graveyard_claims_the_pile
        PASS [   0.088s] (1165/1596) phase-engine game::quantity::dandan_scoped_zone_tests::seats_reading_one_container_are_one_holder
        PASS [   0.078s] (1166/1596) phase-engine game::restrictions::dandan_read_sweep_tests::zone_count_conditions_in_a_per_seat_format_read_the_seats_own_zone
        PASS [   0.063s] (1167/1596) phase-engine game::triggers::tests::construction_finisher_rejects_a_wait_outside_the_closed_census
        PASS [   0.098s] (1168/1596) phase-engine game::trigger_matchers::tests::becomes_plotted_matches_only_source_card
        PASS [   0.202s] (1169/1596) phase-engine game::mulligan::tests::dandan_elimination_with_a_held_declaration_still_closes_the_round
        PASS [   0.092s] (1170/1596) phase-engine game::triggers::tests::becomes_plotted_trigger_fires_from_exile
        PASS [   0.078s] (1171/1596) phase-engine game::turns::tests::production_phase_assignment_census_is_frozen
        PASS [   0.094s] (1172/1596) phase-engine game::turns::tests::execute_draw_moves_top_of_library_to_hand
        PASS [   0.114s] (1173/1596) phase-engine parser::oracle::tests::put_on_top_of_library_long_form
        PASS [   0.088s] (1174/1596) phase-engine parser::oracle::tests::top_of_library_peek_routes_to_static_parser
        PASS [   0.081s] (1175/1596) phase-engine parser::oracle_casting::tests::alt_cost_leading_if_exactly_one_creature_attacking_binds
        PASS [   0.088s] (1176/1596) phase-engine parser::oracle_casting::tests::alt_cost_leading_if_attacking_creatures_count_ge_binds
        PASS [   0.056s] (1177/1596) phase-engine parser::oracle_casting::tests::alt_cost_leading_if_filtered_attacking_creature_color_and_keyword_binds
        PASS [   0.054s] (1178/1596) phase-engine parser::oracle_casting::tests::alt_cost_leading_if_not_your_turn_condition_binds
        PASS [   0.092s] (1179/1596) phase-engine parser::oracle_casting::tests::alt_cost_leading_if_filtered_attacking_creature_color_binds
        PASS [   0.082s] (1180/1596) phase-engine parser::oracle_casting::tests::alt_cost_leading_if_unrecognized_predicate_drops_option
        PASS [   0.090s] (1181/1596) phase-engine parser::oracle_casting::tests::alt_cost_nourishing_shoal_exile_green_card_with_mana_value_x
        PASS [   0.201s] (1182/1596) phase-engine parser::oracle::tests::render_net_effect_carrier_census
        PASS [   0.041s] (1183/1596) phase-engine parser::oracle_casting::tests::alt_cost_pay_mana_regression_unchanged
        PASS [   0.087s] (1184/1596) phase-engine parser::oracle_casting::tests::alt_cost_opponent_had_two_lands_enter_condition
        PASS [   0.063s] (1185/1596) phase-engine parser::oracle_casting::tests::alt_cost_pay_mana_composite_regression_unchanged
        PASS [   0.054s] (1186/1596) phase-engine parser::oracle_casting::tests::alt_cost_sacrifice_arm
        PASS [   0.068s] (1187/1596) phase-engine parser::oracle_casting::tests::alt_cost_sacrifice_nontoken_colored_creature_arm
        PASS [   0.060s] (1188/1596) phase-engine parser::oracle_casting::tests::alt_cost_tap_creature_arm
        PASS [   0.069s] (1189/1596) phase-engine parser::oracle_casting::tests::alt_cost_sacrifice_typed_creature_arm
        PASS [   0.165s] (1190/1596) phase-engine parser::oracle_casting::tests::alt_cost_opponent_had_artifact_enter_condition
        PASS [   0.068s] (1191/1596) phase-engine parser::oracle_casting::tests::alt_cost_tap_creature_arm_with_count
        PASS [   0.036s] (1192/1596) phase-engine parser::oracle_casting::tests::cant_spend_mana_to_cast_this_spell_parses
        PASS [   0.040s] (1193/1596) phase-engine parser::oracle_casting::tests::cant_spend_mana_accepts_curly_apostrophe_and_self_name_form
        PASS [   0.069s] (1194/1596) phase-engine parser::oracle_casting::tests::alt_cost_trailing_if_battlefield_creature_count_condition_binds
        PASS [   0.095s] (1195/1596) phase-engine parser::oracle_casting::tests::alt_cost_tap_with_leading_if_condition_binds
        PASS [   0.091s] (1196/1596) phase-engine parser::oracle_casting::tests::cant_spend_mana_does_not_overmatch_other_mana_lines
        PASS [   0.083s] (1197/1596) phase-engine parser::oracle_casting::tests::extract_spend_only_on_x_prefix_handles_expanding_unicode_and_colored_mana
        PASS [   0.050s] (1198/1596) phase-engine parser::oracle_casting::tests::parse_additional_cost_choice_blight_or_pay_counts
        PASS [   0.071s] (1199/1596) phase-engine parser::oracle_casting::tests::parse_additional_cost_behold_multiple_objects
        PASS [   0.055s] (1200/1596) phase-engine parser::oracle_casting::tests::parse_additional_cost_discard_card
        PASS [   0.052s] (1201/1596) phase-engine parser::oracle_casting::tests::parse_additional_cost_discard_x_cards_keeps_x
        PASS [   0.041s] (1202/1596) phase-engine parser::oracle_casting::tests::parse_additional_cost_exile_x_cards_from_graveyard
        PASS [   0.136s] (1203/1596) phase-engine parser::oracle_casting::tests::hogaak_full_card_records_restriction_and_drops_no_unimplemented_line
        PASS [   0.063s] (1204/1596) phase-engine parser::oracle_casting::tests::parse_additional_cost_discard_or_pay_life
        PASS [   0.042s] (1205/1596) phase-engine parser::oracle_casting::tests::parse_additional_cost_mandatory_blight
        PASS [   0.051s] (1206/1596) phase-engine parser::oracle_casting::tests::parse_additional_cost_mandatory_behold_and_exile
        PASS [   0.064s] (1207/1596) phase-engine parser::oracle_casting::tests::parse_additional_cost_pay_life
        PASS [   0.080s] (1208/1596) phase-engine parser::oracle_casting::tests::parse_additional_cost_optional_sacrifice_any_number_nonland
        PASS [   0.131s] (1209/1596) phase-engine parser::oracle_casting::tests::parse_additional_cost_optional_blight_counts
        PASS [   0.034s] (1210/1596) phase-engine parser::oracle_casting::tests::parse_additional_cost_pay_x_life
        PASS [   0.037s] (1211/1596) phase-engine parser::oracle_casting::tests::parse_additional_cost_reveal_type_mandatory
        PASS [   0.557s] (1212/1596) phase-engine parser::oracle_casting::tests::additional_cost_imposed_on_other_spells_is_not_a_cost_on_this_face
        PASS [   0.156s] (1213/1596) phase-engine parser::oracle_casting::tests::parse_additional_cost_optional_sacrifice
        PASS [   0.044s] (1214/1596) phase-engine parser::oracle_casting::tests::parse_additional_cost_reveal_type_or_pay
        PASS [   0.050s] (1215/1596) phase-engine parser::oracle_casting::tests::parse_additional_cost_sacrifice_land
        PASS [   0.051s] (1216/1596) phase-engine parser::oracle_casting::tests::parse_additional_cost_sacrifice_or_mana
        PASS [   0.037s] (1217/1596) phase-engine parser::oracle_casting::tests::parse_additional_cost_spelled_out_choose_or_reveal_behold
        PASS [   0.325s] (1218/1596) phase-engine parser::oracle_casting::tests::parse_additional_cost_behold_or_pay
        PASS [   0.070s] (1219/1596) phase-engine parser::oracle_casting::tests::parse_additional_cost_sacrifice_compound_type_not_choice
        PASS [   0.057s] (1220/1596) phase-engine parser::oracle_casting::tests::parse_additional_cost_sacrifice_creature
        PASS [   0.043s] (1221/1596) phase-engine parser::oracle_casting::tests::spell_cast_restriction_cast_another_green_spell_this_turn
        PASS [   0.048s] (1222/1596) phase-engine parser::oracle_casting::tests::self_flash_by_gerund_additional_cost_carries_discard
        PASS [   0.045s] (1223/1596) phase-engine parser::oracle_casting::tests::spell_cast_restriction_after_combat_still_parses
        PASS [   0.050s] (1224/1596) phase-engine parser::oracle_casting::tests::readable_additional_cost_still_parses_to_a_typed_cost
        PASS [   0.048s] (1225/1596) phase-engine parser::oracle_casting::tests::spell_cast_restriction_cast_another_spell_this_turn
        PASS [   0.051s] (1226/1596) phase-engine parser::oracle_casting::tests::self_flash_by_unmodeled_gerund_declines_option
        PASS [   0.046s] (1227/1596) phase-engine parser::oracle_casting::tests::spell_cast_restriction_does_not_consume_generic_spell_subject
        PASS [   0.049s] (1228/1596) phase-engine parser::oracle_casting::tests::spell_cast_restriction_handles_combat_after_blockers
        PASS [   0.049s] (1229/1596) phase-engine parser::oracle_casting::tests::spell_cast_restriction_handles_combat_on_your_turn_before_blockers
        PASS [   0.051s] (1230/1596) phase-engine parser::oracle_casting::tests::spell_cast_restriction_handles_on_your_turn_variant
        PASS [   0.071s] (1231/1596) phase-engine parser::oracle_casting::tests::spell_cast_restriction_handles_ability_word_prefix
        PASS [   0.043s] (1232/1596) phase-engine parser::oracle_casting::tests::spell_cast_restriction_parses_any_upkeep_window
        PASS [   0.041s] (1233/1596) phase-engine parser::oracle_casting::tests::spell_cast_restriction_parses_end_step_window
        PASS [   0.043s] (1234/1596) phase-engine parser::oracle_casting::tests::spell_cast_restriction_parses_first_n_turns_of_game_per_player
        PASS [   0.097s] (1235/1596) phase-engine parser::oracle_casting::tests::spell_cast_restriction_condition_is_preserved
        PASS [   0.036s] (1236/1596) phase-engine parser::oracle_casting::tests::spell_cast_restriction_parses_opponent_upkeep_window
        PASS [  16.107s] (1237/1596) phase-engine game::casting::tests::fused_split_spell_blocked_by_combined_mana_value_per_turn_limit_enumeration
        PASS [   0.049s] (1238/1596) phase-engine parser::oracle_casting::tests::spell_cast_restriction_parses_your_declare_attackers_step_variant
        PASS [   0.048s] (1239/1596) phase-engine parser::oracle_casting::tests::spell_cast_restriction_rejects_trailing_turn_clause_text
        PASS [   0.078s] (1240/1596) phase-engine parser::oracle_casting::tests::spell_cast_restriction_parses_plain_only_if_condition
        PASS [   0.101s] (1241/1596) phase-engine parser::oracle_casting::tests::spell_cast_restriction_parses_negative_self_unless_condition
        PASS [   0.060s] (1242/1596) phase-engine parser::oracle_casting::tests::spell_cast_restriction_splits_as_sorcery_from_condition
        PASS [   0.137s] (1243/1596) phase-engine parser::oracle_casting::tests::spell_cast_restriction_parses_negative_self_condition
        PASS [   0.059s] (1244/1596) phase-engine parser::oracle_casting::tests::spell_flash_option_behold_additional_cost_attaches
        PASS [   0.090s] (1245/1596) phase-engine parser::oracle_casting::tests::spell_cast_restriction_two_or_more_spells_keeps_threshold_two
        PASS [   0.087s] (1246/1596) phase-engine parser::oracle_casting::tests::spell_flash_option_targets_commander_condition_attaches
        PASS [   0.050s] (1247/1596) phase-engine parser::oracle_casting::tests::spell_self_has_flash_unconditional
        PASS [   0.053s] (1248/1596) phase-engine parser::oracle_casting::tests::spell_self_has_flash_word_boundary_excludes_flashback
        PASS [   0.603s] (1249/1596) phase-engine parser::oracle_casting::tests::parse_additional_cost_choose_behold_unrecognized_alternative_is_unimplemented
        PASS [  16.243s] (1250/1596) phase-engine game::casting::tests::fuse_variant_selection_requires_the_fresh_full_tuple_and_exact_right_index
        PASS [   0.082s] (1251/1596) phase-engine parser::oracle_casting::tests::spell_flash_option_unrecognized_if_clause_drops_option
        PASS [   0.043s] (1252/1596) phase-engine parser::oracle_casting::tests::split_rottenmouth_additional_cost_trailing_reduction
        PASS [   0.088s] (1253/1596) phase-engine parser::oracle_casting::tests::spell_self_has_flash_conditional_on_crime
        PASS [   0.082s] (1254/1596) phase-engine parser::oracle_casting::tests::spell_this_spell_has_flash_conditional_on_graveyard_mana_values
        PASS [   0.050s] (1255/1596) phase-engine parser::oracle_cost::tests::cost_exile_top_of_library
        PASS [   0.068s] (1256/1596) phase-engine parser::oracle_casting::tests::tegwyll_self_flash_gerund_survives_component_split
        PASS [   0.076s] (1257/1596) phase-engine parser::oracle_effect::tests::parse_exile_target_spell_then_it_becomes_plotted
        PASS [   0.031s] (1258/1596) phase-engine parser::oracle_nom::condition::tests::parse_inner_condition_top_of_library_is_black
        PASS [   0.034s] (1259/1596) phase-engine parser::oracle_nom::condition::tests::parse_inner_condition_top_of_library_is_type_card
        PASS [   0.060s] (1260/1596) phase-engine parser::oracle_nom::condition::tests::parse_inner_condition_top_of_library_is_subtype_card
        PASS [   0.649s] (1261/1596) phase-engine parser::oracle_casting::tests::parse_additional_cost_optional_behold
        PASS [   0.143s] (1262/1596) phase-engine parser::oracle_effect::tests::parse_exile_card_from_among_them_then_it_becomes_plotted
        PASS [   0.099s] (1263/1596) phase-engine parser::oracle_nom::condition::tests::parse_inner_condition_top_of_library_is_disjunction
        PASS [   0.208s] (1264/1596) phase-engine parser::oracle_casting::tests::unreadable_optional_additional_cost_stays_optional
        PASS [  13.986s] (1265/1596) phase-engine game::casting::tests::non_fuse_alt_cost_candidate_enumeration_uses_front_half
        PASS [   0.055s] (1266/1596) phase-engine parser::oracle_static::tests::riderless_top_of_library_permission_emits_no_reflexive_trigger
        PASS [   0.067s] (1267/1596) phase-engine parser::oracle_static::tests::johann_apprentice_sorcerer_once_per_turn_top_of_library
        PASS [   0.226s] (1268/1596) phase-engine parser::oracle_effect::tests::parse_if_you_do_it_becomes_plotted_grants_plotted_permission
        PASS [   0.105s] (1269/1596) phase-engine parser::oracle_static::tests::assemble_the_players_once_per_turn_top_of_library
        PASS [   0.243s] (1270/1596) phase-engine parser::oracle_effect::tests::put_top_of_library_into_graveyard_carries_owner_and_count
        PASS [   0.050s] (1271/1596) phase-engine parser::oracle_static::tests::top_of_library_cast_permission_bolas_alt_cost
        PASS [   0.227s] (1272/1596) phase-engine parser::oracle_effect::tests::put_top_of_library_into_graveyard_stays_mill
        PASS [   0.029s] (1273/1596) phase-engine parser::oracle_static::tests::top_of_library_cast_permission_future_sight_compound
        PASS [   0.055s] (1274/1596) phase-engine parser::oracle_static::tests::top_of_library_cast_permission_crystal_skull_historic_disjunctive
        PASS [   0.154s] (1275/1596) phase-engine parser::oracle_static::tests::fblthp_plot_lines_classify_as_static_not_unimplemented
        PASS [   0.045s] (1276/1596) phase-engine parser::oracle_static::tests::top_of_library_cast_permission_locked_hothouse_mixed_disjunctive
        PASS [   0.110s] (1277/1596) phase-engine parser::oracle_static::tests::static_reduce_action_cost_plot
        PASS [   0.194s] (1278/1596) phase-engine parser::oracle_quantity::tests::masters_councillors_static_gets_dynamic_power_for_graveyard_census
        PASS [   0.055s] (1279/1596) phase-engine parser::oracle_static::tests::top_of_library_cast_permission_keeps_as_long_as_condition
        PASS [   0.048s] (1280/1596) phase-engine parser::oracle_static::tests::top_of_library_cast_permission_once_per_turn_disjunctive
        PASS [   0.052s] (1281/1596) phase-engine parser::oracle_static::tests::top_of_library_cast_permission_rejects_other_anchors
        PASS [   0.136s] (1282/1596) phase-engine parser::oracle_static::tests::static_top_of_library_creature_gate_mul_daya_channelers
        PASS [   0.069s] (1283/1596) phase-engine parser::oracle_static::tests::top_of_library_cast_permission_realmwalker
        PASS [   0.052s] (1284/1596) phase-engine parser::oracle_static::tests::top_of_library_frequency_display_roundtrip
        PASS [   0.044s] (1285/1596) phase-engine parser::oracle_static::tests::top_of_library_object_form_cast_verb
        PASS [   0.068s] (1286/1596) phase-engine parser::oracle_static::tests::top_of_library_cast_permission_rejects_partial_as_long_as_condition
        PASS [   0.062s] (1287/1596) phase-engine parser::oracle_static::tests::top_of_library_object_form_alt_cost_rider
        PASS [   0.075s] (1288/1596) phase-engine parser::oracle_static::tests::top_of_library_has_plot_l3_full_classification
        PASS [   0.076s] (1289/1596) phase-engine parser::oracle_static::tests::top_of_library_has_plot_permission_fblthp_nonland
        PASS [   0.180s] (1290/1596) phase-engine parser::oracle_static::tests::static_top_of_library_black_gate_vampire_nocturnus
        PASS [   0.069s] (1291/1596) phase-engine parser::oracle_static::tests::top_of_library_object_form_gate_with_alt_cost_rider
        PASS [   0.055s] (1292/1596) phase-engine parser::oracle_static::tests::top_of_library_object_form_typed_gate
        PASS [   0.056s] (1293/1596) phase-engine parser::oracle_static::tests::top_of_library_object_form_unconditional
        PASS [   0.078s] (1294/1596) phase-engine parser::oracle_static::tests::top_of_library_object_form_does_not_shadow_neighbours
        PASS [   0.081s] (1295/1596) phase-engine parser::oracle_static::tests::top_of_library_object_form_rejects_unmodeled_rider_trailer
        PASS [   0.081s] (1296/1596) phase-engine parser::oracle_trigger::tests::trigger_this_card_becomes_plotted_uses_exile_zone
        PASS [   0.095s] (1297/1596) phase-engine parser::oracle_static::tests::top_of_library_plot_does_not_contaminate_cast_permission
        PASS [   0.058s] (1298/1596) phase-engine parser::swallow_check::tests::plotted_grant_linkage_exemption_is_text_scoped
        PASS [   0.061s] (1299/1596) phase-engine source_census::tests::the_code_half_rule_separates_a_trailing_comment_from_the_code_beside_it
        PASS [   0.096s] (1300/1596) phase-engine types::format::tests::dandan_config_and_registry_entry
        PASS [   0.171s] (1301/1596) phase-engine parser::swallow_check::tests::dynamic_qty_accepts_plot_cost_equal_to_mana_cost
        PASS [   0.144s] (1302/1596) phase-engine::integration activation_cost_work_census::a_production_call_after_a_mid_file_test_module_is_counted
        PASS [   0.124s] (1303/1596) phase-engine::integration battlefield_entry_authority_census::bare_trailing_fn_header_is_an_error_not_a_panic
        PASS [   0.196s] (1304/1596) phase-engine parser::swallow_check::tests::lilah_plotted_rider_is_not_a_swallowed_condition_if
        PASS [   0.631s] (1305/1596) phase-engine parser::oracle_casting::tests::unreadable_required_additional_cost_is_surfaced_not_dropped
        PASS [   0.044s] (1306/1596) phase-engine::integration battlefield_entry_authority_census::the_anaphora_publish_resolver_keys_on_cfg_scope_and_on_the_call_tail
        PASS [   0.057s] (1307/1596) phase-engine::integration battlefield_entry_authority_census::the_census_resolver_keys_on_cfg_scope_and_on_the_literal_from_field
        PASS [   0.059s] (1308/1596) phase-engine::integration battlefield_entry_authority_census::the_token_created_resolver_keys_on_cfg_scope_and_on_field_completeness
        PASS [   0.366s] (1309/1596) phase-engine parser::oracle_static::tests::top_of_library_object_form_fails_closed_on_untyped_gate
        PASS [   0.274s] (1310/1596) phase-engine::integration bolas_citadel_regression::bolas_citadel_library_top_cast_enters_targeting_not_mana_payment
        PASS [  14.426s] (1311/1596) phase-engine game::casting::tests::ordinary_cast_preparation_accepts_only_current_face
        PASS [   0.380s] (1312/1596) phase-engine::integration bolas_citadel_regression::bolas_citadel_castable_from_hand_with_exact_mana
        PASS [   0.436s] (1313/1596) phase-engine::integration bolas_citadel_regression::bolas_citadel_library_top_not_castable_without_life
        PASS [   0.184s] (1314/1596) phase-engine::integration bolas_citadel_regression::bolas_citadel_library_top_skips_mana_and_surfaces_cast
        PASS [   0.066s] (1315/1596) phase-engine::integration cost_zone_pipeline::synthesized_plot_redirect_resumes_as_special_action
        PASS [   0.210s] (1316/1596) phase-engine::integration bolas_citadel_regression::bolas_citadel_static_carries_library_alt_cost
        PASS [   0.055s] (1317/1596) phase-engine::integration custom_format_schema::from_lobby_config_rejects_dandan_source
        PASS [   0.228s] (1318/1596) phase-engine::integration chittering_rats::chittering_rats_etb_prompts_target_opponent_and_moves_card_to_top_of_library
        PASS [   0.954s] (1319/1596) phase-engine parser::swallow_check::tests::condition_if_accepts_if_you_do_becomes_plotted
        PASS [  15.950s] (1320/1596) phase-engine game::casting::tests::non_fuse_alt_cost_candidate_uses_front_half_not_combined
        PASS [  12.907s] (1321/1596) phase-engine game::casting::tests::snuff_out_from_card_database_alt_cost_destroys_target
        PASS [   4.652s] (1322/1596) phase-engine::integration battlefield_entry_authority_census::every_from_none_battlefield_entry_construction_lives_in_the_authority
        PASS [   6.964s] (1323/1596) phase-engine game::engine::stage2_injector_tests::the_cr_603_5_prompt_census_is_pinned_so_a_sixth_producer_is_a_counted_event
        PASS [   6.060s] (1324/1596) phase-engine::integration dandan_analysis_ai_support_reads::v5_a_graveyard_activated_ability_is_offered_from_the_pile
        PASS [   7.131s] (1325/1596) phase-engine::integration activation_cost_work_census::every_activation_mana_resume_entry_is_classified
        PASS [   7.276s] (1326/1596) phase-engine source_census::tests::no_source_reading_file_carries_a_private_comment_policy
        PASS [   6.445s] (1327/1596) phase-engine::integration dandan_analysis_ai_support_reads::v5_an_empty_pile_graveyard_offers_no_activation
        PASS [   7.354s] (1328/1596) phase-engine::integration battlefield_entry_authority_census::every_token_created_construction_lives_in_the_single_emitter
        PASS [   6.766s] (1329/1596) phase-engine::integration dandan_analysis_ai_support_reads::v7_the_block_read_out_covers_the_pile_graveyard
        PASS [   8.521s] (1330/1596) phase-engine::integration best_of_three_ceiling::r1_dandan_bo3_plays_as_bo1_and_never_enters_between_games
        PASS [  16.016s] (1331/1596) phase-engine game::casting::tests::witherbloom_card_object_has_flying_and_deathtouch
        PASS [   6.987s] (1332/1596) phase-engine::integration dandan_declare_round::v3_opening_deal_alternates_starting_with_the_starting_player
        PASS [  10.027s] (1333/1596) phase-engine::integration dandan_analysis_ai_support_reads::v6_a_graveyard_mana_ability_is_offered_from_the_pile
        PASS [   6.441s] (1334/1596) phase-engine::integration dandan_declare_round::v4a_a_declared_mulligan_is_recorded_not_carried_out
        PASS [  11.862s] (1335/1596) phase-engine::integration activation_cost_work_census::every_activation_cost_payment_entry_is_classified
        PASS [  10.707s] (1336/1596) phase-engine::integration dandan_analysis_ai_support_reads::v8_card_name_candidates_come_from_the_pile
        PASS [  12.413s] (1337/1596) phase-engine::integration battlefield_entry_authority_census::every_single_id_anaphora_publish_lives_in_an_authority
        PASS [   5.610s] (1338/1596) phase-engine::integration dandan_declare_round::v4e_serum_powder_stays_an_immediate_action_under_the_round
        PASS [   6.173s] (1339/1596) phase-engine::integration dandan_filter_owner_axis::a_card_milled_from_a_library_is_not_a_permanent_you_control
        PASS [   6.151s] (1340/1596) phase-engine::integration dandan_filter_owner_axis::a_creature_from_the_shared_pile_entered_from_your_graveyard_for_a_graveyard_watcher
        PASS [   9.215s] (1341/1596) phase-engine::integration dandan_declare_round::v4b_the_round_closes_when_the_last_player_keeps
        PASS [   8.031s] (1342/1596) phase-engine::integration dandan_declare_round::v4d_the_round_waits_for_a_keeper_to_bottom_first
        PASS [   8.855s] (1343/1596) phase-engine::integration dandan_declare_round::v4c_both_redraw_together_from_one_shuffled_pile_active_player_first
        PASS [   7.602s] (1344/1596) phase-engine::integration dandan_filter_owner_axis::an_entrant_from_the_shared_pile_entered_from_your_graveyard
        PASS [   5.107s] (1345/1596) phase-engine::integration dandan_filter_owner_axis::v14_a_sacrifice_observer_ignores_the_other_seats_sacrifice_into_the_shared_graveyard
        PASS [   6.401s] (1346/1596) phase-engine::integration dandan_filter_owner_axis::in_standard_a_milled_card_is_not_a_permanent_you_control
        PASS [   4.915s] (1347/1596) phase-engine::integration dandan_filter_owner_axis::v17_an_artifact_card_in_your_graveyard_in_standard_offers_only_your_own
        PASS [  10.484s] (1348/1596) phase-engine::integration dandan_filter_owner_axis::a_creature_you_control_from_the_shared_pile_transforms_a_graveyard_grist
        PASS [   9.864s] (1349/1596) phase-engine::integration dandan_filter_owner_axis::in_standard_a_card_from_the_other_seats_graveyard_does_not_transform_grist
        PASS [   9.396s] (1350/1596) phase-engine::integration dandan_filter_owner_axis::in_standard_a_creature_from_the_other_seats_graveyard_does_not_wake_the_watcher
        PASS [   7.137s] (1351/1596) phase-engine::integration dandan_filter_owner_axis::v17_an_artifact_card_in_your_graveyard_offers_the_whole_shared_pile
        PASS [   7.006s] (1352/1596) phase-engine::integration dandan_filter_owner_axis::v17_exile_all_opponents_graveyards_in_standard_leaves_the_casters_own
        PASS [   9.940s] (1353/1596) phase-engine::integration dandan_filter_owner_axis::in_standard_an_entrant_from_the_other_seats_graveyard_did_not_enter_from_yours
        PASS [   9.046s] (1354/1596) phase-engine::integration dandan_filter_owner_axis::v16_a_dies_observer_ignores_the_other_seats_creature_in_the_shared_graveyard
        PASS [   6.462s] (1355/1596) phase-engine::integration dandan_filter_owner_axis::v19_a_card_reanimated_from_the_shared_graveyard_left_your_graveyard
        PASS [   7.571s] (1356/1596) phase-engine::integration dandan_filter_owner_axis::v18_in_standard_only_your_own_graveyard_counts
        PASS [   9.169s] (1357/1596) phase-engine::integration dandan_filter_owner_axis::v18_a_card_leaving_the_shared_graveyard_left_your_graveyard
        PASS [   9.820s] (1358/1596) phase-engine::integration dandan_filter_owner_axis::v17_exile_all_opponents_graveyards_takes_the_whole_shared_pile
        PASS [   8.399s] (1359/1596) phase-engine::integration dandan_filter_owner_axis::v19_a_creature_card_leaving_the_shared_graveyard_left_your_graveyard
        PASS [   8.170s] (1360/1596) phase-engine::integration dandan_filter_owner_axis::v1_fengraf_in_standard_returns_only_the_activators_own_graveyard_card
        PASS [   8.423s] (1361/1596) phase-engine::integration dandan_filter_owner_axis::v19_in_standard_only_your_own_graveyard_triggers_on_reanimation
        PASS [   8.355s] (1362/1596) phase-engine::integration dandan_filter_owner_axis::v1_fengraf_returns_the_other_seats_creature_from_the_shared_graveyard
        PASS [   7.857s] (1363/1596) phase-engine::integration dandan_filter_owner_axis::v20_a_library_origin_controller_form_reads_the_whole_shared_library
        PASS [   9.507s] (1364/1596) phase-engine::integration dandan_filter_owner_axis::v20_a_controller_form_origin_trigger_reads_the_whole_shared_pile
        PASS [   7.997s] (1365/1596) phase-engine::integration dandan_filter_owner_axis::v20_in_standard_only_your_own_graveyard_triggers_the_controller_form
        PASS [  10.096s] (1366/1596) phase-engine::integration dandan_filter_owner_axis::v20_a_one_of_origin_trigger_reads_the_whole_shared_library
        PASS [   6.947s] (1367/1596) phase-engine::integration dandan_filter_owner_axis::v2_mystic_sanctuary_in_standard_cannot_reach_the_other_seats_graveyard
        PASS [  13.300s] (1368/1596) phase-engine::integration dandan_filter_owner_axis::v19_in_standard_only_your_own_graveyard_triggers
        PASS [   8.159s] (1369/1596) phase-engine::integration dandan_filter_owner_axis::v20_in_standard_only_your_own_library_triggers_the_one_of_origin
        PASS [  10.687s] (1370/1596) phase-engine::integration dandan_filter_owner_axis::v20_a_reanimation_by_either_seat_leaves_the_shared_graveyard_of_the_watcher
        PASS [   6.507s] (1371/1596) phase-engine::integration dandan_filter_owner_axis::v3_disposal_mummy_treats_the_shared_graveyard_as_an_opponents
        PASS [   7.114s] (1372/1596) phase-engine::integration dandan_free_reveal::v1_lands_are_counted_by_card_type_not_by_subtype
        PASS [  10.449s] (1373/1596) phase-engine::integration dandan_filter_owner_axis::v22_a_creature_you_control_entering_is_judged_as_the_permanent
        PASS [  10.817s] (1374/1596) phase-engine::integration dandan_filter_owner_axis::v2_mystic_sanctuary_targets_the_other_seats_instant_in_the_shared_graveyard
        PASS [  12.855s] (1375/1596) phase-engine::integration dandan_filter_owner_axis::v20_in_standard_only_your_own_library_triggers_the_library_origin
        PASS [  10.475s] (1376/1596) phase-engine::integration dandan_filter_owner_axis::v3_disposal_mummy_in_standard_excludes_the_casters_own_graveyard
        PASS [   9.165s] (1377/1596) phase-engine::integration dandan_free_reveal::v1_the_hand_predicate_is_fewer_than_two_lands_or_fewer_than_two_nonlands
        PASS [   6.625s] (1378/1596) phase-engine::integration dandan_free_reveal::v4_free_reveal_and_regular_mulligans_close_together_with_their_own_counts
        PASS [   6.861s] (1379/1596) phase-engine::integration dandan_free_reveal::v5_the_format_axis_gates_the_free_reveal
        PASS [  11.883s] (1380/1596) phase-engine::integration dandan_free_reveal::v2_a_regular_mulligan_ends_the_free_reveal
        PASS [   8.211s] (1381/1596) phase-engine::integration dandan_free_reveal::v7_a_viewer_is_offered_the_free_reveal_only_for_their_own_hand
        PASS [   8.516s] (1382/1596) phase-engine::integration dandan_free_reveal::v8_the_free_reveal_is_only_in_the_lists_scoped_to_its_own_seat
        PASS [   7.698s] (1383/1596) phase-engine::integration dandan_hand_entry_ownership::v1_brainstorm_draw_from_the_pile_is_owned_by_the_drawer
        PASS [   6.817s] (1384/1596) phase-engine::integration dandan_hand_entry_ownership::v3_opening_deal_and_mulligan_redraw_belong_to_the_receiving_seat
        PASS [  13.409s] (1385/1596) phase-engine::integration dandan_free_reveal::v3_a_free_reveal_is_held_then_revealed_shuffled_and_redealt_at_the_close
        PASS [  11.288s] (1386/1596) phase-engine::integration dandan_free_reveal::v6_a_free_reveal_that_redraws_a_qualifying_hand_may_repeat
        PASS [   8.005s] (1387/1596) phase-engine::integration dandan_hand_entry_ownership::v4_telling_time_puts_the_kept_card_into_the_receivers_hand
        PASS [   7.365s] (1388/1596) phase-engine::integration dandan_hand_entry_ownership::v4b_dig_to_exile_does_not_name_a_performer
        PASS [  13.750s] (1389/1596) phase-engine::integration dandan_free_reveal::v3_a_regular_close_discloses_nothing_either
        PASS [  10.878s] (1390/1596) phase-engine::integration dandan_hand_entry_ownership::v1_brainstorm_from_the_pile_holder_and_in_standard_are_unchanged
        PASS [   6.870s] (1391/1596) phase-engine::integration dandan_hand_entry_ownership::v6_a_stolen_drawn_creature_returns_to_the_drawers_hand
        PASS [  12.058s] (1392/1596) phase-engine::integration dandan_hand_entry_ownership::v2_a_drawn_land_is_played_by_the_drawer_and_sacrificed_into_the_pile
        PASS [   5.320s] (1393/1596) phase-engine::integration dandan_look_top_of_library::dandan_declining_bottoms_all_four_looked_at_cards
        PASS [   8.532s] (1394/1596) phase-engine::integration dandan_hand_entry_ownership::v7_explore_puts_a_revealed_land_into_the_explorers_hand
        PASS [  12.000s] (1395/1596) phase-engine::integration dandan_hand_entry_ownership::v4c_dig_put_all_into_hand_belongs_to_the_receiver
        PASS [   5.884s] (1396/1596) phase-engine::integration dandan_look_top_of_library::top_cast::dandan_citadel_pays_life_for_a_pile_top_the_opponent_owns
        PASS [  11.812s] (1397/1596) phase-engine::integration dandan_hand_entry_ownership::v5_haunted_fengraf_returns_the_pile_card_to_the_activators_ownership
        PASS [   9.233s] (1398/1596) phase-engine::integration dandan_look_top_of_library::dandan_every_looked_at_spell_is_offered_whoever_owns_it
        PASS [   6.881s] (1399/1596) phase-engine::integration dandan_look_top_of_library::top_plot::dandan_plot_is_not_granted_to_the_non_holder_owner
        PASS [   7.385s] (1400/1596) phase-engine::integration dandan_look_top_of_library::top_plot::dandan_fblthp_plots_the_pile_top_whoever_owns_it
        PASS [   9.126s] (1401/1596) phase-engine::integration dandan_look_top_of_library::top_cast::dandan_future_sight_casts_the_pile_top_whoever_owns_it
        PASS [  13.155s] (1402/1596) phase-engine::integration dandan_hand_entry_ownership::v7_seek_puts_the_found_card_into_the_seekers_hand
        PASS [   9.199s] (1403/1596) phase-engine::integration dandan_look_top_of_library::top_cast::standard_casts_only_the_holders_own_library_top
        PASS [   5.835s] (1404/1596) phase-engine::integration dandan_read_sweep::v10_debug_views_and_mill_act_on_the_pile
        PASS [  11.328s] (1405/1596) phase-engine::integration dandan_look_top_of_library::standard_offers_the_controllers_own_spells_and_leaves_the_opponent_library_alone
        PASS [  13.754s] (1406/1596) phase-engine::integration dandan_hand_entry_ownership::v8_every_card_in_a_hand_is_owned_by_its_holder_after_mixed_flows
        PASS [   6.241s] (1407/1596) phase-engine::integration dandan_read_sweep::v15_clash_reveals_the_top_card_of_a_standard_library
        PASS [   8.764s] (1408/1596) phase-engine::integration dandan_look_top_of_library::top_plot::standard_plots_only_the_holders_own_library_top
        PASS [   6.779s] (1409/1596) phase-engine::integration dandan_read_sweep::v1_telling_time_looks_at_the_pile_top_three_from_either_seat
        PASS [  15.249s] (1410/1596) phase-engine::integration dandan_look_top_of_library::dandan_casting_an_opponent_owned_hit_bottoms_every_other_looked_at_card
        PASS [   8.154s] (1411/1596) phase-engine::integration dandan_read_sweep::v15_clash_reveals_the_pile_top_for_either_seat
        PASS [   8.459s] (1412/1596) phase-engine::integration dandan_read_sweep::v2_mental_note_mills_the_top_two_of_the_pile
        PASS [   6.398s] (1413/1596) phase-engine::integration dandan_read_sweep::v3_accumulated_knowledge_counts_the_shared_graveyard_once
        PASS [   5.821s] (1414/1596) phase-engine::integration dandan_read_sweep::v4_consider_surveils_the_pile_front_into_the_shared_graveyard
        PASS [   5.897s] (1415/1596) phase-engine::integration dandan_read_sweep::v4_explore_over_an_empty_pile_adds_a_counter
        PASS [   8.003s] (1416/1596) phase-engine::integration dandan_read_sweep::v3_brainstorm_draws_from_and_puts_back_onto_the_pile
        PASS [   7.004s] (1417/1596) phase-engine::integration dandan_read_sweep::v4_ethrimik_manifests_dread_from_the_pile_top_two
        PASS [   8.348s] (1418/1596) phase-engine::integration dandan_read_sweep::v3_metamorphose_puts_the_target_on_top_of_the_owners_library
        PASS [   5.624s] (1419/1596) phase-engine::integration dandan_read_sweep::v4_mirelurk_queen_rad_counters_mill_the_pile
        SLOW [> 60.000s] (─────────) phase-engine::integration cr733_resolved_commands_p0::cr733_authority_matrix_covers_the_fresh_write_census
        PASS [   3.899s] (1420/1596) phase-engine::integration dandan_read_sweep::v4_reckless_impulse_exiles_the_pile_top_two
        PASS [   9.863s] (1421/1596) phase-engine::integration dandan_read_sweep::v3_surgical_bay_draws_from_the_pile_and_is_sacrificed_into_it
        PASS [   8.272s] (1422/1596) phase-engine::integration dandan_read_sweep::v4_fact_or_fiction_reveals_the_pile_front_five
        PASS [   7.897s] (1423/1596) phase-engine::integration dandan_read_sweep::v4_grave_expectations_heists_the_opponents_pile
        PASS [  11.347s] (1424/1596) phase-engine::integration dandan_read_sweep::v2_predict_mills_the_pile_for_either_target_and_counts_the_name
        PASS [   8.484s] (1425/1596) phase-engine::integration dandan_read_sweep::v4_merfolk_branchwalker_explores_the_pile_top
        PASS [   9.348s] (1426/1596) phase-engine::integration dandan_read_sweep::v4_nesting_instinct_seeks_the_land_in_the_pile
        PASS [   5.947s] (1427/1596) phase-engine::integration dandan_read_sweep::v4_treasure_hunt_reveals_the_pile_down_to_the_first_nonland
        PASS [  10.338s] (1428/1596) phase-engine::integration dandan_read_sweep::v4_opt_scries_the_pile_front_and_bottoms_it
        PASS [   6.366s] (1429/1596) phase-engine::integration dandan_read_sweep::v4_trumpeting_carnosaur_discovers_from_the_pile
        PASS [   7.748s] (1430/1596) phase-engine::integration dandan_read_sweep::v4_tashas_hideous_laughter_exiles_the_opponents_pile_to_twenty
        PASS [  10.161s] (1431/1596) phase-engine::integration dandan_read_sweep::v4_sifter_wurm_reveals_the_pile_top_for_life
        PASS [   6.742s] (1432/1596) phase-engine::integration dandan_read_sweep::v6_baron_helmut_zemo_boasts_by_exiling_black_cards_from_the_pile_graveyard
        PASS [  10.553s] (1433/1596) phase-engine::integration dandan_read_sweep::v4_sweet_gum_recluse_cascades_from_the_pile
        PASS [   6.736s] (1434/1596) phase-engine::integration dandan_read_sweep::v6_corpseberry_cultivator_forages_from_the_pile_graveyard
        PASS [   9.944s] (1435/1596) phase-engine::integration dandan_read_sweep::v4_thrumming_stone_ripples_the_pile_front_four
        PASS [   7.030s] (1436/1596) phase-engine::integration dandan_read_sweep::v6_gruesome_menagerie_chooses_from_the_pile_graveyard
        PASS [   8.889s] (1437/1596) phase-engine::integration dandan_read_sweep::v5_parker_luck_reveals_the_pile_top_for_each_targeted_seat
        PASS [   8.229s] (1438/1596) phase-engine::integration dandan_read_sweep::v6_altar_of_the_wretched_crafts_from_the_pile_graveyard
        PASS [   7.397s] (1439/1596) phase-engine::integration dandan_read_sweep::v6_kylox_voltstrider_collects_evidence_from_the_pile_graveyard
        PASS [   9.778s] (1440/1596) phase-engine::integration dandan_read_sweep::v5_doomsday_searches_the_pile_library_and_graveyard
        PASS [   5.632s] (1441/1596) phase-engine::integration dandan_read_sweep::v7_crucible_of_worlds_plays_a_land_from_the_pile_graveyard
        PASS [   7.005s] (1442/1596) phase-engine::integration dandan_read_sweep::v8_crown_of_convergence_offers_the_pile_to_bottom
        PASS [   9.214s] (1443/1596) phase-engine::integration dandan_read_sweep::v6_organ_grinder_exiles_three_from_the_pile_graveyard
        PASS [   4.386s] (1444/1596) phase-engine::integration dandan_read_sweep::v9_manakin_and_millikin_mills_the_pile_to_pay
        PASS [   8.791s] (1445/1596) phase-engine::integration dandan_read_sweep::v7_think_twice_flashback_is_offered_from_the_pile_graveyard
        PASS [   8.118s] (1446/1596) phase-engine::integration dandan_read_sweep::v8_fblthp_offers_plot_for_a_nonland_pile_top_only
        PASS [   7.270s] (1447/1596) phase-engine::integration dandan_read_sweep::v8_future_sight_reveals_and_casts_from_the_pile_top
        PASS [   6.771s] (1448/1596) phase-engine::integration dandan_read_sweep::v8_mul_daya_channelers_reads_the_pile_top_type
        PASS [   6.349s] (1449/1596) phase-engine::integration dandan_read_sweep::v9_deep_spawn_pays_its_upkeep_mill_from_the_pile
        PASS [   7.262s] (1450/1596) phase-engine::integration dandan_read_sweep::v8_soul_summons_manifests_the_pile_top_whoever_owns_it
        PASS [   6.051s] (1451/1596) phase-engine::integration dandan_scoped_counts::v10_cards_in_your_library_count_the_shared_pile
        PASS [   7.699s] (1452/1596) phase-engine::integration dandan_read_sweep::v9_eldritch_pact_counts_the_targets_pile_graveyard
        PASS [   7.122s] (1453/1596) phase-engine::integration dandan_scoped_counts::v11_instants_in_all_graveyards_count_the_pile_once
        PASS [   9.733s] (1454/1596) phase-engine::integration dandan_read_sweep::v8_sphinx_of_jwar_isle_lets_the_controller_see_the_pile_top
        PASS [   8.605s] (1455/1596) phase-engine::integration dandan_read_sweep::v9_golgari_thug_dredge_reads_the_pile_size
        PASS [   0.039s] (1456/1596) phase-engine::integration dandan_shared_pile_storage::shuffling_the_empty_seat_consumes_no_entropy
        PASS [   8.891s] (1457/1596) phase-engine::integration dandan_scoped_counts::v10_an_empty_library_condition_sees_the_shared_pile
        PASS [   0.033s] (1458/1596) phase-engine::integration dandan_shared_pile_storage::v14_wasm_boot_guard_reads_the_library_accessor
        PASS [   5.674s] (1459/1596) phase-engine::integration dandan_scoped_counts::v6_opponents_graveyard_types_read_the_shared_pile_from_either_seat
        PASS [   6.578s] (1460/1596) phase-engine::integration dandan_scoped_counts::v6_all_graveyards_types_count_the_pile_once
        PASS [   7.015s] (1461/1596) phase-engine::integration dandan_scoped_counts::v5_delirium_reads_the_shared_graveyard_from_either_seat
        PASS [  80.551s] (1462/1596) phase-engine::integration cr733_resolved_commands_p0::cr733_authority_matrix_covers_the_fresh_write_census
        PASS [   6.950s] (1463/1596) phase-engine::integration dandan_scoped_counts::v6_opponents_graveyard_types_in_standard_read_the_other_seat
        PASS [   9.531s] (1464/1596) phase-engine::integration dandan_scoped_counts::v11_instants_in_all_graveyards_in_standard_sum_every_seat
        PASS [   9.334s] (1465/1596) phase-engine::integration dandan_scoped_counts::v5_delirium_in_standard_reads_only_the_controllers_graveyard
        PASS [   8.213s] (1466/1596) phase-engine::integration dandan_scoped_counts::v7_threshold_in_standard_reads_only_the_controllers_graveyard
        PASS [   7.794s] (1467/1596) phase-engine::integration dandan_scoped_counts::v8_a_graveyard_with_twenty_cards_is_the_pile_for_either_threshold_side
        PASS [   8.181s] (1468/1596) phase-engine::integration dandan_scoped_counts::v7_threshold_reads_the_shared_graveyard_from_either_seat
        PASS [   7.856s] (1469/1596) phase-engine::integration dandan_scoped_counts::v9_each_graveyard_with_seven_cards_counts_the_shared_pile_once
        PASS [   7.567s] (1470/1596) phase-engine::integration dandan_scoped_pile_mass_move::the_whole_shared_graveyard_moves_for_either_seat
        PASS [   7.707s] (1471/1596) phase-engine::integration dandan_shared_pile_storage::v10_pool_resolver_maps_both_seats_to_the_pile_holder
        PASS [  10.176s] (1472/1596) phase-engine::integration dandan_scoped_counts::v9_each_graveyard_with_seven_cards_in_standard_counts_each_seat
        PASS [   9.545s] (1473/1596) phase-engine::integration dandan_scoped_pile_mass_move::separate_graveyards_move_only_the_activators_cards
        PASS [   4.619s] (1474/1596) phase-engine::integration dandan_shared_pile_storage::v2_fixed_list_resolves_against_the_real_database
        PASS [   4.969s] (1475/1596) phase-engine::integration dandan_shared_pile_storage::v1_pile_stays_in_the_lowest_seat_when_another_seat_starts
        PASS [   6.791s] (1476/1596) phase-engine::integration dandan_shared_pile_storage::v1_boot_loads_one_pile_into_the_canonical_seat
        PASS [   9.099s] (1477/1596) phase-engine::integration dandan_shared_pile_storage::v15_scry_choice_reorders_the_pile_for_the_non_canonical_seat
        PASS [   9.862s] (1478/1596) phase-engine::integration dandan_shared_pile_storage::v15_library_placement_by_the_zone_pipeline_targets_the_pile
        PASS [  11.605s] (1479/1596) phase-engine::integration dandan_shared_pile_storage::v15_dig_choice_reorders_the_pile_for_the_non_canonical_seat
        PASS [   9.494s] (1480/1596) phase-engine::integration dandan_shared_pile_storage::v15_surveil_keeps_cards_on_top_of_the_pile_for_the_non_canonical_seat
        PASS [   6.406s] (1481/1596) phase-engine::integration dandan_shared_pile_storage::v5_v6_standard_format_cycles_in_the_owners_own_zones
        PASS [   5.132s] (1482/1596) phase-engine::integration dandan_shared_pile_storage::v7_conjure_into_the_library_lands_in_the_pile_only
        PASS [  10.307s] (1483/1596) phase-engine::integration dandan_shared_pile_storage::v1_non_shared_formats_keep_per_seat_libraries
        PASS [   8.985s] (1484/1596) phase-engine::integration dandan_shared_pile_storage::v3_mulligan_by_either_seat_shuffles_the_pile
        PASS [   6.274s] (1485/1596) phase-engine::integration dandan_shared_pile_storage::v8_library_shuffle_acts_on_the_pile_and_replays
        PASS [   9.408s] (1486/1596) phase-engine::integration dandan_shared_pile_storage::v4_opening_deal_draws_both_hands_from_the_pile
        PASS [   5.640s] (1487/1596) phase-engine::integration dandan_shared_pile_storage::v9_standard_shuffle_keeps_the_other_players_library_knowledge
        PASS [   6.381s] (1488/1596) phase-engine::integration dandan_shared_pile_storage::v9_library_boundary_by_either_seat_forgets_the_looked_at_pile
        PASS [   6.685s] (1489/1596) phase-engine::integration dandan_simultaneous_draw::v11_without_a_prompt_the_tail_runs_after_both_hands_fill
        PASS [  11.238s] (1490/1596) phase-engine::integration dandan_shared_pile_storage::v5_v6_either_seat_cycles_from_and_into_the_shared_zones
        PASS [   8.167s] (1491/1596) phase-engine::integration dandan_simultaneous_draw::v11_a_prompt_inside_a_nested_instruction_keeps_the_tail_after_the_deal
        PASS [   4.052s] (1492/1596) phase-engine::integration dandan_simultaneous_draw::v4_control_without_the_replacement_deals_alternately
        PASS [   9.558s] (1493/1596) phase-engine::integration dandan_shared_pile_storage::v8_zone_change_commands_record_and_replay_pile_positions
        PASS [   6.437s] (1494/1596) phase-engine::integration dandan_simultaneous_draw::v1_prosperity_deals_one_card_at_a_time_active_player_first
        PASS [   4.531s] (1495/1596) phase-engine::integration dandan_simultaneous_draw::v6a_an_empty_pile_draws_the_game
        PASS [   7.650s] (1496/1596) phase-engine::integration dandan_simultaneous_draw::v2_separate_libraries_keep_the_sequential_fan_out
        PASS [   8.821s] (1497/1596) phase-engine::integration dandan_simultaneous_draw::v12_a_prompt_while_settling_parks_the_dealer_before_any_card_is_dealt
        PASS [   7.134s] (1498/1596) phase-engine::integration dandan_simultaneous_draw::v4_alms_collector_settles_the_opponents_instruction_before_the_deal
        PASS [   6.795s] (1499/1596) phase-engine::integration dandan_simultaneous_draw::v5_a_replacement_prompt_parks_the_dealer_and_keeps_every_seats_count
        PASS [   9.933s] (1500/1596) phase-engine::integration dandan_simultaneous_draw::v3_separate_libraries_keep_one_player_at_a_time
        PASS [   0.215s] (1501/1596) phase-engine::integration defending_player_controls_combat_anchor::hazy_homunculus_controls_census_is_battlefield_scoped
        PASS [   6.842s] (1502/1596) phase-engine::integration dandan_simultaneous_draw::v7_no_prompt_opens_between_the_two_empty_draws
        PASS [   9.271s] (1503/1596) phase-engine::integration dandan_simultaneous_draw::v4_separate_libraries_reference_reading
        PASS [   0.103s] (1504/1596) phase-engine::integration format_axis_census::card_pool_authority_tables_are_built_in_one_place
        PASS [   0.046s] (1505/1596) phase-engine::integration format_axis_census::format_metadata_declares_exactly_its_committed_field_list
        PASS [   0.226s] (1506/1596) phase-engine::integration format_axis_census::format_axis_methods_carry_no_wildcard_arm
        PASS [   0.139s] (1507/1596) phase-engine::integration format_axis_census::no_caller_reintroduces_a_commander_count_literal
        PASS [   0.073s] (1508/1596) phase-engine::integration format_axis_census::no_format_axis_key_reaches_the_client_mirror
        PASS [   0.092s] (1509/1596) phase-engine::integration format_axis_census::no_caller_unwraps_legality_format
        PASS [   0.035s] (1510/1596) phase-engine::integration format_axis_census::unrestricted_card_pool_declarations_match_the_committed_list
        PASS [   0.077s] (1511/1596) phase-engine::integration issue_2918_future_sight_reveal::future_sight_keeps_library_top_revealed_to_all_players
        PASS [   0.061s] (1512/1596) phase-engine::integration issue_2918_future_sight_reveal::lantern_effect_reveals_each_players_library_top
        PASS [   5.455s] (1513/1596) phase-engine::integration dandan_wheel_split::w2_separate_libraries_shuffle_and_draw_per_player
        PASS [   0.112s] (1514/1596) phase-engine::integration issue_3653_crystal_skull::crystal_skull_carries_historic_top_of_library_permission
        PASS [   5.800s] (1515/1596) phase-engine::integration dandan_wheel_split::w1b_a_non_canonical_active_seat_is_dealt_first_and_shuffles_once
        PASS [   0.096s] (1516/1596) phase-engine::integration issue_4825_feather_the_redeemed::lilah_parses_plotted_rider_onto_carrier
        PASS [  11.358s] (1517/1596) phase-engine::integration dandan_simultaneous_draw::v3_target_players_each_draw_twenty_alternate_seats
        PASS [   0.062s] (1518/1596) phase-engine::integration loop_shortcut_offer_writer_census::the_cfg_scope_classifier_sees_four_foreign_forms_the_construction_anchor_misses
        PASS [   0.119s] (1519/1596) phase-engine::integration issue_8183_static_gate_fail_open::dandan_parses_a_condition_gated_cant_attack_static
        PASS [   0.394s] (1520/1596) phase-engine::integration issue_4825_feather_the_redeemed::countered_lilah_spell_goes_to_graveyard_and_is_not_plotted
        PASS [   0.320s] (1521/1596) phase-engine::integration issue_4825_feather_the_redeemed::lilah_exiles_multicolored_spell_and_plots_it
        PASS [   0.034s] (1522/1596) phase-engine::integration loop_shortcut_seat_pin_census::the_seat_pin_census_ignores_a_trailing_comment_mention
        PASS [   0.042s] (1523/1596) phase-engine::integration loop_shortcut_seat_pin_census::the_seat_pin_census_counts_occurrences_and_not_lines
        PASS [   0.029s] (1524/1596) phase-engine::integration loop_shortcut_seat_pin_census::the_seat_pin_census_instrument_reports_both_answers_on_planted_input
        PASS [  12.123s] (1525/1596) phase-engine::integration dandan_simultaneous_draw::v1b_the_active_player_not_the_pile_holder_is_dealt_first
        PASS [   0.120s] (1526/1596) phase-engine::integration masters_councillors::masters_councillors_pt_scales_with_graveyard_census_across_players
        PASS [   0.433s] (1527/1596) phase-engine::integration issue_8183_static_gate_fail_open::dandan_attack_legality_follows_the_defending_players_board
        PASS [   4.433s] (1528/1596) phase-engine::integration dandan_wheel_split::w3_wheel_of_fortune_discards_both_hands_then_deals
        PASS [   6.810s] (1529/1596) phase-engine::integration dandan_wheel_split::w1_days_undoing_moves_every_seat_then_shuffles_once_then_deals_fourteen
        PASS [   0.046s] (1530/1596) phase-engine::integration rules::casting::as_foretold_decline_printed_cost_does_not_consume_slot
        PASS [   0.101s] (1531/1596) phase-engine::integration rules::casting::as_foretold_dynamic_alt_cost_offered_and_consumed
        PASS [   0.087s] (1532/1596) phase-engine::integration rules::casting::as_foretold_dynamic_gate_excludes_above_threshold_spell
        PASS [   8.412s] (1533/1596) phase-engine::integration dandan_simultaneous_draw::v6c_a_pile_short_by_two_makes_both_seats_attempt_and_draws_the_game
        PASS [   0.086s] (1534/1596) phase-engine::integration rules::casting::cancel_cast_at_optional_cost_choice
        PASS [   0.136s] (1535/1596) phase-engine::integration rules::casting::bargain_additional_cost_paid_reduces_self_spell_cost
        PASS [   0.114s] (1536/1596) phase-engine::integration rules::casting::cast_spell_for_free_uses_the_named_permission_source
        PASS [   0.092s] (1537/1596) phase-engine::integration rules::casting::choice_cost_falls_through_when_preferred_unpayable
        PASS [   0.042s] (1538/1596) phase-engine::integration rules::casting::escape_card_appears_castable_with_enough_graveyard
        PASS [   0.082s] (1539/1596) phase-engine::integration rules::casting::escape_cancel_returns_to_priority
        PASS [   0.037s] (1540/1596) phase-engine::integration rules::casting::escape_card_not_castable_without_enough_graveyard
        PASS [   4.373s] (1541/1596) phase-engine::integration dandan_wheel_split::w5_empty_hands_and_graveyard_still_shuffle_once_and_deal
        PASS [   0.038s] (1542/1596) phase-engine::integration rules::casting::escape_multi_clause_not_castable_without_land
        PASS [   0.072s] (1543/1596) phase-engine::integration rules::casting::escape_multi_clause_exiles_land_then_graveyard_cards
        PASS [   0.095s] (1544/1596) phase-engine::integration rules::casting::escape_full_casting_flow
        PASS [   0.049s] (1545/1596) phase-engine::integration rules::casting::hand_only_free_cast_source_does_not_apply_to_command_zone_commander
        PASS [   0.082s] (1546/1596) phase-engine::integration rules::casting::miracle_accept_casts_for_miracle_cost
        PASS [   0.126s] (1547/1596) phase-engine::integration rules::casting::escape_variant_preserved_through_mana_payment
        PASS [   0.064s] (1548/1596) phase-engine::integration rules::casting::miracle_decline_returns_to_priority
        PASS [   0.132s] (1549/1596) phase-engine::integration rules::casting::miracle_cost_fully_reduced_casts_for_zero
        PASS [   0.093s] (1550/1596) phase-engine::integration rules::casting::miracle_cost_is_reduced_by_medallion_static
        PASS [   0.056s] (1551/1596) phase-engine::integration rules::casting::miracle_first_draw_surfaces_reveal_prompt
        PASS [   0.043s] (1552/1596) phase-engine::integration rules::casting::muldrotha_per_permanent_type_resets_at_turn_start
        PASS [   0.074s] (1553/1596) phase-engine::integration rules::casting::muldrotha_per_permanent_type_blocks_second_land_from_graveyard
        PASS [   0.095s] (1554/1596) phase-engine::integration rules::casting::miracle_sorcery_casts_during_draw_step
        PASS [   0.047s] (1555/1596) phase-engine::integration rules::casting::no_additional_cost_skips_choice
        PASS [   0.066s] (1556/1596) phase-engine::integration rules::casting::optional_blight_with_no_creatures_skips_prompt
        PASS [   0.056s] (1557/1596) phase-engine::integration rules::casting::optional_cost_paid_sets_flag
        PASS [   0.057s] (1558/1596) phase-engine::integration rules::casting::pitch_cancel_returns_to_priority
        PASS [   0.053s] (1559/1596) phase-engine::integration rules::casting::pitch_full_casting_flow
        PASS [   0.104s] (1560/1596) phase-engine::integration rules::casting::optional_cost_skipped_clears_flag
        PASS [   0.052s] (1561/1596) phase-engine::integration rules::casting::play_land_from_graveyard_with_permission
        PASS [   0.068s] (1562/1596) phase-engine::integration rules::casting::play_land_from_graveyard_respects_land_drop_limit
        PASS [   0.058s] (1563/1596) phase-engine::integration rules::casting::raise_cost_from_exile_does_not_tax_hand_cast
        PASS [   0.052s] (1564/1596) phase-engine::integration rules::casting::required_blight_with_no_creatures_rejects_cast
        PASS [   0.076s] (1565/1596) phase-engine::integration rules::casting::unqualified_free_cast_source_applies_to_dragon_commander_after_hand_only_source
        PASS [   0.124s] (1566/1596) phase-engine::integration rules::casting::rooftop_storm_grants_alternative_zero_cost_to_zombie_spells
        PASS [   0.111s] (1567/1596) phase-engine::integration rules::casting::tamiyo_emblem_allows_free_cast_from_hand
        PASS [   0.056s] (1568/1596) phase-engine::integration rules::casting::zaffai_second_cast_is_suppressed_same_turn
        PASS [   0.074s] (1569/1596) phase-engine::integration rules::casting::zaffai_once_per_turn_hand_free_casts_with_no_mana
        PASS [   0.038s] (1570/1596) phase-engine::integration source_census::tests::the_code_half_rule_separates_a_trailing_comment_from_the_code_beside_it
        PASS [  10.508s] (1571/1596) phase-engine::integration dandan_simultaneous_draw::v6b_a_pile_short_by_one_loses_only_the_second_seat
        PASS [   8.312s] (1572/1596) phase-engine::integration dandan_wheel_split::w3_standard_deals_each_player_in_turn
        PASS [   7.271s] (1573/1596) phase-engine::integration dandan_wheel_split::w4_timetwister_is_the_same_class_as_days_undoing
        PASS [   0.041s] (1574/1596) phase-engine::integration top_of_library_object_form_permission::object_form_permission_carries_typed_gate
        PASS [   0.081s] (1575/1596) phase-engine::integration top_of_library_object_form_permission::object_form_permission_gates_land_play_on_source_state
        PASS [   0.083s] (1576/1596) phase-engine::integration top_of_library_object_form_permission::object_form_permission_plays_the_top_land
        PASS [   0.038s] (1577/1596) phase-engine::integration waiting_for_actor_authority_census::mulligan_adapters_preserve_the_single_pending_actor_rule
        PASS [  10.178s] (1578/1596) phase-engine::integration dandan_wheel_split::w1e_end_the_turn_follows_the_last_dealt_card
        PASS [   1.937s] (1579/1596) phase-engine::integration waiting_for_actor_authority_census::every_waiting_for_arm_declares_its_acting_authority
        PASS [   0.074s] (1580/1596) phase-engine::bin/resolution-face-census tests::export_identity_census_excludes_mixed_audited_layout_pairs
        PASS [   0.024s] (1581/1596) phase-engine::bin/resolution-face-census tests::export_identity_census_reports_non_candidates_without_widening_candidates
        PASS [   6.534s] (1582/1596) phase-engine::integration mystic_forge_regression::future_sight_surfaces_non_land_top_of_library
        PASS [   6.611s] (1583/1596) phase-engine::integration mystic_forge_regression::mystic_forge_surfaces_colorless_artifact_on_library_top
        PASS [   8.635s] (1584/1596) phase-engine::integration deterministic_game_state_serde::serde_hash_owner_census_is_exhaustive_and_every_canonical_owner_names_its_adapter
        PASS [   9.909s] (1585/1596) phase-engine::integration dandan_wheel_split::w6_a_pile_of_twelve_draws_the_game_and_thirteen_loses_only_the_second_seat
        PASS [   5.614s] (1586/1596) phase-engine::integration top_of_library_mixed_permission::mixed_unlimited_and_once_per_turn_does_not_burn_bounded_slot
        PASS [   7.849s] (1587/1596) phase-engine::integration loop_shortcut_seat_pin_census::no_target_class_producer_constructs_a_choice_class_player_pin
        PASS [   8.073s] (1588/1596) phase-engine::integration mystic_forge_regression::no_static_means_top_of_library_not_castable
        PASS [   6.883s] (1589/1596) phase-engine::integration top_of_library_mixed_permission::pure_once_per_turn_burns_slot_and_hides_next_top_spell
        PASS [   8.750s] (1590/1596) phase-engine::integration mystic_forge_regression::future_sight_surfaces_land_on_top_of_library
        PASS [   7.990s] (1591/1596) phase-engine::integration source_census::tests::no_source_reading_file_carries_a_private_comment_policy
        PASS [   9.778s] (1592/1596) phase-engine::integration mulligan_serum_powder_scope::v1_dandan_powder_is_offered_only_to_the_seat_holding_it
        PASS [   8.942s] (1593/1596) phase-engine::integration text_substitution_cr612::carrier_census_classifies_every_word_position_and_round_trips
        PASS [  16.239s] (1594/1596) phase-engine::integration loop_shortcut_offer_writer_census::the_loop_shortcut_offer_writer_surface_is_pinned_and_every_declare_site_validates_pins
        PASS [  35.204s] (1595/1596) phase-engine::integration wba_loop_firewall_interposition::unactivated_ability_relief_offers_on_three_real_census_lands
        PASS [  35.961s] (1596/1596) phase-engine::integration wba_loop_firewall_interposition::spent_self_entry_relief_offers_on_three_real_entry_census_lands
────────────
     Summary [ 162.193s] 1596 tests run: 1596 passed (1 slow), 31472 skipped
done rc=0
